Situação,Cod. Registro,Instituto,Cargo,Abrangência,Turno,Cenário,Candidato,Partido,Pontuação (%),Margem de Erro,Divulgação,Fonte de Coleta
F,BR-00878/2026,Paraná Pesquisas,Presidente,Paraná,1,Cenário 1,Ratinho Junior,,"40,00%","2,80%",23/01/2026,
F,BR-00878/2026,Paraná Pesquisas,Presidente,Paraná,1,Cenário 1,Flávio Bolsonaro,,"24,40%","2,80%",23/01/2026,
F,BR-00878/2026,Paraná Pesquisas,Presidente,Paraná,1,Cenário 1,Lula,,"21,50%","2,80%",23/01/2026,
F,BR-00878/2026,Paraná Pesquisas,Presidente,Paraná,1,Cenário 2,Tarcísio de Freitas,,"29,50%","2,80%",23/01/2026,
F,PR-08451/2026,Paraná Pesquisas,Governador,Paraná,1,Cenário 1,Sergio Moro,,"41,60%","2,80%",23/01/2026,
F,PR-08451/2026,Paraná Pesquisas,Governador,Paraná,1,Cenário 1,Alvaro Dias,,"19,70%","2,80%",23/01/2026,
F,PR-08451/2026,Paraná Pesquisas,Governador,Paraná,1,Cenário 1,Requião Filho,,"19,50%","2,80%",23/01/2026,
F,PR-08451/2026,Paraná Pesquisas,Senador,Paraná,1,Cenário 1,Alvaro Dias,,"47,50%","2,80%",23/01/2026,
F,PR-08451/2026,Paraná Pesquisas,Senador,Paraná,1,Cenário 1,Alexandre Curi,,"36,20%","2,80%",23/01/2026,
F,PR-08451/2026,Paraná Pesquisas,Senador,Paraná,1,Cenário 1,Cristina Graeml,,"26,00%","2,80%",23/01/2026,
F,PA-04089/2026,RealTime BigData,Governador,Pará,1,Cenário 1,Hana Ghassan,MDB,26%,"2,00%",05/02/2026,
F,PA-04089/2026,RealTime BigData,Governador,Pará,1,Cenário 1,Dr. Daniel Santos,Pode,22%,"2,00%",05/02/2026,
F,PA-04089/2026,RealTime BigData,Governador,Pará,1,Cenário 1,Paulo Rocha,PT,15%,"2,00%",05/02/2026,
F,PA-04089/2026,RealTime BigData,Senador,Pará,1,Cenário 1,Helder Barbalho,MDB,41%,"2,00%",05/02/2026,
F,PA-04089/2026,RealTime BigData,Senador,Pará,1,Cenário 1,Simão Jatene,,14%,"2,00%",05/02/2026,
F,BR-06815/2026,RealTime BigData,Presidente,Pará,1,Cenário 1,Lula,PT,43%,"2,00%",05/02/2026,
F,BR-06815/2026,RealTime BigData,Presidente,Pará,1,Cenário 1,Flávio Bolsonaro,PL,25%,"2,00%",05/02/2026,
F,PE-09595/2026,Datafolha,Governador,Pernambuco,1,Cenário 1,João Campos,PSB,47%,"3,0 p,p,",08/02/2026,
F,PE-09595/2026,Datafolha,Governador,Pernambuco,1,Cenário 1,Raquel Lyra,PSD,35%,"3,0 p,p,",08/02/2026,
F,PE-09595/2026,Datafolha,Governador,Pernambuco,1,Cenário 1,Ivan Moraes,PSOL,1%,"3,0 p,p,",08/02/2026,
F,PE-09595/2026,Datafolha,Governador,Pernambuco,2,Cenário 1,João Campos,PSB,53%,"3,0 p,p,",08/02/2026,
F,PE-09595/2026,Datafolha,Governador,Pernambuco,2,Cenário 1,Raquel Lyra,PSD,40%,"3,0 p,p,",08/02/2026,
F,AP-07630/2026,RealTime BigData,Governador,Amapá,1,Cenário 1,Dr. Furlan,MDB,66%,2,10/02/2026,
F,AP-07630/2026,RealTime BigData,Governador,Amapá,1,Cenário 1,Clécio Luís,União Brasil,29%,2,10/02/2026,
F,AP-07630/2026,RealTime BigData,Senador,Amapá,1,Cenário 1,Rayssa Furlan,Pode,33%,2,10/02/2026,
F,AP-07630/2026,RealTime BigData,Senador,Amapá,1,Cenário 1,Randolfe Rodrigues,PT,20%,2,10/02/2026,
F,BR-00789/2026,RealTime BigData,Presidente,Amapá,1,Cenário 1,Lula,PT,34%,2,10/02/2026,
F,BR-00789/2026,RealTime BigData,Presidente,Amapá,1,Cenário 1,Flávio Bolsonaro,PL,22%,2,10/02/2026,
F,PE-09944/2026,RealTime BigData,Governador,Pernambuco,1,Cenário 1,João Campos,PSB,51%,2,11/02/2026,
F,PE-09944/2026,RealTime BigData,Governador,Pernambuco,1,Cenário 1,Raquel Lyra,PSD,31%,2,11/02/2026,
F,PE-09944/2026,RealTime BigData,Governador,Pernambuco,1,Cenário 1,Ivan Moraes,PSOL,3%,2,11/02/2026,
,CE-08478/2026,Paraná Pesquisas,Governador,Ceará,1,Cenário 1,Ciro Gomes,PSDB,"42,5","2,6",03/03/2026,FALTA INFORMAÇÃO
,CE-08478/2026,Paraná Pesquisas,Governador,Ceará,1,Cenário 1,Elmano de Freitas,PT,"35,1","2,6",03/03/2026,FALTA INFORMAÇÃO
,CE-08478/2026,Paraná Pesquisas,Governador,Ceará,1,Cenário 1,Capitão Wagner,União Brasil,"12,3","2,6",03/03/2026,FALTA INFORMAÇÃO
,CE-08478/2026,Paraná Pesquisas,Governador,Ceará,1,Cenário 1,Branco/Nulo/Nenhum,,"6,2","2,6",03/03/2026,FALTA INFORMAÇÃO
,CE-08478/2026,Paraná Pesquisas,Governador,Ceará,1,Cenário 1,Indeciso/não sabe,,"3,9","2,6",03/03/2026,FALTA INFORMAÇÃO
,CE-08478/2026,Paraná Pesquisas,Senador,Ceará,1,Cenário 1,Cid Gomes,PSB,"51,20","2,6",03/03/2026,FALTA INFORMAÇÃO
,CE-08478/2026,Paraná Pesquisas,Senador,Ceará,1,Cenário 1,Capitão Wagner,União Brasil,"39,80","2,6",03/03/2026,FALTA INFORMAÇÃO
,CE-08478/2026,Paraná Pesquisas,Senador,Ceará,1,Cenário 1,Eunício Oliveira,MDB,"20,4","2,6",03/03/2026,FALTA INFORMAÇÃO
,CE-08478/2026,Paraná Pesquisas,Senador,Ceará,1,Cenário 1,Branco/Nulo/Nenhum,,"52,10","2,6",03/03/2026,FALTA INFORMAÇÃO
,CE-08478/2026,Paraná Pesquisas,Senador,Ceará,1,Cenário 1,Indeciso/não sabe,,"36,50","2,6",03/03/2026,FALTA INFORMAÇÃO
F,BR-00094/2026,Paraná Pesquisas,Presidente,Minas Gerais,1,Cenário 1,Lula,PT,"36,70%",#ERROR!,09/03/2026,
F,BR-00094/2026,Paraná Pesquisas,Presidente,Minas Gerais,1,Cenário 1,Flávio Bolsonaro,PL,"32,10%",#ERROR!,09/03/2026,
F,BR-00094/2026,Paraná Pesquisas,Presidente,Minas Gerais,1,Cenário 1,Romeu Zema,NOVO,"14,40%",#ERROR!,09/03/2026,
F,MG-03797/2026,Paraná Pesquisas,Governador,Minas Gerais,1,Cenário 1,Cleitinho Azevedo,Republicanos,"45,60%",#ERROR!,09/03/2026,
F,MG-03797/2026,Paraná Pesquisas,Governador,Minas Gerais,1,Cenário 1,Rodrigo Pacheco,PSD,"18,40%",#ERROR!,09/03/2026,
F,MG-03797/2026,Paraná Pesquisas,Senador,Minas Gerais,1,Cenário 1,Carlos Viana,PODE,"32,20%",#ERROR!,09/03/2026,
F,MG-03797/2026,Paraná Pesquisas,Senador,Minas Gerais,1,Cenário 1,Aécio Neves,PSDB,"26,10%",#ERROR!,09/03/2026,
F,BR-01902/26,RealTime BigData,Presidente,São Paulo,1,Cenário 1,Flávio Bolsonaro,PL,38%,2,09/03/2026,
F,BR-01902/26,RealTime BigData,Presidente,São Paulo,1,Cenário 1,Lula,PT,34%,2,09/03/2026,
F,BR-01902/26,RealTime BigData,Presidente,São Paulo,1,Cenário 1,Ratinho Jr.,PSD,9%,2,09/03/2026,
F,BR-01902/26,RealTime BigData,Presidente,São Paulo,1,Cenário 1,Romeu Zema,Novo,4%,2,09/03/2026,
F,BR-01902/26,RealTime BigData,Presidente,São Paulo,1,Cenário 1,Aldo Rebelo,DC,2%,2,09/03/2026,
F,BR-01902/26,RealTime BigData,Presidente,São Paulo,1,Cenário 1,Renan Santos,Missão,2%,2,09/03/2026,
F,SP-00705/26,RealTime BigData,Governador,São Paulo,1,Cenário 1,Tarcísio de Freitas,Republicanos,47%,2,09/03/2026,
F,SP-00705/26,RealTime BigData,Governador,São Paulo,1,Cenário 1,Fernando Haddad,PT,31%,2,09/03/2026,
F,SP-00705/26,RealTime BigData,Governador,São Paulo,1,Cenário 1,Kim Kataguiri,Missão,8%,2,09/03/2026,
F,SP-00705/26,RealTime BigData,Governador,São Paulo,1,Cenário 1,Paulo Serra,PSDB,7%,2,09/03/2026,
F,SP-00705/26,RealTime BigData,Senador,São Paulo,1,Cenário 1,Simone Tebet,MDB,16%,2,09/03/2026,
F,SP-00705/26,RealTime BigData,Senador,São Paulo,1,Cenário 1,Guilherme Derrite,PP,15%,2,09/03/2026,
F,SP-00705/26,RealTime BigData,Senador,São Paulo,1,Cenário 1,Marina Silva,Rede,15%,2,09/03/2026,
F,SP-00705/26,RealTime BigData,Senador,São Paulo,1,Cenário 1,Ricardo Salles,Novo,12%,2,09/03/2026,
F,SP-00705/26,RealTime BigData,Senador,São Paulo,1,Cenário 1,Coronel Mello Araújo,PL,11%,2,09/03/2026,
F,SP-00705/26,RealTime BigData,Senador,São Paulo,1,Cenário 1,Paulinho da Força,Solidariedade,6%,2,09/03/2026,
F,MA-00634/2026,Paraná Pesquisas,Governador,Maranhão,1,Cenário 1,Eduardo Braide,PSD,"34,60%","2,8 p,p,",10/03/2026,
F,MA-00634/2026,Paraná Pesquisas,Governador,Maranhão,1,Cenário 1,Orleans Brandão,MDB,"30,30%","2,8 p,p,",10/03/2026,
F,MA-00634/2026,Paraná Pesquisas,Governador,Maranhão,1,Cenário 1,Lahesio Bonfim,Novo,"16,10%","2,8 p,p,",10/03/2026,
F,MA-00634/2026,Paraná Pesquisas,Governador,Maranhão,1,Cenário 1,Felipe Camarão,PT,"6,90%","2,8 p,p,",10/03/2026,
F,MA-00634/2026,Paraná Pesquisas,Governador,Maranhão,2,Cenário 2,Eduardo Braide,PSD,"47,30%","2,8 p,p,",10/03/2026,
F,MA-00634/2026,Paraná Pesquisas,Governador,Maranhão,2,Cenário 2,Orleans Brandão,MDB,"39,10%","2,8 p,p,",10/03/2026,
F,MA-00634/2026,Paraná Pesquisas,Governador,Maranhão,2,Cenário 3,Orleans Brandão,MDB,"47,10%","2,8 p,p,",10/03/2026,
F,MA-00634/2026,Paraná Pesquisas,Governador,Maranhão,2,Cenário 3,Lahesio Bonfim,Novo,"36,80%","2,8 p,p,",10/03/2026,
F,MA-00634/2026,Paraná Pesquisas,Senador,Maranhão,1,Cenário 1,Orleans Brandão,MDB,"34,60%","2,8 p,p,",10/03/2026,
F,MA-00634/2026,Paraná Pesquisas,Senador,Maranhão,1,Cenário 1,Roberto Rocha,PRTB,"27,80%","2,8 p,p,",10/03/2026,
F,MA-00634/2026,Paraná Pesquisas,Senador,Maranhão,1,Cenário 1,Weverton Rocha,PDT,"20,50%","2,8 p,p,",10/03/2026,
F,BR-07946/2026,RealTime BigData,Presidente,Bahia,1,Cenário 1,Lula,PT,55%,2,11/03/2026,
F,BR-07946/2026,RealTime BigData,Presidente,Bahia,1,Cenário 1,Flávio Bolsonaro,PL,22%,2,11/03/2026,
F,RJ-04191/2026,RealTime BigData,Governador,Rio de Janeiro,1,Cenário 1,Eduardo Paes,PSD,46%,2,11/03/2026,
F,RJ-04191/2026,RealTime BigData,Governador,Rio de Janeiro,1,Cenário 1,Douglas Ruas,PL,13%,2,11/03/2026,
F,RJ-04191/2026,RealTime BigData,Governador,Rio de Janeiro,1,Cenário 1,Ítalo Marsili,Novo,5%,2,11/03/2026,
F,RJ-04191/2026,RealTime BigData,Governador,Rio de Janeiro,1,Cenário 1,Wilson Witzel,DC,5%,2,11/03/2026,
F,RJ-04191/2026,RealTime BigData,Governador,Rio de Janeiro,1,Cenário 1,William Siri,PSOL,3%,2,11/03/2026,
F,RJ-04191/2026,RealTime BigData,Governador,Rio de Janeiro,1,Cenário 1,Bombeiro Rafa Luz,Missão,2%,2,11/03/2026,
F,RJ-04191/2026,RealTime BigData,Governador,Rio de Janeiro,1,Cenário 1,Branco/Nulo/Nenhum,,10%,2,11/03/2026,
F,RJ-04191/2026,RealTime BigData,Governador,Rio de Janeiro,1,Cenário 1,Indeciso/não sabe,,16%,2,11/03/2026,
F,BR-04367/2026,RealTime BigData,Presidente,Rio de Janeiro,1,Cenário 1,Flávio Bolsonaro,PL,40%,2,11/03/2026,
F,BR-04367/2026,RealTime BigData,Presidente,Rio de Janeiro,1,Cenário 1,Lula,PT,35%,2,11/03/2026,
F,BR-04367/2026,RealTime BigData,Presidente,Rio de Janeiro,1,Cenário 1,Ratinho Jr.,PSD,6%,2,11/03/2026,
F,BR-04367/2026,RealTime BigData,Presidente,Rio de Janeiro,1,Cenário 1,Romeu Zema,Novo,4%,2,11/03/2026,
F,BA-08855/2026,RealTime BigData,Governador,Bahia,1,Cenário 1,ACM Neto,União Brasil,44%,2,12/03/2026,
F,BA-08855/2026,RealTime BigData,Governador,Bahia,1,Cenário 1,Jerônimo Rodrigues,PT,39%,2,12/03/2026,
F,BR-05044/2026,RealTime BigData,Presidente,Minas Gerais,1,Cenário 1,Lula,PT,35%,#ERROR!,12/03/2026,
F,BR-05044/2026,RealTime BigData,Presidente,Minas Gerais,1,Cenário 1,Flávio Bolsonaro,PL,31%,#ERROR!,12/03/2026,
F,PR-06254/2026,Paraná Pesquisas,Governador,Paraná,1,Cenário 1,Sergio Moro,,"44,00%","2,60%",12/03/2026,
F,PR-06254/2026,Paraná Pesquisas,Governador,Paraná,1,Cenário 1,Requião Filho,,"23,10%","2,60%",12/03/2026,
F,PR-06254/2026,Paraná Pesquisas,Governador,Paraná,1,Cenário 1,Alexandre Curi,,"11,30%","2,60%",12/03/2026,
F,PR-06254/2026,Paraná Pesquisas,Senador,Paraná,1,Cenário 1,Alvaro Dias,,"49,60%","2,60%",12/03/2026,
F,PR-06254/2026,Paraná Pesquisas,Senador,Paraná,1,Cenário 1,Alexandre Curi,,"33,70%","2,60%",12/03/2026,
F,BR-06087/2026,Paraná Pesquisas,Presidente,Espírito Santo,1,Cenário 1,Flávio Bolsonaro,PL,"41,50%","2,60%",13/03/2026,
F,BR-06087/2026,Paraná Pesquisas,Presidente,Espírito Santo,1,Cenário 1,Lula,PT,"35,50%","2,60%",13/03/2026,
F,BR-06087/2026,Paraná Pesquisas,Presidente,Espírito Santo,1,Cenário 1,Ratinho Junior,PSDB,"3,30%","2,60%",13/03/2026,
F,BR-06087/2026,Paraná Pesquisas,Presidente,Espírito Santo,1,Cenário 1,Romeu Zema,Novo,"2,50%","2,60%",13/03/2026,
F,BR-06087/2026,Paraná Pesquisas,Presidente,Espírito Santo,1,Cenário 1,Tereza Cristina,PP,"2,10%","2,60%",13/03/2026,
F,BR-06087/2026,Paraná Pesquisas,Presidente,Espírito Santo,1,Cenário 1,Renan Santos,MDB,"1,60%","2,60%",13/03/2026,
F,BR-06087/2026,Paraná Pesquisas,Presidente,Espírito Santo,1,Cenário 1,Aldo Rebelo,,"0,60%","2,60%",13/03/2026,
F,BR-06087/2026,Paraná Pesquisas,Presidente,Espírito Santo,2,Cenário 2,Flávio Bolsonaro,PL,"49,50%","2,60%",13/03/2026,
F,BR-06087/2026,Paraná Pesquisas,Presidente,Espírito Santo,2,Cenário 2,Lula,MDB,"39,70%","2,60%",13/03/2026,
F,BR-06087/2026,Paraná Pesquisas,Presidente,Espírito Santo,2,Cenário 3,Lula,PT,"41,00%","2,60%",13/03/2026,
F,BR-06087/2026,Paraná Pesquisas,Presidente,Espírito Santo,2,Cenário 3,Ratinho Junior,PSDB,"40,30%","2,60%",13/03/2026,
F,ES-05588/2026,Paraná Pesquisas,Governador,Espírito Santo,1,Cenário 1,Lorenzo Pazolini,Republicanos,"42,00%","2,60%",13/03/2026,
F,ES-05588/2026,Paraná Pesquisas,Governador,Espírito Santo,1,Cenário 1,Ricardo Ferraço,MDB,"36,10%","2,60%",13/03/2026,
F,ES-05588/2026,Paraná Pesquisas,Governador,Espírito Santo,1,Cenário 1,Helder Salomão,PT,"9,10%","2,60%",13/03/2026,
F,ES-05588/2026,Paraná Pesquisas,Governador,Espírito Santo,1,Cenário 2,Ricardo Ferraço,MDB,"45,30%","2,60%",13/03/2026,
F,ES-05588/2026,Paraná Pesquisas,Governador,Espírito Santo,1,Cenário 2,Arnaldinho Borgo,,"19,10%","2,60%",13/03/2026,
F,ES-05588/2026,Paraná Pesquisas,Governador,Espírito Santo,1,Cenário 2,Helder Salomão,PT,"10,90%","2,60%",13/03/2026,
F,ES-05588/2026,Paraná Pesquisas,Governador,Espírito Santo,2,Cenário 1,Lorenzo Pazolini,Republicanos,"47,30%","2,60%",13/03/2026,
F,ES-05588/2026,Paraná Pesquisas,Governador,Espírito Santo,2,Cenário 1,Ricardo Ferraço,MDB,"40,80%","2,60%",13/03/2026,
F,ES-05588/2026,Paraná Pesquisas,Governador,Espírito Santo,2,Cenário 2,Lorenzo Pazolini,Republicanos,"58,90%","2,60%",13/03/2026,
F,ES-05588/2026,Paraná Pesquisas,Governador,Espírito Santo,2,Cenário 2,Helder Salomão,PT,"16,10%","2,60%",13/03/2026,
F,ES-05588/2026,Paraná Pesquisas,Governador,Espírito Santo,2,Cenário 3,Ricardo Ferraço,MDB,"52,70%","2,60%",13/03/2026,
F,ES-05588/2026,Paraná Pesquisas,Governador,Espírito Santo,2,Cenário 3,Arnaldinho Borgo,,"23,90%","2,60%",13/03/2026,
F,ES-05588/2026,Paraná Pesquisas,Senador,Espírito Santo,1,Cenário 1,Renato Casagrande,,"57,80%","2,60%",13/03/2026,
F,ES-05588/2026,Paraná Pesquisas,Senador,Espírito Santo,1,Cenário 1,Lorenzo Pazolini,Republicanos,"39,50%","2,60%",13/03/2026,
F,ES-05588/2026,Paraná Pesquisas,Senador,Espírito Santo,1,Cenário 1,Sergio Menegueli,,"21,90%","2,60%",13/03/2026,
F,ES-05588/2026,Paraná Pesquisas,Senador,Espírito Santo,1,Cenário 2,Renato Casagrande,,"52,10%","2,60%",13/03/2026,
F,ES-05588/2026,Paraná Pesquisas,Senador,Espírito Santo,1,Cenário 2,Paulo Hartung,PSD,"21,70%","2,60%",13/03/2026,
F,MG-06562/2026,RealTime BigData,Governador,Minas Gerais,1,Cenário 2,Cleitinho Azevedo,Republicanos,39%,#ERROR!,13/03/2026,
F,MG-06562/2026,RealTime BigData,Governador,Minas Gerais,1,Cenário 2,Rodrigo Pacheco,PSD,19%,#ERROR!,13/03/2026,
F,MG-06562/2026,RealTime BigData,Senador,Minas Gerais,1,Cenário 1,Marília Campos,PT,20%,#ERROR!,13/03/2026,
F,BR-02944/2026,Quaest,Governador,Amazonas,1,Cenário 1,Wilson Lima,,"42,00",3,14/03/2026,https://quaest.com.br/wp-content/uploads/2026/03/RELATÓRIOAMAZONASMAR26.pdf
F,BR-02944/2026,Quaest,Governador,Amazonas,1,Cenário 1,David Almeida,,"19,00",3,14/03/2026,https://quaest.com.br/wp-content/uploads/2026/03/RELATÓRIOAMAZONASMAR26.pdf
F,BR-02944/2026,Quaest,Governador,Amazonas,1,Cenário 1,Eduardo Braga,,"12,00",3,14/03/2026,https://quaest.com.br/wp-content/uploads/2026/03/RELATÓRIOAMAZONASMAR26.pdf
F,BR-02944/2026,Quaest,Governador,Amazonas,1,Cenário 1,Capitão Alberto Neto,,"8,00",3,14/03/2026,https://quaest.com.br/wp-content/uploads/2026/03/RELATÓRIOAMAZONASMAR26.pdf
F,BR-02944/2026,Quaest,Governador,Amazonas,1,Cenário 1,Anne Moura,,"2,00",3,14/03/2026,https://quaest.com.br/wp-content/uploads/2026/03/RELATÓRIOAMAZONASMAR26.pdf
F,BR-02944/2026,Quaest,Governador,Amazonas,1,Cenário 1,Branco/Nulo/Nenhum,,"11,00",3,14/03/2026,https://quaest.com.br/wp-content/uploads/2026/03/RELATÓRIOAMAZONASMAR26.pdf
F,BR-02944/2026,Quaest,Governador,Amazonas,1,Cenário 1,Indeciso/não sabe,,"6,00",3,14/03/2026,https://quaest.com.br/wp-content/uploads/2026/03/RELATÓRIOAMAZONASMAR26.pdf
F,BR-02944/2026,Quaest,Governador,Amazonas,2,Cenário 1,Wilson Lima,,"52,00",3,14/03/2026,https://quaest.com.br/wp-content/uploads/2026/03/RELATÓRIOAMAZONASMAR26.pdf
F,BR-02944/2026,Quaest,Governador,Amazonas,2,Cenário 1,David Almeida,,"34,00",3,14/03/2026,https://quaest.com.br/wp-content/uploads/2026/03/RELATÓRIOAMAZONASMAR26.pdf
F,BR-02944/2026,Quaest,Governador,Amazonas,2,Cenário 2,Wilson Lima,,"58,00",3,14/03/2026,https://quaest.com.br/wp-content/uploads/2026/03/RELATÓRIOAMAZONASMAR26.pdf
F,BR-02944/2026,Quaest,Governador,Amazonas,2,Cenário 2,Eduardo Braga,,"27,00",3,14/03/2026,https://quaest.com.br/wp-content/uploads/2026/03/RELATÓRIOAMAZONASMAR26.pdf
F,BR-06594/2026 e RN-02267/2026,AtlasIntel,Presidente,Rio Grande do Norte,2,Lula x Flávio Bolsonaro,Indeciso/Não sabe,,,,14/03/2026,https://quaest.com.br/wp-content/uploads/2026/03/RELATÓRIOAMAZONASMAR26.pdf
F,AP-00767/2026,Paraná Pesquisas,Governador,Amapá,1,Cenário 1,Dr. Furlan,MDB,"65,10%","±2,9%",17/03/2026,
F,AP-00767/2026,Paraná Pesquisas,Governador,Amapá,1,Cenário 1,Clécio,,"25,30%","±2,9%",17/03/2026,
F,AP-00767/2026,Paraná Pesquisas,Senador,Amapá,1,Cenário 1,Rayssa Furlan,,"63,80%","±2,9%",17/03/2026,
F,BR-04665/2026,RealTime BigData,Presidente,Rio Grande do Sul,1,Cenário 1,Lula,PT,40%,"2,00%",17/03/2026,
F,BR-04665/2026,RealTime BigData,Presidente,Rio Grande do Sul,1,Cenário 1,Flávio Bolsonaro,PL,40%,"2,00%",17/03/2026,
F,BR-04665/2026,RealTime BigData,Presidente,Rio Grande do Sul,1,Cenário 2,Lula,PT,39%,2,17/03/2026,
F,BR-04665/2026,RealTime BigData,Presidente,Rio Grande do Sul,1,Cenário 2,Eduardo Leite,PSD,16%,2,17/03/2026,
F,RS-02550/2026,RealTime BigData,Governador,Rio Grande do Sul,1,Cenário 1,Luciano Zucco,PL,31%,2,17/03/2026,
F,RS-02550/2026,RealTime BigData,Governador,Rio Grande do Sul,1,Cenário 1,Juliana Brizola,PDT,24%,2,17/03/2026,
F,RS-02550/2026,RealTime BigData,Governador,Rio Grande do Sul,1,Cenário 1,Edegar Pretto,PT,19%,2,17/03/2026,
F,RS-02550/2026,RealTime BigData,Governador,Rio Grande do Sul,2,Cenário 4,Luciano Zucco,PL,40%,2,17/03/2026,
F,RS-02550/2026,RealTime BigData,Governador,Rio Grande do Sul,2,Cenário 4,Juliana Brizola,PDT,37%,2,17/03/2026,
F,RS-02550/2026,RealTime BigData,Senador,Rio Grande do Sul,1,Cenário 1,Marcel Van Hatten,Novo,20%,2,17/03/2026,
F,RS-02550/2026,RealTime BigData,Senador,Rio Grande do Sul,1,Cenário 1,Manuela D'Ávila,PSOL,19%,2,17/03/2026,
F,BR-07004/2026,Paraná Pesquisas,Presidente,Amapá,1,Cenário 1,Flávio Bolsonaro,PL,"41,50%","±2,9%",18/03/2026,
F,BR-07004/2026,Paraná Pesquisas,Presidente,Amapá,1,Cenário 1,Lula,PT,"35,10%","±2,9%",18/03/2026,
F,AM-06921/2026,AtlasIntel,Governador,Amazonas,1,Cenário 1,Maria do Carmo Seffair,PL,"42,00","±3 p,p,",18/03/2026,[5]
F,AM-06921/2026,AtlasIntel,Governador,Amazonas,1,Cenário 1,Omar Aziz,PSD,"40,10","±3 p,p,",18/03/2026,[5]
F,AM-06921/2026,AtlasIntel,Governador,Amazonas,1,Cenário 1,David Almeida,Avante,"10,00","±3 p,p,",18/03/2026,[5]
F,AM-06921/2026,AtlasIntel,Governador,Amazonas,1,Cenário 1,Tadeu de Souza,PP,"1,00","±3 p,p,",18/03/2026,[5]
F,AM-06921/2026,AtlasIntel,Governador,Amazonas,1,Cenário 2,Maria do Carmo Seffair,PL,"42,30","±3 p,p,",18/03/2026,[5]
F,AM-06921/2026,AtlasIntel,Governador,Amazonas,1,Cenário 2,Omar Aziz,PSD,"40,40","±3 p,p,",18/03/2026,[5]
F,AM-06921/2026,AtlasIntel,Governador,Amazonas,1,Cenário 2,David Almeida,Avante,"9,80","±3 p,p,",18/03/2026,[5]
F,AM-06921/2026,AtlasIntel,Governador,Amazonas,1,Cenário 3,Maria do Carmo Seffair,PL,"42,90","±3 p,p,",18/03/2026,[5]
F,AM-06921/2026,AtlasIntel,Governador,Amazonas,1,Cenário 3,Omar Aziz (apoiado por Lula),PSD,"40,30","±3 p,p,",18/03/2026,[5]
F,AM-06921/2026,AtlasIntel,Senador,Amazonas,1,Cenário 1,Capitão Alberto Neto,PL,"24,00","±3 p,p,",18/03/2026,[5]
F,AM-06921/2026,AtlasIntel,Senador,Amazonas,1,Cenário 1,Eduardo Braga,MDB,"19,30","±3 p,p,",18/03/2026,[5]
F,AM-06921/2026,AtlasIntel,Presidente,Amazonas,1,Cenário 1,Lula,PT,"45,40","±3 p,p,",18/03/2026,[5]
F,AM-06921/2026,AtlasIntel,Presidente,Amazonas,1,Cenário 1,Flávio Bolsonaro,PL,"41,90","±3 p,p,",18/03/2026,[5]
F,BR-08833/2026,RealTime BigData,Presidente,Goiás,1,Cenário 1,Flávio Bolsonaro,PL,43%,2,18/03/2026,
F,BR-08833/2026,RealTime BigData,Presidente,Goiás,1,Cenário 1,Lula,PT,34%,2,18/03/2026,
F,BR-08833/2026,RealTime BigData,Presidente,Goiás,1,Cenário 3,Ronaldo Caiado,PSD,36%,2,18/03/2026,
F,GO-07569/2026,RealTime BigData,Governador,Goiás,1,Cenário 1,Daniel Vilela,MDB,34%,2,18/03/2026,
F,GO-07569/2026,RealTime BigData,Governador,Goiás,1,Cenário 1,Marconi Perillo,PSDB,24%,2,18/03/2026,
F,GO-07569/2026,RealTime BigData,Senador,Goiás,1,Cenário 1,Gracinha Caiado,União Brasil,28%,2,18/03/2026,
F,PI-06908/2026,AtlasIntel,Governador,Piauí,1,Cenário 1,Margarete Coelho,PP,"16,50%","±3 p,p,",18/03/2026,
F,PI-06908/2026,AtlasIntel,Governador,Piauí,1,Cenário 1,Toni Rodrigues,PL,"8,80%","±3 p,p,",18/03/2026,
F,PI-06908/2026,AtlasIntel,Governador,Piauí,1,Cenário 1,Tonny Kerley,Novo,"3,10%","±3 p,p,",18/03/2026,
F,PI-06908/2026,AtlasIntel,Governador,Piauí,1,Cenário 1,Mainha,Pode,"2,30%","±3 p,p,",18/03/2026,
F,PI-06908/2026,AtlasIntel,Governador,Piauí,1,Cenário 1,Lourdes Melo,PCO,"1,30%","±3 p,p,",18/03/2026,
F,PI-06908/2026,AtlasIntel,Governador,Piauí,1,Cenário 1,Lúcia Santos,PSDB,"0,50%","±3 p,p,",18/03/2026,
F,PI-06908/2026,AtlasIntel,Governador,Piauí,1,Cenário 2,Joel Rodrigues,PP,"33,80%","±3 p,p,",18/03/2026,
F,PI-06908/2026,AtlasIntel,Governador,Piauí,1,Cenário 2,Toni Rodrigues,PL,"3,30%","±3 p,p,",18/03/2026,
F,PI-06908/2026,AtlasIntel,Governador,Piauí,1,Cenário 2,Tonny Kerley,Novo,"1,90%","±3 p,p,",18/03/2026,
F,PI-06908/2026,AtlasIntel,Governador,Piauí,1,Cenário 2,Lúcia Santos,PSDB,"1,40%","±3 p,p,",18/03/2026,
F,PI-06908/2026,AtlasIntel,Governador,Piauí,1,Cenário 2,Lourdes Melo,PCO,"1,30%","±3 p,p,",18/03/2026,
F,PI-06908/2026,AtlasIntel,Governador,Piauí,1,Cenário 2,Mainha,Pode,"1,40%","±3 p,p,",18/03/2026,
F,PI-06908/2026,AtlasIntel,Senador,Piauí,1,Cenário 1,Marcelo Castro,MDB,"24,50%","±3 p,p,",18/03/2026,
F,PI-06908/2026,AtlasIntel,Senador,Piauí,1,Cenário 1,Júlio César,PSD,"17,90%","±3 p,p,",18/03/2026,
F,PI-06908/2026,AtlasIntel,Senador,Piauí,1,Cenário 1,Ciro Nogueira,PP,"17,70%","±3 p,p,",18/03/2026,
F,PI-06908/2026,AtlasIntel,Senador,Piauí,1,Cenário 1,Tiago Junqueira,PL,"6,40%","±3 p,p,",18/03/2026,
F,PI-06908/2026,AtlasIntel,Senador,Piauí,1,Cenário 1,Francinaldo Leão,PSOL,"3,00%","±3 p,p,",18/03/2026,
F,PI-06908/2026,AtlasIntel,Senador,Piauí,1,Cenário 1,Pedro Laurentino,UP,"1,60%","±3 p,p,",18/03/2026,
F,PI-06908/2026,AtlasIntel,Senador,Piauí,1,Cenário 1,Jorge Lopes,PSDB,"0,80%","±3 p,p,",18/03/2026,
F,PI-06908/2026,AtlasIntel,Presidente,Piauí,1,Cenário 1,Lula,PT,"61,00%","±3 p,p,",18/03/2026,
F,PI-06908/2026,AtlasIntel,Presidente,Piauí,1,Cenário 1,Flávio Bolsonaro,PL,"26,00%","±3 p,p,",18/03/2026,
F,PI-06908/2026,AtlasIntel,Presidente,Piauí,1,Cenário 1,Renan Santos,Missão,"3,60%","±3 p,p,",18/03/2026,
F,PI-06908/2026,AtlasIntel,Presidente,Piauí,1,Cenário 1,Ratinho Junior,PSD,"2,50%","±3 p,p,",18/03/2026,
F,PI-06908/2026,AtlasIntel,Presidente,Piauí,1,Cenário 1,Romeu Zema,Novo,"2,40%","±3 p,p,",18/03/2026,
F,PI-06908/2026,AtlasIntel,Presidente,Piauí,1,Cenário 1,Aldo Rebelo,DC,"1,70%","±3 p,p,",18/03/2026,
F,AM-00383/2026,RealTime BigData,Governador,Amazonas,1,Cenário 1,Omar Aziz,PSD,"39,00",,19/03/2026,[3]
F,AM-00383/2026,RealTime BigData,Governador,Amazonas,1,Cenário 1,Maria do Carmo Seffair,PL,"27,00",,19/03/2026,[3]
F,AM-00383/2026,RealTime BigData,Governador,Amazonas,1,Cenário 1,David Almeida,Avante,"22,00",,19/03/2026,[3]
F,AM-00383/2026,RealTime BigData,Governador,Amazonas,1,Cenário 2,Omar Aziz,PSD,"37,00",,19/03/2026,[3]
F,AM-00383/2026,RealTime BigData,Governador,Amazonas,1,Cenário 2,Maria do Carmo Seffair,PL,"26,00",,19/03/2026,[3]
F,AM-00383/2026,RealTime BigData,Governador,Amazonas,1,Cenário 2,David Almeida,Avante,"19,00",,19/03/2026,[3]
F,AM-00383/2026,RealTime BigData,Governador,Amazonas,1,Cenário 2,Tadeu de Souza,PP,"8,00",,19/03/2026,[3]
F,AM-00383/2026,RealTime BigData,Governador,Amazonas,2,Cenário 3,Omar Aziz,PSD,"48,00",,19/03/2026,[3]
F,AM-00383/2026,RealTime BigData,Governador,Amazonas,2,Cenário 3,David Almeida,Avante,"32,00",,19/03/2026,[3]
F,AM-00383/2026,RealTime BigData,Governador,Amazonas,2,Cenário 4,Maria do Carmo Seffair,PL,"39,00",,19/03/2026,[3]
F,AM-00383/2026,RealTime BigData,Governador,Amazonas,2,Cenário 4,David Almeida,Avante,"37,00",,19/03/2026,[3]
F,AM-00383/2026,RealTime BigData,Senador,Amazonas,1,Cenário 1,Capitão Alberto Neto,PL,"23,00",,19/03/2026,[3]
F,AM-00383/2026,RealTime BigData,Senador,Amazonas,1,Cenário 1,Eduardo Braga,MDB,"17,00",,19/03/2026,[3]
F,AM-00383/2026,RealTime BigData,Senador,Amazonas,1,Cenário 2,Capitão Alberto Neto,PL,"24,00",,19/03/2026,[3]
F,AM-00383/2026,RealTime BigData,Senador,Amazonas,1,Cenário 2,Eduardo Braga,MDB,"16,00",,19/03/2026,[3]
F,AM-00383/2026,RealTime BigData,Senador,Amazonas,1,Cenário 2,Wilson Lima,,"16,00",,19/03/2026,[3]
F,BR-04103/2026,RealTime BigData,Presidente,Amazonas,1,Cenário 1,Flávio Bolsonaro,PL,"41,00",,19/03/2026,[4]
F,BR-04103/2026,RealTime BigData,Presidente,Amazonas,1,Cenário 1,Lula,PT,"40,00",,19/03/2026,[4]
F,BR-04103/2026,RealTime BigData,Presidente,Amazonas,1,Cenário 1,Ratinho Jr.,PSD,"5,00",,19/03/2026,[4]
F,BR-04103/2026,RealTime BigData,Presidente,Amazonas,1,Cenário 1,Romeu Zema,Novo,"1,00",,19/03/2026,[4]
F,BR-04103/2026,RealTime BigData,Presidente,Amazonas,1,Cenário 1,Renan Santos,Missão,"1,00",,19/03/2026,[4]
F,BR-04103/2026,RealTime BigData,Presidente,Amazonas,1,Cenário 1,Aldo Rebelo,DC,"1,00",,19/03/2026,[4]
F,BR-04103/2026,RealTime BigData,Presidente,Amazonas,1,Cenário 2,Flávio Bolsonaro,PL,"42,00",,19/03/2026,[4]
F,BR-04103/2026,RealTime BigData,Presidente,Amazonas,1,Cenário 2,Lula,PT,"41,00",,19/03/2026,[4]
F,BR-04103/2026,RealTime BigData,Presidente,Amazonas,1,Cenário 2,Eduardo Leite,PSD,"2,00",,19/03/2026,[4]
F,BR-04103/2026,RealTime BigData,Presidente,Amazonas,1,Cenário 2,Romeu Zema,Novo,"2,00",,19/03/2026,[4]
F,BR-04103/2026,RealTime BigData,Presidente,Amazonas,1,Cenário 2,Renan Santos,Missão,"1,00",,19/03/2026,[4]
F,BR-04103/2026,RealTime BigData,Presidente,Amazonas,1,Cenário 2,Aldo Rebelo,DC,"1,00",,19/03/2026,[4]
F,BR-04103/2026,RealTime BigData,Presidente,Amazonas,1,Cenário 3,Flávio Bolsonaro,PL,"42,00",,19/03/2026,[4]
F,BR-04103/2026,RealTime BigData,Presidente,Amazonas,1,Cenário 3,Lula,PT,"40,00",,19/03/2026,[4]
F,BR-04103/2026,RealTime BigData,Presidente,Amazonas,1,Cenário 3,Ronaldo Caiado,PSD,"4,00",,19/03/2026,[4]
F,BR-04103/2026,RealTime BigData,Presidente,Amazonas,1,Cenário 3,Romeu Zema,Novo,"1,00",,19/03/2026,[4]
F,BR-04103/2026,RealTime BigData,Presidente,Amazonas,1,Cenário 3,Renan Santos,Missão,"1,00",,19/03/2026,[4]
F,BR-04103/2026,RealTime BigData,Presidente,Amazonas,1,Cenário 3,Aldo Rebelo,DC,"1,00",,19/03/2026,[4]
F,PA-03072/2026,Paraná Pesquisas,Governador,Pará,1,Cenário 1,Dr. Daniel Santos,Pode,"39,10%","2,70%",23/03/2026,
F,PA-03072/2026,Paraná Pesquisas,Governador,Pará,1,Cenário 1,Hana Ghassan,MDB,"30,40%","2,70%",23/03/2026,
F,PA-03072/2026,Paraná Pesquisas,Governador,Pará,1,Cenário 2,Dr. Daniel Santos,Pode,"31,90%","2,70%",23/03/2026,
F,PA-03072/2026,Paraná Pesquisas,Governador,Pará,1,Cenário 2,Hana Ghassan,MDB,"27,20%","2,70%",23/03/2026,
F,PA-03072/2026,Paraná Pesquisas,Senador,Pará,1,Cenário 1,Helder Barbalho,MDB,"49,40%","2,70%",23/03/2026,
F,PA-03072/2026,Paraná Pesquisas,Senador,Pará,1,Cenário 1,Zequinha Marinho,Pode,"29,60%","2,70%",23/03/2026,
F,BR-02531/2026,RealTime BigData,Presidente,Pará,1,Cenário 1,Lula,PT,42%,"2,00%",23/03/2026,
F,BR-02531/2026,RealTime BigData,Presidente,Pará,1,Cenário 1,Flávio Bolsonaro,PL,29%,"2,00%",23/03/2026,
F,BR-05763/2026,RealTime BigData,Presidente,Mato Grosso,1,Cenário 1,Flávio Bolsonaro,PL,46%,#ERROR!,24/03/2026,
F,BR-05763/2026,RealTime BigData,Presidente,Mato Grosso,1,Cenário 1,Lula,PT,30%,#ERROR!,24/03/2026,
F,BR-05763/2026,RealTime BigData,Presidente,Mato Grosso,1,Cenário 1,Ratinho Jr.,PSD,3%,#ERROR!,24/03/2026,
F,BR-05763/2026,RealTime BigData,Presidente,Mato Grosso,1,Cenário 1,Romeu Zema,Novo,2%,#ERROR!,24/03/2026,
F,BR-05763/2026,RealTime BigData,Presidente,Mato Grosso,1,Cenário 2,Eduardo Leite,PSD,2%,#ERROR!,24/03/2026,
F,BR-05763/2026,RealTime BigData,Presidente,Mato Grosso,1,Cenário 3,Ronaldo Caiado,PSD,5%,#ERROR!,24/03/2026,
F,MT-06241/2026,RealTime BigData,Governador,Mato Grosso,1,Cenário 1,Wellington Fagundes,PL,37%,2,24/03/2026,
F,MT-06241/2026,RealTime BigData,Governador,Mato Grosso,1,Cenário 1,Otaviano Pivetta,Republicanos,22%,2,24/03/2026,
F,MT-06241/2026,RealTime BigData,Governador,Mato Grosso,1,Cenário 1,Jayme Campos,União Brasil,20%,2,24/03/2026,
F,MT-06241/2026,RealTime BigData,Governador,Mato Grosso,2,Cenário 3,Wellington Fagundes,PL,47%,2,24/03/2026,
F,MT-06241/2026,RealTime BigData,Senador,Mato Grosso,1,Cenário 1,Mauro Mendes,União Brasil,31%,2,24/03/2026,
F,MT-06241/2026,RealTime BigData,Senador,Mato Grosso,1,Cenário 1,Janaína Riva,MDB,23%,2,24/03/2026,
F,MT-02322/2026,Veritá,Governador,Mato Grosso,1,Cenário 1,Wellington Fagundes,PL,"40,50%",3,24/03/2026,
F,MT-02322/2026,Veritá,Governador,Mato Grosso,1,Cenário 1,Otaviano Pivetta,Republicanos,"24,10%",3,24/03/2026,
F,MT-02322/2026,Veritá,Governador,Mato Grosso,1,Cenário 1,Branco/Nulo/Nenhum,,"14,20%",3,24/03/2026,
F,MT-02322/2026,Veritá,Governador,Mato Grosso,1,Cenário 1,Jayme Campos,União Brasil,"9,30%",3,24/03/2026,
F,MT-02322/2026,Veritá,Governador,Mato Grosso,1,Cenário 1,Natasha Slhessarenko,PSD,"7,70%",3,24/03/2026,
F,MT-02322/2026,Veritá,Governador,Mato Grosso,1,Cenário 1,Sargento Laudicério,Sem partido,"4,20%",3,24/03/2026,
F,MT-02322/2026,Veritá,Senador,Mato Grosso,1,Cenário 1,Mauro Mendes,União Brasil,"40,00%",3,24/03/2026,
F,MT-02322/2026,Veritá,Senador,Mato Grosso,1,Cenário 1,José Medeiros,PL,"22,20%",3,24/03/2026,
F,MT-02322/2026,Veritá,Senador,Mato Grosso,1,Cenário 1,Janaina Riva,MDB,"17,00%",3,24/03/2026,
F,MT-02322/2026,Veritá,Senador,Mato Grosso,1,Cenário 1,Carlos Fávaro,PSD,"9,20%",3,24/03/2026,
F,MT-02322/2026,Veritá,Senador,Mato Grosso,1,Cenário 1,Jayme Campos,União Brasil,"4,50%",3,24/03/2026,
F,MT-02322/2026,Veritá,Senador,Mato Grosso,1,Cenário 1,Antonio Galvan,DC,"4,40%",3,24/03/2026,
F,MT-02322/2026,Veritá,Senador,Mato Grosso,1,Cenário 1,Pedro Taques,Sem partido,"2,80%",3,24/03/2026,
F,MT-02322/2026,Veritá,Presidente,Mato Grosso,1,Cenário 1,Flávio Bolsonaro,PL,"64,00%",3,24/03/2026,
F,MT-02322/2026,Veritá,Presidente,Mato Grosso,1,Cenário 1,Lula,PT,"26,70%",3,24/03/2026,
F,MT-02322/2026,Veritá,Presidente,Mato Grosso,1,Cenário 1,Ronaldo Caiado,PSD,"2,30%",3,24/03/2026,
F,MT-02322/2026,Veritá,Presidente,Mato Grosso,1,Cenário 1,Romeu Zema,Novo,"2,30%",3,24/03/2026,
F,MT-02322/2026,Veritá,Presidente,Mato Grosso,1,Cenário 1,Ratinho Júnior,PSD,"1,90%",3,24/03/2026,
F,MT-02322/2026,Veritá,Presidente,Mato Grosso,1,Cenário 1,Pablo Marçal,União Brasil,"1,40%",3,24/03/2026,
F,MT-02322/2026,Veritá,Presidente,Mato Grosso,1,Cenário 1,Renan Santos,Missão,"1,20%",3,24/03/2026,
F,MT-02322/2026,Veritá,Presidente,Mato Grosso,1,Cenário 1,Aldo Rebelo,DC,"0,20%",3,24/03/2026,
F,MT-02322/2026,Veritá,Presidente,Mato Grosso,2,Cenário 1,Flávio Bolsonaro,PL,"71,00%",3,24/03/2026,
F,MT-02322/2026,Veritá,Presidente,Mato Grosso,2,Cenário 1,Lula,PT,"29,00%",3,24/03/2026,
F,MT-02322/2026,Veritá,Presidente,Mato Grosso,2,Cenário 2,Ratinho Júnior,PSD,"67,60%",3,24/03/2026,
F,MT-02322/2026,Veritá,Presidente,Mato Grosso,2,Cenário 2,Lula,PT,"32,40%",3,24/03/2026,
F,MT-02322/2026,Veritá,Presidente,Mato Grosso,2,Cenário 3,Flávio Bolsonaro,PL,"77,60%",3,24/03/2026,
F,MT-02322/2026,Veritá,Presidente,Mato Grosso,2,Cenário 3,Ratinho Júnior,PSD,"22,40%",3,24/03/2026,
F,MT-02322/2026,Veritá,Presidente,Mato Grosso,2,Cenário 4,Pablo Marçal,União Brasil,"65,30%",3,24/03/2026,
F,MT-02322/2026,Veritá,Presidente,Mato Grosso,2,Cenário 4,Lula,PT,"34,70%",3,24/03/2026,
F,MT-02322/2026,Veritá,Presidente,Mato Grosso,2,Ratinho x Marçal,Ratinho Júnior,PSD,"55,40%",3,24/03/2026,
F,MT-02322/2026,Veritá,Presidente,Mato Grosso,2,Ratinho x Marçal,Pablo Marçal,União Brasil,"44,60%",3,24/03/2026,
F,MT-02322/2026,Veritá,Presidente,Mato Grosso,2,Lula x Caiado,Ronaldo Caiado,PSD,"64,80%",3,24/03/2026,
F,MT-02322/2026,Veritá,Presidente,Mato Grosso,2,Lula x Caiado,Lula,PT,"35,20%",3,24/03/2026,
F,BA-02245/2026,Veritá,Governador,Bahia,1,Cenário 1,ACM Neto,União Brasil,"58,50%","2,5",24/03/2026,
F,BA-02245/2026,Veritá,Governador,Bahia,1,Cenário 1,Jerônimo Rodrigues,PT,"38,20%","2,5",24/03/2026,
F,BA-02245/2026,Veritá,Governador,Bahia,1,Cenário 1,Ronaldo Mansur,PSOL,"2,20%","2,5",24/03/2026,
F,BA-02245/2026,Veritá,Governador,Bahia,1,Cenário 1,José Carlos Aleluia,Novo,"1,10%","2,5",24/03/2026,
F,BA-02245/2026,Veritá,Senador,Bahia,1,Cenário 1,Jacques Wagner,PT,"38,10%","2,5",24/03/2026,
F,BA-02245/2026,Veritá,Senador,Bahia,1,Cenário 1,João Roma,PL,"34,10%","2,5",24/03/2026,
F,BA-02245/2026,Veritá,Senador,Bahia,1,Cenário 1,Rui Costa,PT,"19,00%","2,5",24/03/2026,
F,BA-02245/2026,Veritá,Senador,Bahia,1,Cenário 1,Angelo Coronel,Sem Partido,"8,80%","2,5",24/03/2026,
F,BA-02245/2026,Veritá,Presidente,Bahia,1,Cenário 1,Flávio Bolsonaro,PL,"46,50%","2,5",24/03/2026,
F,BA-02245/2026,Veritá,Presidente,Bahia,1,Cenário 1,Lula,PT,"45,60%","2,5",24/03/2026,
F,BA-02245/2026,Veritá,Presidente,Bahia,1,Cenário 1,Ronaldo Caiado,PSD,"3,10%","2,5",24/03/2026,
F,BA-02245/2026,Veritá,Presidente,Bahia,1,Cenário 1,Pablo Marçal,União Brasil,"1,60%","2,5",24/03/2026,
F,BA-02245/2026,Veritá,Presidente,Bahia,1,Cenário 1,Ratinho Júnior,PSD,"1,20%","2,5",24/03/2026,
F,BA-02245/2026,Veritá,Presidente,Bahia,1,Cenário 1,Romeu Zema,Novo,"0,90%","2,5",24/03/2026,
F,BA-02245/2026,Veritá,Presidente,Bahia,1,Cenário 1,Renan Santos,Missão,"0,70%","2,5",24/03/2026,
F,BA-02245/2026,Veritá,Presidente,Bahia,1,Cenário 1,Aldo Rebelo,DC,"0,30%","2,5",24/03/2026,
F,BA-02245/2026,Veritá,Presidente,Bahia,2,Cenário 1,Flávio Bolsonaro,PL,"51,20%","2,5",24/03/2026,
F,BA-02245/2026,Veritá,Presidente,Bahia,2,Cenário 1,Lula,PT,"48,80%","2,5",24/03/2026,
F,BA-02245/2026,Veritá,Presidente,Bahia,2,Cenário 2,Lula,PT,"53,50%","2,5",24/03/2026,
F,BA-02245/2026,Veritá,Presidente,Bahia,2,Cenário 2,Ratinho Júnior,PSD,"46,50%","2,5",24/03/2026,
F,BA-02245/2026,Veritá,Presidente,Bahia,2,Cenário 3,Flávio Bolsonaro,PL,"71,10%","2,5",24/03/2026,
F,BA-02245/2026,Veritá,Presidente,Bahia,2,Cenário 3,Ratinho Júnior,PSD,"28,90%","2,5",24/03/2026,
F,BA-02245/2026,Veritá,Presidente,Bahia,2,Cenário 4,Lula,PT,"54,70%","2,5",24/03/2026,
F,BA-02245/2026,Veritá,Presidente,Bahia,2,Cenário 4,Pablo Marçal,União Brasil,"45,30%","2,5",24/03/2026,
F,BA-02245/2026,Veritá,Presidente,Bahia,2,Ratinho x Marçal,Pablo Marçal,União Brasil,"51,60%","2,5",24/03/2026,
F,BA-02245/2026,Veritá,Presidente,Bahia,2,Ratinho x Marçal,Ratinho Júnior,PSD,"48,40%","2,5",24/03/2026,
F,BA-02245/2026,Veritá,Presidente,Bahia,2,Lula x Caiado,Lula,PT,"60,90%","2,5",24/03/2026,
F,BA-02245/2026,Veritá,Presidente,Bahia,2,Lula x Caiado,Ronaldo Caiado,PSD,"39,10%","2,5",24/03/2026,
F,CE-06477/2026,Veritá,Governador,Ceará,1,Cenário 1,Ciro Gomes,PSDB,"47,30%",3,24/03/2026,
F,CE-06477/2026,Veritá,Governador,Ceará,1,Cenário 1,Elmano de Freitas,PT,"38,80%",3,24/03/2026,
F,CE-06477/2026,Veritá,Governador,Ceará,1,Cenário 1,Eduardo Girão,Novo,"12,50%",3,24/03/2026,
F,CE-06477/2026,Veritá,Governador,Ceará,1,Cenário 1,Professor Jarir Pereira,PSOL,"1,30%",3,24/03/2026,
F,CE-06477/2026,Veritá,Senador,Ceará,1,Cenário 1,Capitão Wagner,União Brasil,"31,80%",3,24/03/2026,
F,CE-06477/2026,Veritá,Senador,Ceará,1,Cenário 1,Luizianne Lins,PT,"26,00%",3,24/03/2026,
F,CE-06477/2026,Veritá,Senador,Ceará,1,Cenário 1,Alcides Fernandes,PL,"21,30%",3,24/03/2026,
F,CE-06477/2026,Veritá,Senador,Ceará,1,Cenário 1,Eunício Oliveira,MDB,"16,10%",3,24/03/2026,
F,CE-06477/2026,Veritá,Senador,Ceará,1,Cenário 1,Júnior Mano,PSB,"2,90%",3,24/03/2026,
F,CE-06477/2026,Veritá,Senador,Ceará,1,Cenário 1,General Theophilo,Novo,"1,90%",3,24/03/2026,
F,CE-06477/2026,Veritá,Presidente,Ceará,1,Cenário 1,Lula,PT,"45,80%",3,24/03/2026,
F,CE-06477/2026,Veritá,Presidente,Ceará,1,Cenário 1,Flávio Bolsonaro,PL,"44,00%",3,24/03/2026,
F,CE-06477/2026,Veritá,Presidente,Ceará,1,Cenário 1,Renan Santos,Missão,"2,70%",3,24/03/2026,
F,CE-06477/2026,Veritá,Presidente,Ceará,1,Cenário 1,Ratinho Júnior,PSD,"2,30%",3,24/03/2026,
F,CE-06477/2026,Veritá,Presidente,Ceará,1,Cenário 1,Pablo Marçal,União Brasil,"2,30%",3,24/03/2026,
F,CE-06477/2026,Veritá,Presidente,Ceará,1,Cenário 1,Ronaldo Caiado,PSD,"1,40%",3,24/03/2026,
F,CE-06477/2026,Veritá,Presidente,Ceará,1,Cenário 1,Aldo Rebelo,DC,"0,90%",3,24/03/2026,
F,CE-06477/2026,Veritá,Presidente,Ceará,1,Cenário 1,Romeu Zema,Novo,"0,60%",3,24/03/2026,
F,CE-06477/2026,Veritá,Presidente,Ceará,2,Cenário 1,Flávio Bolsonaro,PL,"50,20%",3,24/03/2026,
F,CE-06477/2026,Veritá,Presidente,Ceará,2,Cenário 1,Lula,PT,"49,80%",3,24/03/2026,
F,CE-06477/2026,Veritá,Presidente,Ceará,2,Cenário 2,Lula,PT,"56,50%",3,24/03/2026,
F,CE-06477/2026,Veritá,Presidente,Ceará,2,Cenário 2,Ratinho Júnior,PSD,"43,50%",3,24/03/2026,
F,CE-06477/2026,Veritá,Presidente,Ceará,2,Cenário 3,Flávio Bolsonaro,PL,"66,20%",3,24/03/2026,
F,CE-06477/2026,Veritá,Presidente,Ceará,2,Cenário 3,Ratinho Júnior,PSD,"33,80%",3,24/03/2026,
F,CE-06477/2026,Veritá,Presidente,Ceará,2,Cenário 4,Lula,PT,"56,10%",3,24/03/2026,
F,CE-06477/2026,Veritá,Presidente,Ceará,2,Cenário 4,Pablo Marçal,União Brasil,"43,90%",3,24/03/2026,
F,CE-06477/2026,Veritá,Presidente,Ceará,2,Ratinho x Marçal,Ratinho Júnior,PSD,"53,90%",3,24/03/2026,
F,CE-06477/2026,Veritá,Presidente,Ceará,2,Ratinho x Marçal,Pablo Marçal,União Brasil,"46,10%",3,24/03/2026,
F,CE-06477/2026,Veritá,Presidente,Ceará,2,Lula x Caiado,Lula,PT,"60,40%",3,24/03/2026,
F,CE-06477/2026,Veritá,Presidente,Ceará,2,Lula x Caiado,Ronaldo Caiado,PSD,"39,60%",3,24/03/2026,
F,TO-02299/2026,RealTime BigData,Governador,Tocantins,1,Cenário 1,Professora Dorinha,União Brasil,"35,00%",2,25/03/2026,
F,TO-02299/2026,RealTime BigData,Governador,Tocantins,1,Cenário 1,Laurez Moreira,PSD,"18,00%",2,25/03/2026,
F,TO-02299/2026,RealTime BigData,Governador,Tocantins,1,Cenário 1,Vicentinho Junior,PSDB,"12,00%",2,25/03/2026,
F,TO-02299/2026,RealTime BigData,Governador,Tocantins,1,Cenário 1,Carlos Amastha,PSB,"11,00%",2,25/03/2026,
F,TO-02299/2026,RealTime BigData,Governador,Tocantins,1,Cenário 1,Amélio Cayres,Republicanos,"8,00%",2,25/03/2026,
F,TO-02299/2026,RealTime BigData,Governador,Tocantins,1,Cenário 1,Ataídes Oliveira,Novo,"4,00%",2,25/03/2026,
F,BR-00664/2026,RealTime BigData,Presidente,Tocantins,1,Cenário 1,Lula,PT,"37,00%",2,25/03/2026,
F,BR-00664/2026,RealTime BigData,Presidente,Tocantins,1,Cenário 1,Flávio Bolsonaro,PL,"35,00%",2,25/03/2026,
F,BR-00664/2026,RealTime BigData,Presidente,Tocantins,1,Cenário 1,Ratinho Jr.,PSD,"5,00%",2,25/03/2026,
F,SP-00899/26,AtlasIntel,Governador,São Paulo,1,Cenário 1,Tarcísio de Freitas,Republicanos,"49,30%",2,27/03/2026,
F,SP-00899/26,AtlasIntel,Governador,São Paulo,1,Cenário 1,Fernando Haddad,PT,"42,10%",2,27/03/2026,
F,SP-00899/26,AtlasIntel,Governador,São Paulo,1,Cenário 1,Kim Kataguiri,Missão,"5,30%",2,27/03/2026,
F,SP-00899/26,AtlasIntel,Governador,São Paulo,1,Cenário 1,Paulo Serra,PSDB,"1,10%",2,27/03/2026,
F,SP-00899/26,AtlasIntel,Governador,São Paulo,1,Cenário 2,Tarcísio de Freitas,Republicanos,"48,90%",2,27/03/2026,
F,SP-00899/26,AtlasIntel,Governador,São Paulo,1,Cenário 2,Simone Tebet,MDB,"41,20%",2,27/03/2026,
F,SP-00899/26,AtlasIntel,Governador,São Paulo,1,Cenário 2,Kim Kataguiri,Missão,"5,30%",2,27/03/2026,
F,SP-00899/26,AtlasIntel,Governador,São Paulo,1,Cenário 2,Paulo Serra,PSDB,"1,50%",2,27/03/2026,
F,SP-00899/26,AtlasIntel,Governador,São Paulo,1,Cenário 3,Tarcísio de Freitas,Republicanos,"49,70%",2,27/03/2026,
F,SP-00899/26,AtlasIntel,Governador,São Paulo,1,Cenário 3,Márcio França,PSB,"32,00%",2,27/03/2026,
F,SP-00899/26,AtlasIntel,Governador,São Paulo,1,Cenário 3,Kim Kataguiri,Missão,"5,70%",2,27/03/2026,
F,SP-00899/26,AtlasIntel,Governador,São Paulo,1,Cenário 3,Paulo Serra,PSDB,"2,00%",2,27/03/2026,
F,SP-00899/26,AtlasIntel,Governador,São Paulo,1,Cenário 4,Tarcísio de Freitas,Republicanos,"48,60%",2,27/03/2026,
F,SP-00899/26,AtlasIntel,Governador,São Paulo,1,Cenário 4,Geraldo Alckmin,PSB,"41,00%",2,27/03/2026,
F,SP-00899/26,AtlasIntel,Governador,São Paulo,1,Cenário 4,Kim Kataguiri,Missão,"5,60%",2,27/03/2026,
F,SP-00899/26,AtlasIntel,Governador,São Paulo,1,Cenário 4,Paulo Serra,PSDB,"1,40%",2,27/03/2026,
F,BR-01079/26,AtlasIntel,Presidente,São Paulo,1,Cenário 1,Flávio Bolsonaro,PL,"43,40%",2,27/03/2026,
F,BR-01079/26,AtlasIntel,Presidente,São Paulo,1,Cenário 1,Lula,PT,"42,10%",2,27/03/2026,
F,BR-01079/26,AtlasIntel,Presidente,São Paulo,1,Cenário 1,Renan Santos,Missão,"5,10%",2,27/03/2026,
F,BR-01079/26,AtlasIntel,Presidente,São Paulo,1,Cenário 1,Romeu Zema,Novo,"4,10%",2,27/03/2026,
F,BR-01079/26,AtlasIntel,Presidente,São Paulo,1,Cenário 1,Ronaldo Caiado,PSD,"2,90%",2,27/03/2026,
F,BR-01079/26,AtlasIntel,Presidente,São Paulo,1,Cenário 1,Aldo Rebelo,DC,"0,90%",2,27/03/2026,
F,BR-01079/26,AtlasIntel,Presidente,São Paulo,1,Cenário 2,Flávio Bolsonaro,PL,"43,20%",2,27/03/2026,
F,BR-01079/26,AtlasIntel,Presidente,São Paulo,1,Cenário 2,Lula,PT,"40,50%",2,27/03/2026,
F,BR-01079/26,AtlasIntel,Presidente,São Paulo,1,Cenário 2,Renan Santos,Missão,"5,00%",2,27/03/2026,
F,BR-01079/26,AtlasIntel,Presidente,São Paulo,1,Cenário 2,Eduardo Leite,PSDB,"4,50%",2,27/03/2026,
F,BR-01079/26,AtlasIntel,Presidente,São Paulo,1,Cenário 2,Romeu Zema,Novo,"3,90%",2,27/03/2026,
F,BR-01079/26,AtlasIntel,Presidente,São Paulo,1,Cenário 2,Aldo Rebelo,DC,"0,90%",2,27/03/2026,
F,SP-00899/26,AtlasIntel,Senador,São Paulo,1,Cenário 1,Simone Tebet,MDB,"22,60%",2,27/03/2026,
F,SP-00899/26,AtlasIntel,Senador,São Paulo,1,Cenário 1,Guilherme Derrite,PP,"22,00%",2,27/03/2026,
F,SP-00899/26,AtlasIntel,Senador,São Paulo,1,Cenário 1,Marina Silva,Rede,"19,60%",2,27/03/2026,
F,SP-00899/26,AtlasIntel,Senador,São Paulo,1,Cenário 1,Coronel Mello Araújo,PL,"14,80%",2,27/03/2026,
F,SP-00899/26,AtlasIntel,Senador,São Paulo,1,Cenário 1,Ricardo Salles,Novo,"11,10%",2,27/03/2026,
F,SP-00899/26,AtlasIntel,Senador,São Paulo,1,Cenário 1,Paulinho da Força,Solidariedade,"0,50%",2,27/03/2026,
F,SP-00899/26,AtlasIntel,Senador,São Paulo,1,Cenário 2,Guilherme Derrite,PP,"22,10%",2,27/03/2026,
F,SP-00899/26,AtlasIntel,Senador,São Paulo,1,Cenário 2,Fernando Haddad,PT,"21,80%",2,27/03/2026,
F,SP-00899/26,AtlasIntel,Senador,São Paulo,1,Cenário 2,Marina Silva,Rede,"19,70%",2,27/03/2026,
F,SP-00899/26,AtlasIntel,Senador,São Paulo,1,Cenário 2,Ricardo Salles,Novo,"12,80%",2,27/03/2026,
F,SP-00899/26,AtlasIntel,Senador,São Paulo,1,Cenário 2,Mário Frias,PL,"12,30%",2,27/03/2026,
F,SP-00899/26,AtlasIntel,Senador,São Paulo,1,Cenário 2,Paulinho da Força,Solidariedade,"0,60%",2,27/03/2026,
F,MG-09927/2026,Veritá,Governador,Minas Gerais,1,Cenário 1,Cleitinho Azevedo,Republicanos,"50,30%","2,5",30/03/2026,
F,MG-09927/2026,Veritá,Governador,Minas Gerais,1,Cenário 1,Alexandre Kalil,PDT,"14,90%","2,5",30/03/2026,
F,MG-09927/2026,Veritá,Governador,Minas Gerais,1,Cenário 1,Rodrigo Pacheco,PSD,"13,10%","2,5",30/03/2026,
F,MG-09927/2026,Veritá,Governador,Minas Gerais,1,Cenário 1,Matheus Simões,PSD,"8,30%","2,5",30/03/2026,
F,MG-09927/2026,Veritá,Governador,Minas Gerais,1,Cenário 1,Vittorio Medioli,PL,"6,60%","2,5",30/03/2026,
F,MG-09927/2026,Veritá,Governador,Minas Gerais,1,Cenário 1,Ben Mendes,Missão,"3,50%","2,5",30/03/2026,
F,MG-09927/2026,Veritá,Governador,Minas Gerais,1,Cenário 1,Gabriel Azevedo,MDB,"3,20%","2,5",30/03/2026,
F,MG-09927/2026,Veritá,Senador,Minas Gerais,1,Cenário 1,Carlos Viana,Podemos,"36,40%","2,5",30/03/2026,
F,MG-09927/2026,Veritá,Senador,Minas Gerais,1,Cenário 1,Marília Campos,PT,"27,80%","2,5",30/03/2026,
F,MG-09927/2026,Veritá,Senador,Minas Gerais,1,Cenário 1,Domingos Sávio,PL,"13,40%","2,5",30/03/2026,
F,MG-09927/2026,Veritá,Senador,Minas Gerais,1,Cenário 1,Marcelo Aro,PP,"13,10%","2,5",30/03/2026,
F,MG-09927/2026,Veritá,Senador,Minas Gerais,1,Cenário 1,Alexandre Silveira,PSD,"7,70%","2,5",30/03/2026,
F,MG-09927/2026,Veritá,Senador,Minas Gerais,1,Cenário 1,Euclydes Pettersen,Republicanos,"1,70%","2,5",30/03/2026,
F,BR-1443/2026,Veritá,Presidente,Minas Gerais,1,Cenário 1,Flávio Bolsonaro,PL,"43,40%","2,5",30/03/2026,
F,BR-1443/2026,Veritá,Presidente,Minas Gerais,1,Cenário 1,Lula,PT,"40,60%","2,5",30/03/2026,
F,BR-1443/2026,Veritá,Presidente,Minas Gerais,1,Cenário 1,Romeu Zema,Novo,"7,20%","2,5",30/03/2026,
F,BR-1443/2026,Veritá,Presidente,Minas Gerais,1,Cenário 1,Pablo Marçal,União Brasil,"2,90%","2,5",30/03/2026,
F,BR-1443/2026,Veritá,Presidente,Minas Gerais,1,Cenário 1,Ratinho Júnior,PSD,"2,40%","2,5",30/03/2026,
F,BR-1443/2026,Veritá,Presidente,Minas Gerais,1,Cenário 1,Renan Santos,Missão,"1,80%","2,5",30/03/2026,
F,BR-1443/2026,Veritá,Presidente,Minas Gerais,1,Cenário 1,Ronaldo Caiado,PSD,"1,60%","2,5",30/03/2026,
F,BR-1443/2026,Veritá,Presidente,Minas Gerais,1,Cenário 1,Aldo Rebelo,DC,"0,10%","2,5",30/03/2026,
F,BR-1443/2026,Veritá,Presidente,Minas Gerais,2,Cenário 1,Flávio Bolsonaro,PL,"56,90%","2,5",30/03/2026,
F,BR-1443/2026,Veritá,Presidente,Minas Gerais,2,Cenário 1,Lula,PT,"43,10%","2,5",30/03/2026,
F,BR-1443/2026,Veritá,Presidente,Minas Gerais,2,Cenário 2,Ratinho Júnior,PSD,"54,10%","2,5",30/03/2026,
F,BR-1443/2026,Veritá,Presidente,Minas Gerais,2,Cenário 2,Lula,PT,"45,90%","2,5",30/03/2026,
F,BR-1443/2026,Veritá,Presidente,Minas Gerais,2,Cenário 3,Flávio Bolsonaro,PL,"71,10%","2,5",30/03/2026,
F,BR-1443/2026,Veritá,Presidente,Minas Gerais,2,Cenário 3,Ratinho Júnior,PSD,"28,90%","2,5",30/03/2026,
F,BR-1443/2026,Veritá,Presidente,Minas Gerais,2,Cenário 4,Pablo Marçal,União Brasil,"52,30%","2,5",30/03/2026,
F,BR-1443/2026,Veritá,Presidente,Minas Gerais,2,Cenário 4,Lula,PT,"47,70%","2,5",30/03/2026,
F,BR-1443/2026,Veritá,Presidente,Minas Gerais,2,Ratinho x Marçal,Ratinho Júnior,PSD,"53,90%","2,5",30/03/2026,
F,BR-1443/2026,Veritá,Presidente,Minas Gerais,2,Ratinho x Marçal,Pablo Marçal,União Brasil,"46,10%","2,5",30/03/2026,
F,BR-1443/2026,Veritá,Presidente,Minas Gerais,2,Lula x Caiado,Lula,PT,"50,20%","2,5",30/03/2026,
F,BR-1443/2026,Veritá,Presidente,Minas Gerais,2,Lula x Caiado,Ronaldo Caiado,PSD,"49,80%","2,5",30/03/2026,
F,PE-02184/2026,Veritá,Governador,Pernambuco,1,Cenário 1,Raquel Lyra,PSD,"41,40%","2,5",30/03/2026,
F,PE-02184/2026,Veritá,Governador,Pernambuco,1,Cenário 1,João Campos,PSB,"41,40%","2,5",30/03/2026,
F,PE-02184/2026,Veritá,Governador,Pernambuco,1,Cenário 1,Anderson Ferreira,PL,"6,20%","2,5",30/03/2026,
F,PE-02184/2026,Veritá,Governador,Pernambuco,1,Cenário 1,Ivan Moraes,PSOL,"4,00%","2,5",30/03/2026,
F,PE-02184/2026,Veritá,Governador,Pernambuco,1,Cenário 1,Gilson Machado,PL,"3,70%","2,5",30/03/2026,
F,PE-02184/2026,Veritá,Governador,Pernambuco,1,Cenário 1,Alfredo Gomes,Rede,"0,30%","2,5",30/03/2026,
F,PE-02184/2026,Veritá,Senador,Pernambuco,1,Cenário 1,Humberto Costa,PT,"25,20%","2,5",30/03/2026,
F,PE-02184/2026,Veritá,Senador,Pernambuco,1,Cenário 1,Marília Arraes,Solidariedade,"25,00%","2,5",30/03/2026,
F,PE-02184/2026,Veritá,Senador,Pernambuco,1,Cenário 1,Miguel Coelho,União Brasil,"18,80%","2,5",30/03/2026,
F,PE-02184/2026,Veritá,Senador,Pernambuco,1,Cenário 1,Gilson Machado,PL,"18,20%","2,5",30/03/2026,
F,PE-02184/2026,Veritá,Senador,Pernambuco,1,Cenário 1,Armando Monteiro,Podemos,"7,70%","2,5",30/03/2026,
F,PE-02184/2026,Veritá,Senador,Pernambuco,1,Cenário 1,Silvio Costa Filho,Republicanos,"2,40%","2,5",30/03/2026,
F,PE-02184/2026,Veritá,Senador,Pernambuco,1,Cenário 1,Fernando Dueire,MDB,"1,80%","2,5",30/03/2026,
F,PE-02184/2026,Veritá,Senador,Pernambuco,1,Cenário 1,Paulo Rubem Santiago,Rede,"1,00%","2,5",30/03/2026,
F,BR-04215/2026,Veritá,Presidente,Pernambuco,1,Cenário 1,Lula,PT,"53,80%","2,5",30/03/2026,
F,BR-04215/2026,Veritá,Presidente,Pernambuco,1,Cenário 1,Flávio Bolsonaro,PL,"38,50%","2,5",30/03/2026,
F,BR-04215/2026,Veritá,Presidente,Pernambuco,1,Cenário 1,Pablo Marçal,União Brasil,"2,20%","2,5",30/03/2026,
F,BR-04215/2026,Veritá,Presidente,Pernambuco,1,Cenário 1,Renan Santos,Missão,"2,10%","2,5",30/03/2026,
F,BR-04215/2026,Veritá,Presidente,Pernambuco,1,Cenário 1,Ratinho Júnior,PSD,"1,40%","2,5",30/03/2026,
F,BR-04215/2026,Veritá,Presidente,Pernambuco,1,Cenário 1,Romeu Zema,Novo,"1,10%","2,5",30/03/2026,
F,BR-04215/2026,Veritá,Presidente,Pernambuco,1,Cenário 1,Ronaldo Caiado,PSD,"0,70%","2,5",30/03/2026,
F,BR-04215/2026,Veritá,Presidente,Pernambuco,1,Cenário 1,Aldo Rebelo,DC,"0,20%","2,5",30/03/2026,
F,BR-04215/2026,Veritá,Presidente,Pernambuco,2,Cenário 1,Lula,PT,"57,60%","2,5",30/03/2026,
F,BR-04215/2026,Veritá,Presidente,Pernambuco,2,Cenário 1,Flávio Bolsonaro,PL,"42,40%","2,5",30/03/2026,
F,BR-04215/2026,Veritá,Presidente,Pernambuco,2,Ratinho x Marçal,Ratinho Júnior,PSD,"50,40%","2,5",30/03/2026,
F,BR-04215/2026,Veritá,Presidente,Pernambuco,2,Ratinho x Marçal,Pablo Marçal,União Brasil,"49,60%","2,5",30/03/2026,
F,BR-04215/2026,Veritá,Presidente,Pernambuco,2,Lula x Caiado,Lula,PT,"66,50%","2,5",30/03/2026,
F,BR-04215/2026,Veritá,Presidente,Pernambuco,2,Lula x Caiado,Ronaldo Caiado,PSD,"33,50%","2,5",30/03/2026,
F,PB-08799/2026,Veritá,Governador,Paraíba,1,Cenário 1,Lucas Ribeiro,PP,"40,20%",3,30/03/2026,
F,PB-08799/2026,Veritá,Governador,Paraíba,1,Cenário 1,Efraim Filho,PL,"28,90%",3,30/03/2026,
F,PB-08799/2026,Veritá,Governador,Paraíba,1,Cenário 1,Cícero Lucena,MDB,"27,30%",3,30/03/2026,
F,PB-08799/2026,Veritá,Governador,Paraíba,1,Cenário 1,Olímpio Rocha,PSOL,"3,60%",3,30/03/2026,
F,PB-08799/2026,Veritá,Senador,Paraíba,1,Cenário 1,João Azevêdo,PSB,"47,20%",3,30/03/2026,
F,PB-08799/2026,Veritá,Senador,Paraíba,1,Cenário 1,Marcelo Queiroga,PL,"22,00%",3,30/03/2026,
F,PB-08799/2026,Veritá,Senador,Paraíba,1,Cenário 1,Veneziano Vital do Rêgo,MDB,"18,50%",3,30/03/2026,
F,PB-08799/2026,Veritá,Senador,Paraíba,1,Cenário 1,Avenzoar Arruda,PT,"5,50%",3,30/03/2026,
F,PB-08799/2026,Veritá,Senador,Paraíba,1,Cenário 1,Nabor Wanderley,Republicanos,"4,30%",3,30/03/2026,
F,PB-08799/2026,Veritá,Senador,Paraíba,1,Cenário 1,Major Fábio,Novo,"2,50%",3,30/03/2026,
F,BR-04275/2026,Veritá,Presidente,Paraíba,1,Cenário 1,Lula,PT,"51,20%",3,30/03/2026,
F,BR-04275/2026,Veritá,Presidente,Paraíba,1,Cenário 1,Flávio Bolsonaro,PL,"43,00%",3,30/03/2026,
F,BR-04275/2026,Veritá,Presidente,Paraíba,1,Cenário 1,Ratinho Júnior,PSD,"1,80%",3,30/03/2026,
F,BR-04275/2026,Veritá,Presidente,Paraíba,1,Cenário 1,Renan Santos,Missão,"1,40%",3,30/03/2026,
F,BR-04275/2026,Veritá,Presidente,Paraíba,1,Cenário 1,Ronaldo Caiado,PSD,"0,80%",3,30/03/2026,
F,BR-04275/2026,Veritá,Presidente,Paraíba,1,Cenário 1,Romeu Zema,Novo,"0,70%",3,30/03/2026,
F,BR-04275/2026,Veritá,Presidente,Paraíba,1,Cenário 1,Aldo Rebelo,DC,"0,50%",3,30/03/2026,
F,BR-04275/2026,Veritá,Presidente,Paraíba,1,Cenário 1,Pablo Marçal,União Brasil,"0,50%",3,30/03/2026,
F,BR-04275/2026,Veritá,Presidente,Paraíba,2,Cenário 1,Lula,PT,"53,40%",3,30/03/2026,
F,BR-04275/2026,Veritá,Presidente,Paraíba,2,Cenário 1,Flávio Bolsonaro,PL,"46,60%",3,30/03/2026,
F,BR-04275/2026,Veritá,Presidente,Paraíba,2,Cenário 2,Lula,PT,"61,70%",3,30/03/2026,
F,BR-04275/2026,Veritá,Presidente,Paraíba,2,Cenário 2,Ratinho Júnior,PSD,"38,30%",3,30/03/2026,
F,BR-04275/2026,Veritá,Presidente,Paraíba,2,Cenário 3,Flávio Bolsonaro,PL,"64,90%",3,30/03/2026,
F,BR-04275/2026,Veritá,Presidente,Paraíba,2,Cenário 3,Ratinho Júnior,PSD,"35,10%",3,30/03/2026,
F,BR-04275/2026,Veritá,Presidente,Paraíba,2,Cenário 4,Lula,PT,"65,10%",3,30/03/2026,
F,BR-04275/2026,Veritá,Presidente,Paraíba,2,Cenário 4,Pablo Marçal,União Brasil,"34,90%",3,30/03/2026,
F,BR-04275/2026,Veritá,Presidente,Paraíba,2,Ratinho x Marçal,Ratinho Júnior,PSD,"61,30%",3,30/03/2026,
F,BR-04275/2026,Veritá,Presidente,Paraíba,2,Ratinho x Marçal,Pablo Marçal,União Brasil,"38,70%",3,30/03/2026,
F,BR-04275/2026,Veritá,Presidente,Paraíba,2,Lula x Caiado,Lula,PT,"68,10%",3,30/03/2026,
F,BR-04275/2026,Veritá,Presidente,Paraíba,2,Lula x Caiado,Ronaldo Caiado,PSD,"31,90%",3,30/03/2026,
F,BR-04567/2026,Veritá,Presidente,Pará,1,Cenário 1,Flávio Bolsonaro,PL,"55,30%",3,30/03/2026,
F,BR-04567/2026,Veritá,Presidente,Pará,1,Cenário 1,Lula,PT,"37,60%",3,30/03/2026,
F,BR-04567/2026,Veritá,Presidente,Pará,1,Cenário 1,Pablo Marçal,União Brasil,"1,90%",3,30/03/2026,
F,BR-04567/2026,Veritá,Presidente,Pará,1,Cenário 1,Renan Santos,Missão,"1,40%",3,30/03/2026,
F,BR-04567/2026,Veritá,Presidente,Pará,1,Cenário 1,Ratinho Júnior,PSD,"1,30%",3,30/03/2026,
F,BR-04567/2026,Veritá,Presidente,Pará,1,Cenário 1,Ronaldo Caiado,PSD,"1,20%",3,30/03/2026,
F,BR-04567/2026,Veritá,Presidente,Pará,1,Cenário 1,Romeu Zema,Novo,"0,80%",3,30/03/2026,
F,BR-04567/2026,Veritá,Presidente,Pará,1,Cenário 1,Aldo Rebelo,DC,"0,70%",3,30/03/2026,
F,BR-04567/2026,Veritá,Presidente,Pará,2,Cenário 1,Flávio Bolsonaro,PL,"58,00%",3,30/03/2026,
F,BR-04567/2026,Veritá,Presidente,Pará,2,Cenário 1,Lula,PT,"42,00%",3,30/03/2026,
F,BR-04567/2026,Veritá,Presidente,Pará,2,Cenário 2,Ratinho Júnior,PSD,"52,20%",3,30/03/2026,
F,BR-04567/2026,Veritá,Presidente,Pará,2,Cenário 2,Lula,PT,"47,80%",3,30/03/2026,
F,BR-04567/2026,Veritá,Presidente,Pará,2,Cenário 3,Flávio Bolsonaro,PL,"75,60%",3,30/03/2026,
F,BR-04567/2026,Veritá,Presidente,Pará,2,Cenário 3,Ratinho Júnior,PSD,"24,40%",3,30/03/2026,
F,BR-04567/2026,Veritá,Presidente,Pará,2,Cenário 4,Lula,PT,"50,00%",3,30/03/2026,
F,BR-04567/2026,Veritá,Presidente,Pará,2,Cenário 4,Pablo Marçal,União Brasil,"50,00%",3,30/03/2026,
F,BR-04567/2026,Veritá,Presidente,Pará,2,Ratinho x Marçal,Ratinho Júnior,PSD,"47,10%",3,30/03/2026,
F,BR-04567/2026,Veritá,Presidente,Pará,2,Ratinho x Marçal,Pablo Marçal,União Brasil,"52,90%",3,30/03/2026,
F,BR-04567/2026,Veritá,Presidente,Pará,2,Lula x Caiado,Lula,PT,"54,10%",3,30/03/2026,
F,BR-04567/2026,Veritá,Presidente,Pará,2,Lula x Caiado,Ronaldo Caiado,PSD,"45,90%",3,30/03/2026,
F,MS-03077/2026,Veritá,Governador,Mato Grosso do Sul,1,Cenário 1,Eduardo Riedel,PP,"49,50%",3,30/03/2026,
F,MS-03077/2026,Veritá,Governador,Mato Grosso do Sul,1,Cenário 1,Fábio Trad,PT,"24,50%",3,30/03/2026,
F,MS-03077/2026,Veritá,Governador,Mato Grosso do Sul,1,Cenário 1,João Henrique Catan,Novo,"20,30%",3,30/03/2026,
F,MS-03077/2026,Veritá,Governador,Mato Grosso do Sul,1,Cenário 1,Lucien Rezende,PSOL,"5,70%",3,30/03/2026,
F,MS-03077/2026,Veritá,Senador,Mato Grosso do Sul,1,Cenário 1,Capitão Contar,PRTB,"29,10%",3,30/03/2026,
F,MS-03077/2026,Veritá,Senador,Mato Grosso do Sul,1,Cenário 1,Reinaldo Azambuja,PL,"19,30%",3,30/03/2026,
F,MS-03077/2026,Veritá,Senador,Mato Grosso do Sul,1,Cenário 1,Simone Tebet,MDB,"15,20%",3,30/03/2026,
F,MS-03077/2026,Veritá,Senador,Mato Grosso do Sul,1,Cenário 1,Marcos Pollon,PL,"14,10%",3,30/03/2026,
F,MS-03077/2026,Veritá,Senador,Mato Grosso do Sul,1,Cenário 1,Nelsinho Trad,PSD,"10,90%",3,30/03/2026,
F,MS-03077/2026,Veritá,Senador,Mato Grosso do Sul,1,Cenário 1,Vander Loubet,PT,"8,00%",3,30/03/2026,
F,MS-03077/2026,Veritá,Senador,Mato Grosso do Sul,1,Cenário 1,Soraya Thronicke,Podemos,"3,40%",3,30/03/2026,
F,MS-03077/2026,Veritá,Presidente,Mato Grosso do Sul,1,Cenário 1,Flávio Bolsonaro,PL,"53,50%",3,30/03/2026,
F,MS-03077/2026,Veritá,Presidente,Mato Grosso do Sul,1,Cenário 1,Lula,PT,"30,90%",3,30/03/2026,
F,MS-03077/2026,Veritá,Presidente,Mato Grosso do Sul,1,Cenário 1,Ratinho Júnior,PSD,"4,30%",3,30/03/2026,
F,MS-03077/2026,Veritá,Presidente,Mato Grosso do Sul,1,Cenário 1,Pablo Marçal,União Brasil,"4,30%",3,30/03/2026,
F,MS-03077/2026,Veritá,Presidente,Mato Grosso do Sul,1,Cenário 1,Renan Santos,Missão,"2,60%",3,30/03/2026,
F,MS-03077/2026,Veritá,Presidente,Mato Grosso do Sul,1,Cenário 1,Romeu Zema,Novo,"2,20%",3,30/03/2026,
F,MS-03077/2026,Veritá,Presidente,Mato Grosso do Sul,1,Cenário 1,Ronaldo Caiado,PSD,"1,80%",3,30/03/2026,
F,MS-03077/2026,Veritá,Presidente,Mato Grosso do Sul,1,Cenário 1,Aldo Rebelo,DC,"0,50%",3,30/03/2026,
F,MS-03077/2026,Veritá,Presidente,Mato Grosso do Sul,2,Cenário 1,Flávio Bolsonaro,PL,"63,20%",3,30/03/2026,
F,MS-03077/2026,Veritá,Presidente,Mato Grosso do Sul,2,Cenário 1,Lula,PT,"36,80%",3,30/03/2026,
F,MS-03077/2026,Veritá,Presidente,Mato Grosso do Sul,2,Cenário 2,Ratinho Júnior,PSD,"62,30%",3,30/03/2026,
F,MS-03077/2026,Veritá,Presidente,Mato Grosso do Sul,2,Cenário 2,Lula,PT,"37,70%",3,30/03/2026,
F,MS-03077/2026,Veritá,Presidente,Mato Grosso do Sul,2,Cenário 3,Flávio Bolsonaro,PL,"71,30%",3,30/03/2026,
F,MS-03077/2026,Veritá,Presidente,Mato Grosso do Sul,2,Cenário 3,Ratinho Júnior,PSD,"28,70%",3,30/03/2026,
F,MS-03077/2026,Veritá,Presidente,Mato Grosso do Sul,2,Cenário 4,Pablo Marçal,União Brasil,"59,10%",3,30/03/2026,
F,MS-03077/2026,Veritá,Presidente,Mato Grosso do Sul,2,Cenário 4,Lula,PT,"40,90%",3,30/03/2026,
F,MS-03077/2026,Veritá,Presidente,Mato Grosso do Sul,2,Ratinho x Marçal,Ratinho Júnior,PSD,"56,90%",3,30/03/2026,
F,MS-03077/2026,Veritá,Presidente,Mato Grosso do Sul,2,Ratinho x Marçal,Pablo Marçal,União Brasil,"43,10%",3,30/03/2026,
F,MS-03077/2026,Veritá,Presidente,Mato Grosso do Sul,2,Lula x Caiado,Ronaldo Caiado,PSD,"57,60%",3,30/03/2026,
F,MS-03077/2026,Veritá,Presidente,Mato Grosso do Sul,2,Lula x Caiado,Lula,PT,"42,40%",3,30/03/2026,
F,AP-06595/2026,AtlasIntel,Senador,Amapá,1,Cenário 1,Rayssa Furlan,Pode,"33,70%","±3 p,p,",01/04/2026,
F,AP-06595/2026,AtlasIntel,Senador,Amapá,1,Cenário 1,Lucas Barreto,PSD,"26,40%","±3 p,p,",01/04/2026,
F,BR-06808/2026,AtlasIntel,Presidente,Amapá,2,Cenário 1,Lula,PT,"40,20%","±3 p,p,",01/04/2026,
F,BR-06808/2026,AtlasIntel,Presidente,Amapá,2,Cenário 1,Flávio Bolsonaro,PL,"50,10%","±3 p,p,",01/04/2026,
F,BA-03657/2026,Quaest,Governador,Bahia,1,Cenário 1,ACM Neto,União Brasil,41%,"3,0 p,p,",01/04/2026,
F,BA-03657/2026,Quaest,Governador,Bahia,1,Cenário 1,Jerônimo Rodrigues,PT,37%,"3,0 p,p,",01/04/2026,
F,BA-03657/2026,Quaest,Governador,Bahia,1,Cenário 2,ACM Neto,União Brasil,41%,"3,0 p,p,",01/04/2026,
F,BA-03657/2026,Quaest,Governador,Bahia,1,Cenário 2,Jerônimo Rodrigues,PT,36%,"3,0 p,p,",01/04/2026,
F,BA-03657/2026,Quaest,Governador,Bahia,2,Cenário 1,ACM Neto,União Brasil,41%,"3,0 p,p,",01/04/2026,
F,BA-03657/2026,Quaest,Governador,Bahia,2,Cenário 1,Jerônimo Rodrigues,PT,38%,"3,0 p,p,",01/04/2026,
F,BA-03657/2026,Quaest,Senador,Bahia,1,Cenário 1,Rui Costa,PT,24%,"3,0 p,p,",01/04/2026,
F,BA-03657/2026,Quaest,Senador,Bahia,1,Cenário 1,Jaques Wagner,PT,22%,"3,0 p,p,",01/04/2026,
F,BR-03135/2026,Futura,Presidente,Bahia,1,Cenário 1,Lula,PT,"49,90%","3,1 p,p,",01/04/2026,
F,BR-03135/2026,Futura,Presidente,Bahia,1,Cenário 1,Flávio Bolsonaro,PL,"28,60%","3,1 p,p,",01/04/2026,
F,BR-03135/2026,Futura,Presidente,Bahia,2,Cenário 1,Lula,PT,"55,00%","3,1 p,p,",01/04/2026,
F,BR-03135/2026,Futura,Presidente,Bahia,2,Cenário 1,Ronaldo Caiado,,"31,10%","3,1 p,p,",01/04/2026,
F,MG-01664/2026,AtlasIntel,Governador,Minas Gerais,2,Cenário 1,Cleitinho Azevedo,Republicanos,47%,#ERROR!,01/04/2026,
F,MG-01664/2026,AtlasIntel,Governador,Minas Gerais,2,Cenário 1,Rodrigo Pacheco,,42%,#ERROR!,01/04/2026,
F,BR-05686/2026,AtlasIntel,Presidente,Minas Gerais,1,Cenário 1,Lula,PT,"43,50%",#ERROR!,01/04/2026,
F,BR-05686/2026,AtlasIntel,Presidente,Minas Gerais,1,Cenário 1,Flávio Bolsonaro,PL,"41,30%",#ERROR!,01/04/2026,
F,MG-01664/2026,AtlasIntel,Senador,Minas Gerais,1,Cenário 1,Marília Campos,PT,20%,#ERROR!,01/04/2026,
F,(Não consta),Quaest,Governador,Minas Gerais,1,Cenário 1,Cleitinho Azevedo,Republicanos,30%,(Não consta),01/04/2026,
F,(Não consta),Quaest,Governador,Minas Gerais,1,Cenário 1,Alexandre Kalil,PDT,14%,(Não consta),01/04/2026,
F,PA-09305/2026,Quaest,Governador,Pará,1,Cenário 1,Dr. Daniel Santos,Pode,22%,"3,00%",01/04/2026,
F,PA-09305/2026,Quaest,Governador,Pará,1,Cenário 1,Hana Ghassan,MDB,19%,"3,00%",01/04/2026,
F,PA-09305/2026,Quaest,Governador,Pará,1,Cenário 1,Mário Couto,DC,11%,"3,00%",01/04/2026,
F,PA-09305/2026,Quaest,Governador,Pará,1,Cenário 2,Dr. Daniel Santos,Pode,24%,"3,00%",01/04/2026,
F,PA-09305/2026,Quaest,Governador,Pará,1,Cenário 2,Hana Ghassan,MDB,22%,"3,00%",01/04/2026,
F,PA-09305/2026,Quaest,Governador,Pará,2,Cenário 1,Dr. Daniel Santos,Pode,34%,"3,00%",01/04/2026,
F,PA-09305/2026,Quaest,Governador,Pará,2,Cenário 1,Hana Ghassan,MDB,29%,"3,00%",01/04/2026,
F,PA-09305/2026,Quaest,Senador,Pará,1,Cenário 1,Helder Barbalho,MDB,24%,"3,00%",01/04/2026,
F,PA-09305/2026,Quaest,Senador,Pará,1,Cenário 1,Delegado Éder Mauro,PL,13%,"3,00%",01/04/2026,
F,RJ-00613/2026,Quaest,Governador,Rio de Janeiro,1,Cenário 1,Eduardo Paes,PSD,34%,"3,0 p,p,",01/04/2026,
F,RJ-00613/2026,Quaest,Governador,Rio de Janeiro,1,Cenário 1,Douglas Ruas,PL,9%,"3,0 p,p,",01/04/2026,
F,RJ-00613/2026,Quaest,Governador,Rio de Janeiro,1,Cenário 1,Anthony Garotinho,Republicanos,8%,"3,0 p,p,",01/04/2026,
F,RJ-00613/2026,Quaest,Governador,Rio de Janeiro,1,Cenário 1,Wilson Witzel,DC,3%,"3,0 p,p,",01/04/2026,
F,RJ-00613/2026,Quaest,Governador,Rio de Janeiro,1,Cenário 1,William Siri,PSOL,2%,"3,0 p,p,",01/04/2026,
F,RJ-00613/2026,Quaest,Governador,Rio de Janeiro,1,Cenário 1,André Marinho,Novo,1%,"3,0 p,p,",01/04/2026,
F,RJ-00613/2026,Quaest,Governador,Rio de Janeiro,1,Cenário 1,Cyro Garcia,PSTU,1%,"3,0 p,p,",01/04/2026,
F,RJ-00613/2026,Quaest,Governador,Rio de Janeiro,1,Cenário 1,Juliete Pantoja,UP,1%,"3,0 p,p,",01/04/2026,
F,RJ-00613/2026,Quaest,Governador,Rio de Janeiro,1,Cenário 1,Rafael Luz,Missão,1%,"3,0 p,p,",01/04/2026,
F,RJ-00613/2026,Quaest,Governador,Rio de Janeiro,1,Cenário 1,Branco/Nulo/Nenhum,,40%,"3,0 p,p,",01/04/2026,
F,BR-01920/2026,Paraná Pesquisas,Presidente,Rio de Janeiro,1,Cenário 1,Flávio Bolsonaro,PL,"39,60%","2,4 p,p,",01/04/2026,
F,BR-01920/2026,Paraná Pesquisas,Presidente,Rio de Janeiro,1,Cenário 1,Lula,PT,"36,70%","2,4 p,p,",01/04/2026,
F,BR-01920/2026,Paraná Pesquisas,Presidente,Rio de Janeiro,1,Cenário 1,Romeu Zema,Novo,"2,10%","2,4 p,p,",01/04/2026,
F,BR-01920/2026,Paraná Pesquisas,Presidente,Rio de Janeiro,1,Cenário 1,Ronaldo Caiado,União Brasil,"2,00%","2,4 p,p,",01/04/2026,
F,RS-03000/2026,Quaest,Governador,Rio Grande do Sul,1,Cenário 1,Juliana Brizola,PDT,24%,"3,00%",01/04/2026,
F,RS-03000/2026,Quaest,Governador,Rio Grande do Sul,1,Cenário 1,Luciano Zucco,PL,21%,"3,00%",01/04/2026,
F,RS-03000/2026,Quaest,Governador,Rio Grande do Sul,1,Cenário 1,Gabriel Souza,MDB,6%,"3,00%",01/04/2026,
F,RS-03000/2026,Quaest,Governador,Rio Grande do Sul,1,Cenário 1,Marcelo Maranata,PSDB,2%,"3,00%",01/04/2026,
F,RS-03000/2026,Quaest,Governador,Rio Grande do Sul,1,Cenário 1,Rejane Oliveira,PSTU,1%,"3,00%",01/04/2026,
F,RS-03000/2026,Quaest,Governador,Rio Grande do Sul,2,Cenário 1,Juliana Brizola,PDT,35%,"3,00%",01/04/2026,
F,RS-03000/2026,Quaest,Governador,Rio Grande do Sul,2,Cenário 1,Luciano Zucco,PL,27%,"3,00%",01/04/2026,
F,RS-03000/2026,Quaest,Governador,Rio Grande do Sul,2,Cenário 2,Juliana Brizola,PDT,35%,"3,00%",01/04/2026,
F,RS-03000/2026,Quaest,Governador,Rio Grande do Sul,2,Cenário 2,Gabriel Souza,MDB,17%,"3,00%",01/04/2026,
F,RS-03000/2026,Quaest,Governador,Rio Grande do Sul,2,Cenário 3,Luciano Zucco,PL,28%,"3,00%",01/04/2026,
F,RS-03000/2026,Quaest,Governador,Rio Grande do Sul,2,Cenário 3,Gabriel Souza,MDB,20%,"3,00%",01/04/2026,
F,RS-03000/2026,Quaest,Senador,Rio Grande do Sul,1,Cenário 1,Manuela D'Ávila,PSOL,14%,"3,00%",01/04/2026,
F,RS-03000/2026,Quaest,Senador,Rio Grande do Sul,1,Cenário 1,Germano Rigotto,MDB,12%,"3,00%",01/04/2026,
F,RS-03000/2026,Quaest,Senador,Rio Grande do Sul,1,Cenário 1,Paulo Pimenta,PT,9%,"3,00%",01/04/2026,
F,RS-03000/2026,Quaest,Senador,Rio Grande do Sul,1,Cenário 1,Marcel Van Hattem,Novo,9%,"3,00%",01/04/2026,
F,RS-03000/2026,Quaest,Senador,Rio Grande do Sul,1,Cenário 1,Ubiratan Sanderson,PL,7%,"3,00%",01/04/2026,
F,SC-05257/2026,AtlasIntel,Governador,Santa Catarina,1,Cenário 1,Jorginho Mello,PL,"48,30%","±3 p,p,",01/04/2026,
F,SC-05257/2026,AtlasIntel,Governador,Santa Catarina,1,Cenário 1,João Rodrigues,PSD,"21,60%","±3 p,p,",01/04/2026,
F,SC-05257/2026,AtlasIntel,Governador,Santa Catarina,1,Cenário 1,Gelson Merisio,PSB,"14,10%","±3 p,p,",01/04/2026,
F,SC-05257/2026,AtlasIntel,Governador,Santa Catarina,1,Cenário 1,Marcelo Brigadeiro,NOVO,"5,70%","±3 p,p,",01/04/2026,
F,SC-05257/2026,AtlasIntel,Governador,Santa Catarina,1,Cenário 1,Marcos Vieira,PSDB,"1,50%","±3 p,p,",01/04/2026,
F,SC-05257/2026,AtlasIntel,Governador,Santa Catarina,2,Cenário 1,Jorginho Mello,PL,"60,70%","±3 p,p,",01/04/2026,
F,SC-05257/2026,AtlasIntel,Governador,Santa Catarina,2,Cenário 1,Gelson Merisio,PSB,"22,80%","±3 p,p,",01/04/2026,
F,SC-05257/2026,AtlasIntel,Governador,Santa Catarina,2,Cenário 2,Jorginho Mello,PL,"59,10%","±3 p,p,",01/04/2026,
F,SC-05257/2026,AtlasIntel,Governador,Santa Catarina,2,Cenário 2,Décio Lima,PT,"26,80%","±3 p,p,",01/04/2026,
F,SC-05257/2026,AtlasIntel,Governador,Santa Catarina,2,Cenário 3,Jorginho Mello,PL,"53,10%","±3 p,p,",01/04/2026,
F,SC-05257/2026,AtlasIntel,Governador,Santa Catarina,2,Cenário 3,João Rodrigues,PSD,"30,30%","±3 p,p,",01/04/2026,
F,SC-05257/2026,AtlasIntel,Governador,Santa Catarina,2,Cenário 4,João Rodrigues,PSD,"52,60%","±3 p,p,",01/04/2026,
F,SC-05257/2026,AtlasIntel,Governador,Santa Catarina,2,Cenário 4,Gelson Merisio,PSB,"17,60%","±3 p,p,",01/04/2026,
F,SC-05257/2026,AtlasIntel,Senador,Santa Catarina,1,Cenário 1,Carol De Toni,PL,"30,70%","±3 p,p,",01/04/2026,
F,SC-05257/2026,AtlasIntel,Senador,Santa Catarina,1,Cenário 1,Esperidião Amin,PP,"20,10%","±3 p,p,",01/04/2026,
F,SC-05257/2026,AtlasIntel,Senador,Santa Catarina,1,Cenário 1,Carlos Bolsonaro,PL,"18,30%","±3 p,p,",01/04/2026,
F,SC-05257/2026,AtlasIntel,Senador,Santa Catarina,1,Cenário 1,Décio Lima,PT,"13,40%","±3 p,p,",01/04/2026,
F,SC-05257/2026,AtlasIntel,Senador,Santa Catarina,1,Cenário 1,Afrânio Boppré,PSOL,"9,70%","±3 p,p,",01/04/2026,
F,BR-01666/2026,AtlasIntel,Presidente,Santa Catarina,1,Cenário 1,Flávio Bolsonaro,PL,"53,20%","±3 p,p,",01/04/2026,
F,BR-01666/2026,AtlasIntel,Presidente,Santa Catarina,1,Cenário 1,Lula,PT,"28,50%","±3 p,p,",01/04/2026,
F,BR-01666/2026,AtlasIntel,Presidente,Santa Catarina,1,Cenário 1,Renan Santos,MISSÃO,"5,30%","±3 p,p,",01/04/2026,
F,BR-01666/2026,AtlasIntel,Presidente,Santa Catarina,1,Cenário 1,Ronaldo Caiado,PSD,"4,80%","±3 p,p,",01/04/2026,
F,BR-01666/2026,AtlasIntel,Presidente,Santa Catarina,1,Cenário 1,Romeu Zema,NOVO,"4,30%","±3 p,p,",01/04/2026,
F,BR-01666/2026,AtlasIntel,Presidente,Santa Catarina,1,Cenário 1,Aldo Rebelo,DC,"0,70%","±3 p,p,",01/04/2026,
F,BR-01666/2026,AtlasIntel,Presidente,Santa Catarina,2,Cenário 1,Flávio Bolsonaro,PL,"59,40%","±3 p,p,",01/04/2026,
F,BR-01666/2026,AtlasIntel,Presidente,Santa Catarina,2,Cenário 1,Lula,PT,"31,10%","±3 p,p,",01/04/2026,
F,BR-01666/2026,AtlasIntel,Presidente,Santa Catarina,2,Cenário 2,Jair Bolsonaro,PL,"60,60%","±3 p,p,",01/04/2026,
F,BR-01666/2026,AtlasIntel,Presidente,Santa Catarina,2,Cenário 2,Lula,PT,"30,90%","±3 p,p,",01/04/2026,
F,BR-01666/2026,AtlasIntel,Presidente,Santa Catarina,2,Cenário 3,Romeu Zema,NOVO,"52,40%","±3 p,p,",01/04/2026,
F,BR-01666/2026,AtlasIntel,Presidente,Santa Catarina,2,Cenário 3,Lula,PT,"27,60%","±3 p,p,",01/04/2026,
F,BR-01666/2026,AtlasIntel,Presidente,Santa Catarina,2,Cenário 4,Ronaldo Caiado,PSD,"50,80%","±3 p,p,",01/04/2026,
F,BR-01666/2026,AtlasIntel,Presidente,Santa Catarina,2,Cenário 4,Lula,PT,"27,30%","±3 p,p,",01/04/2026,
F,BR-01971/2026,Futura,Presidente,Santa Catarina,1,Cenário 1,Flávio Bolsonaro,,"51,40%","3,5 p,p",01/04/2026,
F,BR-01971/2026,Futura,Presidente,Santa Catarina,1,Cenário 1,Lula,,"21,20%","3,5 p,p",01/04/2026,
F,BR-01971/2026,Futura,Presidente,Santa Catarina,1,Cenário 1,Romeu Zema,,"5,90%","3,5 p,p",01/04/2026,
F,BR-01971/2026,Futura,Presidente,Santa Catarina,1,Cenário 1,Ronaldo Caiado,,"3,50%","3,5 p,p",01/04/2026,
F,BR-01971/2026,Futura,Presidente,Santa Catarina,1,Cenário 1,Renan Santos,,"2,00%","3,5 p,p",01/04/2026,
F,BR-01971/2026,Futura,Presidente,Santa Catarina,1,Cenário 1,Cabo Daciolo,,"1,50%","3,5 p,p",01/04/2026,
F,BR-01971/2026,Futura,Presidente,Santa Catarina,1,Cenário 1,Augusto Cury,,"1,40%","3,5 p,p",01/04/2026,
F,BR-01971/2026,Futura,Presidente,Santa Catarina,1,Cenário 1,Aldo Rebelo,,"0,30%","3,5 p,p",01/04/2026,
F,BR-01971/2026,Futura,Presidente,Santa Catarina,1,Cenário 2,Flávio Bolsonaro,,"52,90%","3,5 p,p",01/04/2026,
F,BR-01971/2026,Futura,Presidente,Santa Catarina,1,Cenário 2,Lula,,"21,70%","3,5 p,p",01/04/2026,
F,BR-01971/2026,Futura,Presidente,Santa Catarina,1,Cenário 2,Ronaldo Caiado,,"5,60%","3,5 p,p",01/04/2026,
F,BR-01971/2026,Futura,Presidente,Santa Catarina,1,Cenário 2,Augusto Cury,,"3,10%","3,5 p,p",01/04/2026,
F,BR-01971/2026,Futura,Presidente,Santa Catarina,1,Cenário 2,Renan Santos,,"2,10%","3,5 p,p",01/04/2026,
F,BR-01971/2026,Futura,Presidente,Santa Catarina,1,Cenário 2,Cabo Daciolo,,"1,70%","3,5 p,p",01/04/2026,
F,BR-01971/2026,Futura,Presidente,Santa Catarina,1,Cenário 2,Aldo Rebelo,,"0,80%","3,5 p,p",01/04/2026,
F,BR-01971/2026,Futura,Presidente,Santa Catarina,2,Cenário 1,Ronaldo Caiado,,"52,40%","3,5 p,p",01/04/2026,
F,BR-01971/2026,Futura,Presidente,Santa Catarina,2,Cenário 1,Lula,,"23,60%","3,5 p,p",01/04/2026,
F,BR-01971/2026,Futura,Presidente,Santa Catarina,2,Cenário 2,Romeu Zema,,"56,80%","3,5 p,p",01/04/2026,
F,BR-01971/2026,Futura,Presidente,Santa Catarina,2,Cenário 2,Lula,,"23,70%","3,5 p,p",01/04/2026,
F,BR-01971/2026,Futura,Presidente,Santa Catarina,2,Cenário 3,Flávio Bolsonaro,,"64,90%","3,5 p,p",01/04/2026,
F,BR-01971/2026,Futura,Presidente,Santa Catarina,2,Cenário 3,Lula,,"24,30%","3,5 p,p",01/04/2026,
F,SP-03583/26,Quaest,Governador,São Paulo,1,Cenário 1,Tarcísio de Freitas,Republicanos,38%,2,01/04/2026,
F,SP-03583/26,Quaest,Governador,São Paulo,1,Cenário 1,Fernando Haddad,PT,26%,2,01/04/2026,
F,SP-03583/26,Quaest,Governador,São Paulo,1,Cenário 1,Kim Kataguiri,Missão,5%,2,01/04/2026,
F,SP-03583/26,Quaest,Governador,São Paulo,1,Cenário 1,Paulo Serra,PSDB,5%,2,01/04/2026,
F,SP-03583/26,Quaest,Governador,São Paulo,2,Cenário 1,Tarcísio de Freitas,Republicanos,49%,2,01/04/2026,
F,SP-03583/26,Quaest,Governador,São Paulo,2,Cenário 1,Fernando Haddad,PT,32%,2,01/04/2026,
F,SP-03583/26,Quaest,Senador,São Paulo,1,Cenário 1,Simone Tebet,PSB,14%,2,01/04/2026,
F,SP-03583/26,Quaest,Senador,São Paulo,1,Cenário 1,Márcio França,PSB,12%,2,01/04/2026,
F,SP-03583/26,Quaest,Senador,São Paulo,1,Cenário 1,Guilherme Derrite,PP,8%,2,01/04/2026,
F,SP-03583/26,Quaest,Senador,São Paulo,1,Cenário 1,Ricardo Salles,Novo,6%,2,01/04/2026,
F,SP-03583/26,Quaest,Senador,São Paulo,1,Cenário 1,André do Prado,PL,5%,2,01/04/2026,
F,SP-03583/26,Quaest,Senador,São Paulo,1,Cenário 1,José Aníbal,PSDB,4%,2,01/04/2026,
F,SE-01233/2026,Veritá,Governador,Sergipe,1,Cenário 1,Fábio Mitidieri,PSD,"44,20%",3,04/04/2026,
F,SE-01233/2026,Veritá,Governador,Sergipe,1,Cenário 1,Valmir de Francisquinho,Republicanos,"34,50%",3,04/04/2026,
F,SE-01233/2026,Veritá,Governador,Sergipe,1,Cenário 1,Ricardo Marques,Cidadania,"17,60%",3,04/04/2026,
F,SE-01233/2026,Veritá,Governador,Sergipe,1,Cenário 1,Dr. Emerson,PSOL,"3,60%",3,04/04/2026,
F,SE-01233/2026,Veritá,Governador,Sergipe,1,Cenário 1,Emanoel Cacho,Sem partido,"0,10%",3,04/04/2026,
F,SE-01233/2026,Veritá,Senador,Sergipe,1,Cenário 1,Alessandro Vieira,MDB,"24,70%",3,04/04/2026,
F,SE-01233/2026,Veritá,Senador,Sergipe,1,Cenário 1,André Moura,União Brasil,"19,70%",3,04/04/2026,
F,SE-01233/2026,Veritá,Senador,Sergipe,1,Cenário 1,Rogério Carvalho,PT,"13,00%",3,04/04/2026,
F,SE-01233/2026,Veritá,Senador,Sergipe,1,Cenário 1,Rodrigo Valadares,União Brasil,"12,70%",3,04/04/2026,
F,SE-01233/2026,Veritá,Senador,Sergipe,1,Cenário 1,Edvaldo Nogueira,PCdoB,"11,10%",3,04/04/2026,
F,SE-01233/2026,Veritá,Senador,Sergipe,1,Cenário 1,Eduardo Amorim,Republicanos,"8,60%",3,04/04/2026,
F,SE-01233/2026,Veritá,Senador,Sergipe,1,Cenário 1,Adailton,PL,"4,50%",3,04/04/2026,
F,SE-01233/2026,Veritá,Senador,Sergipe,1,Cenário 1,Georgeo Passos,Cidadania,"3,70%",3,04/04/2026,
F,SE-01233/2026,Veritá,Senador,Sergipe,1,Cenário 1,Iran Barbosa,PSOL,"2,00%",3,04/04/2026,
F,BR-01637/2026,Veritá,Presidente,Sergipe,1,Cenário 1,Lula,PT,"51,30%",3,04/04/2026,
F,BR-01637/2026,Veritá,Presidente,Sergipe,1,Cenário 1,Flávio Bolsonaro,PL,"39,10%",3,04/04/2026,
F,BR-01637/2026,Veritá,Presidente,Sergipe,1,Cenário 1,Ratinho Júnior,PSD,"3,30%",3,04/04/2026,
F,BR-01637/2026,Veritá,Presidente,Sergipe,1,Cenário 1,Ronaldo Caiado,PSD,"2,60%",3,04/04/2026,
F,BR-01637/2026,Veritá,Presidente,Sergipe,1,Cenário 1,Pablo Marçal,União Brasil,"2,10%",3,04/04/2026,
F,BR-01637/2026,Veritá,Presidente,Sergipe,1,Cenário 1,Renan Santos,Missão,"0,80%",3,04/04/2026,
F,BR-01637/2026,Veritá,Presidente,Sergipe,1,Cenário 1,Romeu Zema,Novo,"0,50%",3,04/04/2026,
F,BR-01637/2026,Veritá,Presidente,Sergipe,1,Cenário 1,Aldo Rebelo,DC,"0,20%",3,04/04/2026,
F,BR-01637/2026,Veritá,Presidente,Sergipe,2,Cenário 1,Lula,PT,"55,70%",3,04/04/2026,
F,BR-01637/2026,Veritá,Presidente,Sergipe,2,Cenário 1,Flávio Bolsonaro,PL,"44,30%",3,04/04/2026,
F,BR-01637/2026,Veritá,Presidente,Sergipe,2,Cenário 2,Lula,PT,"58,40%",3,04/04/2026,
F,BR-01637/2026,Veritá,Presidente,Sergipe,2,Cenário 2,Ratinho Júnior,PSD,"41,60%",3,04/04/2026,
F,BR-01637/2026,Veritá,Presidente,Sergipe,2,Cenário 3,Flávio Bolsonaro,PL,"61,50%",3,04/04/2026,
F,BR-01637/2026,Veritá,Presidente,Sergipe,2,Cenário 3,Ratinho Júnior,PSD,"38,50%",3,04/04/2026,
F,BR-01637/2026,Veritá,Presidente,Sergipe,2,Cenário 4,Lula,PT,"63,50%",3,04/04/2026,
F,BR-01637/2026,Veritá,Presidente,Sergipe,2,Cenário 4,Pablo Marçal,União Brasil,"36,50%",3,04/04/2026,
F,BR-01637/2026,Veritá,Presidente,Sergipe,2,Ratinho x Marçal,Ratinho Júnior,PSD,"52,00%",3,04/04/2026,
F,BR-01637/2026,Veritá,Presidente,Sergipe,2,Ratinho x Marçal,Pablo Marçal,União Brasil,"48,00%",3,04/04/2026,
F,BR-01637/2026,Veritá,Presidente,Sergipe,2,Lula x Caiado,Lula,PT,"64,80%",3,04/04/2026,
F,BR-01637/2026,Veritá,Presidente,Sergipe,2,Lula x Caiado,Ronaldo Caiado,PSD,"35,20%",3,04/04/2026,
F,SC-08607/2026,Veritá,Governador,Santa Catarina,1,Cenário 1,Jorginho Mello,PL,"68,80%","2,5",04/04/2026,
F,SC-08607/2026,Veritá,Governador,Santa Catarina,1,Cenário 1,João Rodrigues,PSD,"20,00%","2,5",04/04/2026,
F,SC-08607/2026,Veritá,Governador,Santa Catarina,1,Cenário 1,Afrânio Boppré,PSOL,"6,20%","2,5",04/04/2026,
F,SC-08607/2026,Veritá,Governador,Santa Catarina,1,Cenário 1,Gelson Merísio,Solidariedade,"3,00%","2,5",04/04/2026,
F,SC-08607/2026,Veritá,Governador,Santa Catarina,1,Cenário 1,Marcelo Brigadeiro,Missão,"1,80%","2,5",04/04/2026,
F,SC-08607/2026,Veritá,Governador,Santa Catarina,1,Cenário 1,Marcos Vieira,PSDB,"0,30%","2,5",04/04/2026,
F,SC-08607/2026,Veritá,Senador,Santa Catarina,1,Cenário 1,Carlos Bolsonaro,PL,"38,80%","2,5",04/04/2026,
F,SC-08607/2026,Veritá,Senador,Santa Catarina,1,Cenário 1,Carol de Toni,PL,"23,00%","2,5",04/04/2026,
F,SC-08607/2026,Veritá,Senador,Santa Catarina,1,Cenário 1,Décio Lima,PT,"16,20%","2,5",04/04/2026,
F,SC-08607/2026,Veritá,Senador,Santa Catarina,1,Cenário 1,Espiridião Amin,PP,"9,60%","2,5",04/04/2026,
F,SC-08607/2026,Veritá,Senador,Santa Catarina,1,Cenário 1,Clésio Sálvaro,PSD,"6,10%","2,5",04/04/2026,
F,SC-08607/2026,Veritá,Senador,Santa Catarina,1,Cenário 1,Carlos Chiodini,MDB,"2,80%","2,5",04/04/2026,
F,SC-08607/2026,Veritá,Senador,Santa Catarina,1,Cenário 1,Gilson Marques,NOVO,"2,50%","2,5",04/04/2026,
F,SC-08607/2026,Veritá,Senador,Santa Catarina,1,Cenário 1,Tânia Ramos,PSOL,"1,00%","2,5",04/04/2026,
F,SC-08607/2026,Veritá,Senador,Santa Catarina,1,Cenário 1,Vinícius Lummertz,MDB,"0,10%","2,5",04/04/2026,
F,BR-01798/2026,Veritá,Presidente,Santa Catarina,1,Cenário 1,Flávio Bolsonaro,PL,"61,90%","2,5",04/04/2026,
F,BR-01798/2026,Veritá,Presidente,Santa Catarina,1,Cenário 1,Lula,PT,"21,50%","2,5",04/04/2026,
F,BR-01798/2026,Veritá,Presidente,Santa Catarina,1,Cenário 1,Ratinho Júnior,PSD,"5,70%","2,5",04/04/2026,
F,BR-01798/2026,Veritá,Presidente,Santa Catarina,1,Cenário 1,Romeu Zema,Novo,"4,20%","2,5",04/04/2026,
F,BR-01798/2026,Veritá,Presidente,Santa Catarina,1,Cenário 1,Pablo Marçal,União Brasil,"2,60%","2,5",04/04/2026,
F,BR-01798/2026,Veritá,Presidente,Santa Catarina,1,Cenário 1,Renan Santos,Missão,"2,30%","2,5",04/04/2026,
F,BR-01798/2026,Veritá,Presidente,Santa Catarina,1,Cenário 1,Ronaldo Caiado,PSD,"1,80%","2,5",04/04/2026,
F,BR-01798/2026,Veritá,Presidente,Santa Catarina,1,Cenário 1,Aldo Rebelo,DC,"0,10%","2,5",04/04/2026,
F,BR-01798/2026,Veritá,Presidente,Santa Catarina,2,Cenário 1,Flávio Bolsonaro,PL,"73,90%","2,5",04/04/2026,
F,BR-01798/2026,Veritá,Presidente,Santa Catarina,2,Cenário 1,Lula,PT,"26,10%","2,5",04/04/2026,
F,BR-01798/2026,Veritá,Presidente,Santa Catarina,2,Cenário 2,Ratinho Júnior,PSD,"71,90%","2,5",04/04/2026,
F,BR-01798/2026,Veritá,Presidente,Santa Catarina,2,Cenário 2,Lula,PT,"28,10%","2,5",04/04/2026,
F,BR-01798/2026,Veritá,Presidente,Santa Catarina,2,Cenário 3,Flávio Bolsonaro,PL,"72,40%","2,5",04/04/2026,
F,BR-01798/2026,Veritá,Presidente,Santa Catarina,2,Cenário 3,Ratinho Júnior,PSD,"27,60%","2,5",04/04/2026,
F,BR-01798/2026,Veritá,Presidente,Santa Catarina,2,Cenário 4,Pablo Marçal,União Brasil,"68,80%","2,5",04/04/2026,
F,BR-01798/2026,Veritá,Presidente,Santa Catarina,2,Cenário 4,Lula,PT,"31,20%","2,5",04/04/2026,
F,BR-01798/2026,Veritá,Presidente,Santa Catarina,2,Ratinho x Marçal,Ratinho Júnior,PSD,"65,20%","2,5",04/04/2026,
F,BR-01798/2026,Veritá,Presidente,Santa Catarina,2,Ratinho x Marçal,Pablo Marçal,União Brasil,"34,80%","2,5",04/04/2026,
F,BR-01798/2026,Veritá,Presidente,Santa Catarina,2,Lula x Caiado,Ronaldo Caiado,PSD,"66,10%","2,5",04/04/2026,
F,BR-01798/2026,Veritá,Presidente,Santa Catarina,2,Lula x Caiado,Lula,PT,"33,90%","2,5",04/04/2026,
F,RJ-03394/2026,Veritá,Governador,Rio de Janeiro,1,Cenário 1,Eduardo Paes,PSD,"49,70%","2,5",04/04/2026,
F,RJ-03394/2026,Veritá,Governador,Rio de Janeiro,1,Cenário 1,Douglas Ruas,PL,"32,70%","2,5",04/04/2026,
F,RJ-03394/2026,Veritá,Governador,Rio de Janeiro,1,Cenário 1,William Siri,PSOL,"8,20%","2,5",04/04/2026,
F,RJ-03394/2026,Veritá,Governador,Rio de Janeiro,1,Cenário 1,Wilson Witzel,Democrata,"4,00%","2,5",04/04/2026,
F,RJ-03394/2026,Veritá,Governador,Rio de Janeiro,1,Cenário 1,Cyro Garcia,PSTU,"2,80%","2,5",04/04/2026,
F,RJ-03394/2026,Veritá,Governador,Rio de Janeiro,1,Cenário 1,Rafael Luz,Missão,"2,70%","2,5",04/04/2026,
F,RJ-03394/2026,Veritá,Senador,Rio de Janeiro,1,Cenário 1,Benedita da Silva,PT,"34,80%","2,5",04/04/2026,
F,RJ-03394/2026,Veritá,Senador,Rio de Janeiro,1,Cenário 1,Cláudio Castro,PL,"32,70%","2,5",04/04/2026,
F,RJ-03394/2026,Veritá,Senador,Rio de Janeiro,1,Cenário 1,Márcio Canella,União Brasil,"10,40%","2,5",04/04/2026,
F,RJ-03394/2026,Veritá,Senador,Rio de Janeiro,1,Cenário 1,Rodrigo Pimentel,Novo,"8,00%","2,5",04/04/2026,
F,RJ-03394/2026,Veritá,Senador,Rio de Janeiro,1,Cenário 1,Marcelo Crivella,Republicanos,"7,00%","2,5",04/04/2026,
F,RJ-03394/2026,Veritá,Senador,Rio de Janeiro,1,Cenário 1,Helio Secco,Missão,"4,20%","2,5",04/04/2026,
F,RJ-03394/2026,Veritá,Senador,Rio de Janeiro,1,Cenário 1,Pedro Paulo,PSD,"1,50%","2,5",04/04/2026,
F,RJ-03394/2026,Veritá,Senador,Rio de Janeiro,1,Cenário 1,José de Abreu,PT,"1,50%","2,5",04/04/2026,
F,BR-01129/2026,Veritá,Presidente,Rio de Janeiro,1,Cenário 1,Flávio Bolsonaro,PL,"47,30%","2,5",04/04/2026,
F,BR-01129/2026,Veritá,Presidente,Rio de Janeiro,1,Cenário 1,Lula,PT,"41,80%","2,5",04/04/2026,
F,BR-01129/2026,Veritá,Presidente,Rio de Janeiro,1,Cenário 1,Pablo Marçal,União Brasil,"2,60%","2,5",04/04/2026,
F,BR-01129/2026,Veritá,Presidente,Rio de Janeiro,1,Cenário 1,Renan Santos,Missão,"2,20%","2,5",04/04/2026,
F,BR-01129/2026,Veritá,Presidente,Rio de Janeiro,1,Cenário 1,Ratinho Júnior,PSD,"2,00%","2,5",04/04/2026,
F,BR-01129/2026,Veritá,Presidente,Rio de Janeiro,1,Cenário 1,Romeu Zema,Novo,"1,90%","2,5",04/04/2026,
F,BR-01129/2026,Veritá,Presidente,Rio de Janeiro,1,Cenário 1,Ronaldo Caiado,PSD,"1,60%","2,5",04/04/2026,
F,BR-01129/2026,Veritá,Presidente,Rio de Janeiro,1,Cenário 1,Aldo Rebelo,DC,"0,50%","2,5",04/04/2026,
F,BR-01129/2026,Veritá,Presidente,Rio de Janeiro,2,Cenário 1,Flávio Bolsonaro,PL,"53,60%","2,5",04/04/2026,
F,BR-01129/2026,Veritá,Presidente,Rio de Janeiro,2,Cenário 1,Lula,PT,"46,40%","2,5",04/04/2026,
F,BR-01129/2026,Veritá,Presidente,Rio de Janeiro,2,Cenário 2,Lula,PT,"51,80%","2,5",04/04/2026,
F,BR-01129/2026,Veritá,Presidente,Rio de Janeiro,2,Cenário 2,Ratinho Júnior,PSD,"48,20%","2,5",04/04/2026,
F,BR-01129/2026,Veritá,Presidente,Rio de Janeiro,2,Cenário 3,Flávio Bolsonaro,PL,"73,70%","2,5",04/04/2026,
F,BR-01129/2026,Veritá,Presidente,Rio de Janeiro,2,Cenário 3,Ratinho Júnior,PSD,"26,30%","2,5",04/04/2026,
F,BR-01129/2026,Veritá,Presidente,Rio de Janeiro,2,Cenário 4,Lula,PT,"52,10%","2,5",04/04/2026,
F,BR-01129/2026,Veritá,Presidente,Rio de Janeiro,2,Cenário 4,Pablo Marçal,União Brasil,"47,90%","2,5",04/04/2026,
F,BR-01129/2026,Veritá,Presidente,Rio de Janeiro,2,Ratinho x Marçal,Ratinho Júnior,PSD,"50,30%","2,5",04/04/2026,
F,BR-01129/2026,Veritá,Presidente,Rio de Janeiro,2,Ratinho x Marçal,Pablo Marçal,União Brasil,"49,70%","2,5",04/04/2026,
F,BR-01129/2026,Veritá,Presidente,Rio de Janeiro,2,Lula x Caiado,Lula,PT,"57,30%","2,5",04/04/2026,
F,BR-01129/2026,Veritá,Presidente,Rio de Janeiro,2,Lula x Caiado,Ronaldo Caiado,PSD,"42,70%","2,5",04/04/2026,
F,RR-06328/2026,Veritá,Governador,Roraima,1,Cenário 1,Arthur Henrique,PL,"60,00%","3,5",04/04/2026,
F,RR-06328/2026,Veritá,Governador,Roraima,1,Cenário 1,Edilson Damião,Republicanos,"31,70%","3,5",04/04/2026,
F,RR-06328/2026,Veritá,Governador,Roraima,1,Cenário 1,Juscelino Kubitschek Pereira,PT,"5,90%","3,5",04/04/2026,
F,RR-06328/2026,Veritá,Governador,Roraima,1,Cenário 1,Dr. Raposo,PP,"2,30%","3,5",04/04/2026,
F,RR-06328/2026,Veritá,Senador,Roraima,1,Cenário 1,Antonio Denarium,PP,"53,40%","3,5",04/04/2026,
F,RR-06328/2026,Veritá,Senador,Roraima,1,Cenário 1,Teresa Surita,MDB,"37,30%","3,5",04/04/2026,
F,RR-06328/2026,Veritá,Senador,Roraima,1,Cenário 1,Hélio Lopes,PL,"9,40%","3,5",04/04/2026,
F,BR-01469/2026,Veritá,Presidente,Roraima,1,Cenário 1,Flávio Bolsonaro,PL,"72,60%","3,5",04/04/2026,
F,BR-01469/2026,Veritá,Presidente,Roraima,1,Cenário 1,Lula,PT,"19,30%","3,5",04/04/2026,
F,BR-01469/2026,Veritá,Presidente,Roraima,1,Cenário 1,Pablo Marçal,União Brasil,"1,90%","3,5",04/04/2026,
F,BR-01469/2026,Veritá,Presidente,Roraima,1,Cenário 1,Renan Santos,Missão,"1,80%","3,5",04/04/2026,
F,BR-01469/2026,Veritá,Presidente,Roraima,1,Cenário 1,Ronaldo Caiado,PSD,"1,80%","3,5",04/04/2026,
F,BR-01469/2026,Veritá,Presidente,Roraima,1,Cenário 1,Ratinho Júnior,PSD,"1,30%","3,5",04/04/2026,
F,BR-01469/2026,Veritá,Presidente,Roraima,1,Cenário 1,Romeu Zema,Novo,"0,80%","3,5",04/04/2026,
F,BR-01469/2026,Veritá,Presidente,Roraima,1,Cenário 1,Aldo Rebelo,DC,"0,60%","3,5",04/04/2026,
F,BR-01469/2026,Veritá,Presidente,Roraima,2,Cenário 1,Flávio Bolsonaro,PL,"78,50%","3,5",04/04/2026,
F,BR-01469/2026,Veritá,Presidente,Roraima,2,Cenário 1,Lula,PT,"21,50%","3,5",04/04/2026,
F,BR-01469/2026,Veritá,Presidente,Roraima,2,Cenário 2,Ratinho Júnior,PSD,"71,20%","3,5",04/04/2026,
F,BR-01469/2026,Veritá,Presidente,Roraima,2,Cenário 2,Lula,PT,"28,80%","3,5",04/04/2026,
F,BR-01469/2026,Veritá,Presidente,Roraima,2,Cenário 3,Flávio Bolsonaro,PL,"88,00%","3,5",04/04/2026,
F,BR-01469/2026,Veritá,Presidente,Roraima,2,Cenário 3,Ratinho Júnior,PSD,"12,00%","3,5",04/04/2026,
F,BR-01469/2026,Veritá,Presidente,Roraima,2,Cenário 4,Pablo Marçal,União Brasil,"69,60%","3,5",04/04/2026,
F,BR-01469/2026,Veritá,Presidente,Roraima,2,Cenário 4,Lula,PT,"30,40%","3,5",04/04/2026,
F,BR-01469/2026,Veritá,Presidente,Roraima,2,Ratinho x Marçal,Ratinho Júnior,PSD,"36,90%","3,5",04/04/2026,
F,BR-01469/2026,Veritá,Presidente,Roraima,2,Ratinho x Marçal,Pablo Marçal,União Brasil,"63,10%","3,5",04/04/2026,
F,BR-01469/2026,Veritá,Presidente,Roraima,2,Lula x Caiado,Ronaldo Caiado,PSD,"65,30%","3,5",04/04/2026,
F,BR-01469/2026,Veritá,Presidente,Roraima,2,Lula x Caiado,Lula,PT,"34,70%","3,5",04/04/2026,
F,RS-09008/2026,Veritá,Governador,Rio Grande do Sul,1,Cenário 1,Luciano Zucco,PL,"45,30%","2,5",04/04/2026,
F,RS-09008/2026,Veritá,Governador,Rio Grande do Sul,1,Cenário 1,Edegar Pretto,PT,"28,40%","2,5",04/04/2026,
F,RS-09008/2026,Veritá,Governador,Rio Grande do Sul,1,Cenário 1,Juliana Brizola,PDT,"11,60%","2,5",04/04/2026,
F,RS-09008/2026,Veritá,Governador,Rio Grande do Sul,1,Cenário 1,Gabriel Souza,MDB,"6,90%","2,5",04/04/2026,
F,RS-09008/2026,Veritá,Governador,Rio Grande do Sul,1,Cenário 1,Marcelo Maranata,PSDB,"5,00%","2,5",04/04/2026,
F,RS-09008/2026,Veritá,Governador,Rio Grande do Sul,1,Cenário 1,Covatti Filho,PP,"2,80%","2,5",04/04/2026,
F,RS-09008/2026,Veritá,Senador,Rio Grande do Sul,1,Cenário 1,Marcel Van Hattem,Novo,"30,40%","2,5",04/04/2026,
F,RS-09008/2026,Veritá,Senador,Rio Grande do Sul,1,Cenário 1,Eduardo Leite,PSD,"24,70%","2,5",04/04/2026,
F,RS-09008/2026,Veritá,Senador,Rio Grande do Sul,1,Cenário 1,Manuela D’Avila,PSOL,"22,70%","2,5",04/04/2026,
F,RS-09008/2026,Veritá,Senador,Rio Grande do Sul,1,Cenário 1,Paulo Pimenta,PT,"9,10%","2,5",04/04/2026,
F,RS-09008/2026,Veritá,Senador,Rio Grande do Sul,1,Cenário 1,Sanderson,PL,"6,80%","2,5",04/04/2026,
F,RS-09008/2026,Veritá,Senador,Rio Grande do Sul,1,Cenário 1,Germano Rigotto,MDB,"6,30%","2,5",04/04/2026,
F,BR-03461/2026,Veritá,Presidente,Rio Grande do Sul,1,Cenário 1,Lula,PT,"43,40%","2,5",04/04/2026,
F,BR-03461/2026,Veritá,Presidente,Rio Grande do Sul,1,Cenário 1,Flávio Bolsonaro,PL,"43,00%","2,5",04/04/2026,
F,BR-03461/2026,Veritá,Presidente,Rio Grande do Sul,1,Cenário 1,Ratinho Júnior,PSD,"4,10%","2,5",04/04/2026,
F,BR-03461/2026,Veritá,Presidente,Rio Grande do Sul,1,Cenário 1,Ronaldo Caiado,PSD,"3,10%","2,5",04/04/2026,
F,BR-03461/2026,Veritá,Presidente,Rio Grande do Sul,1,Cenário 1,Romeu Zema,Novo,"2,20%","2,5",04/04/2026,
F,BR-03461/2026,Veritá,Presidente,Rio Grande do Sul,1,Cenário 1,Renan Santos,Missão,"2,10%","2,5",04/04/2026,
F,BR-03461/2026,Veritá,Presidente,Rio Grande do Sul,1,Cenário 1,Pablo Marçal,União Brasil,"1,60%","2,5",04/04/2026,
F,BR-03461/2026,Veritá,Presidente,Rio Grande do Sul,1,Cenário 1,Aldo Rebelo,DC,"0,50%","2,5",04/04/2026,
F,BR-03461/2026,Veritá,Presidente,Rio Grande do Sul,2,Cenário 1,Flávio Bolsonaro,PL,"51,60%","2,5",04/04/2026,
F,BR-03461/2026,Veritá,Presidente,Rio Grande do Sul,2,Cenário 1,Lula,PT,"48,40%","2,5",04/04/2026,
F,BR-03461/2026,Veritá,Presidente,Rio Grande do Sul,2,Cenário 2,Lula,PT,"51,90%","2,5",04/04/2026,
F,BR-03461/2026,Veritá,Presidente,Rio Grande do Sul,2,Cenário 2,Ratinho Júnior,PSD,"48,10%","2,5",04/04/2026,
F,BR-03461/2026,Veritá,Presidente,Rio Grande do Sul,2,Cenário 3,Flávio Bolsonaro,PL,"62,70%","2,5",04/04/2026,
F,BR-03461/2026,Veritá,Presidente,Rio Grande do Sul,2,Cenário 3,Ratinho Júnior,PSD,"37,30%","2,5",04/04/2026,
F,BR-03461/2026,Veritá,Presidente,Rio Grande do Sul,2,Cenário 4,Lula,PT,"53,70%","2,5",04/04/2026,
F,BR-03461/2026,Veritá,Presidente,Rio Grande do Sul,2,Cenário 4,Pablo Marçal,União Brasil,"46,30%","2,5",04/04/2026,
F,BR-03461/2026,Veritá,Presidente,Rio Grande do Sul,2,Ratinho x Marçal,Ratinho Júnior,PSD,"58,80%","2,5",04/04/2026,
F,BR-03461/2026,Veritá,Presidente,Rio Grande do Sul,2,Ratinho x Marçal,Pablo Marçal,União Brasil,"41,20%","2,5",04/04/2026,
F,BR-03461/2026,Veritá,Presidente,Rio Grande do Sul,2,Lula x Caiado,Lula,PT,"55,60%","2,5",04/04/2026,
F,BR-03461/2026,Veritá,Presidente,Rio Grande do Sul,2,Lula x Caiado,Ronaldo Caiado,PSD,"44,40%","2,5",04/04/2026,
F,GO-09885/2026,Paraná Pesquisas,Governador,Goiás,1,Cenário 1,Daniel Vilela,MDB,"43,40%","2,8 p,p,",07/04/2026,
F,GO-09885/2026,Paraná Pesquisas,Governador,Goiás,1,Cenário 1,Marconi Perillo,PSDB,"24,40%","2,8 p,p,",07/04/2026,
F,GO-09885/2026,Paraná Pesquisas,Senador,Goiás,1,Cenário 1,Gracinha Caiado,União Brasil,"39,10%","2,8 p,p,",07/04/2026,
,CE-07925/2026,Datafolha,Governador,Ceará,1,Cenário 1,Ciro Gomes,PSDB,41,3,12/04/2026,FALTA INFORMAÇÃO
,CE-07925/2026,Datafolha,Governador,Ceará,1,Cenário 1,Elmano de Freitas,PT,"36,5",3,12/04/2026,FALTA INFORMAÇÃO
,CE-07925/2026,Datafolha,Governador,Ceará,1,Cenário 1,Eduardo Girão,Novo,7,3,12/04/2026,FALTA INFORMAÇÃO
,CE-07925/2026,Datafolha,Governador,Ceará,1,Cenário 1,Branco/Nulo/Nenhum,,"9,5",3,12/04/2026,FALTA INFORMAÇÃO
,CE-07925/2026,Datafolha,Governador,Ceará,1,Cenário 1,Indeciso/não sabe,,"6,00",3,12/04/2026,FALTA INFORMAÇÃO
,FALTA INFORMAÇÃO,Datafolha,Senador,Ceará,1,Cenário 1,Cid Gomes,PSB,"48,00",3,12/04/2026,FALTA INFORMAÇÃO
,FALTA INFORMAÇÃO,Datafolha,Senador,Ceará,1,Cenário 1,Capitão Wagner,União Brasil,"41,50",3,12/04/2026,FALTA INFORMAÇÃO
,FALTA INFORMAÇÃO,Datafolha,Senador,Ceará,1,Cenário 1,Eunício Oliveira,MDB,"24,00",3,12/04/2026,FALTA INFORMAÇÃO
,FALTA INFORMAÇÃO,Datafolha,Senador,Ceará,1,Cenário 1,Branco/Nulo/Nenhum,,"50,00",3,12/04/2026,FALTA INFORMAÇÃO
,FALTA INFORMAÇÃO,Datafolha,Senador,Ceará,1,Cenário 1,Indeciso/não sabe,,"36,50",3,12/04/2026,FALTA INFORMAÇÃO
F,GO-06754/2026,Veritá,Governador,Goiás,1,Cenário 1,Daniel Vilela,MDB,"36,80%","2,5",13/04/2026,
F,GO-06754/2026,Veritá,Governador,Goiás,1,Cenário 1,Wilder Morais,PL,"30,40%","2,5",13/04/2026,
F,GO-06754/2026,Veritá,Governador,Goiás,1,Cenário 1,Marconi Perillo,PSDB,"20,20%","2,5",13/04/2026,
F,GO-06754/2026,Veritá,Governador,Goiás,1,Cenário 1,Adriana Accorsi,PT,"12,60%","2,5",13/04/2026,
F,GO-06754/2026,Veritá,Senador,Goiás,1,Cenário 1,Gracinha Caiado,União Brasil,"35,40%","2,5",13/04/2026,
F,GO-06754/2026,Veritá,Senador,Goiás,1,Cenário 1,Gustavo Gayer,PL,"33,70%","2,5",13/04/2026,
F,GO-06754/2026,Veritá,Senador,Goiás,1,Cenário 1,Vanderlan Cardoso,PSD,"10,20%","2,5",13/04/2026,
F,GO-06754/2026,Veritá,Senador,Goiás,1,Cenário 1,Zacarias Calil,MDB,"7,80%","2,5",13/04/2026,
F,GO-06754/2026,Veritá,Senador,Goiás,1,Cenário 1,Delegado Humberto Teófilo,Novo,"6,50%","2,5",13/04/2026,
F,GO-06754/2026,Veritá,Senador,Goiás,1,Cenário 1,Alexandre Baldy,Progressistas,"3,90%","2,5",13/04/2026,
F,GO-06754/2026,Veritá,Senador,Goiás,1,Cenário 1,Iure Castro,Cidadania,"1,50%","2,5",13/04/2026,
F,GO-06754/2026,Veritá,Senador,Goiás,1,Cenário 1,Oséias Varão,PL,"0,90%","2,5",13/04/2026,
F,SP-00378/26,Paraná Pesquisas,Governador,São Paulo,1,Cenário 1,Tarcísio de Freitas,Republicanos,"47,80%","±2,5 p,p,",16/04/2026,
F,SP-00378/26,Paraná Pesquisas,Governador,São Paulo,1,Cenário 1,Fernando Haddad,PT,"33,10%","±2,5 p,p,",16/04/2026,
F,SP-00378/26,Paraná Pesquisas,Governador,São Paulo,1,Cenário 1,Paulo Serra,PSDB,"4,60%","±2,5 p,p,",16/04/2026,
F,SP-00378/26,Paraná Pesquisas,Governador,São Paulo,1,Cenário 1,Kim Kataguiri,Missão,"3,50%","±2,5 p,p,",16/04/2026,
F,SP-00378/26,Paraná Pesquisas,Senador,São Paulo,1,Cenário 2,Marina Silva,REDE,"37,70%","±2,5 p,p,",16/04/2026,
F,SP-00378/26,Paraná Pesquisas,Senador,São Paulo,1,Cenário 2,Simone Tebet,MDB,"32,30%","±2,5 p,p,",16/04/2026,
F,SP-00378/26,Paraná Pesquisas,Senador,São Paulo,1,Cenário 2,Guilherme Derrite,PP,"26,80%","±2,5 p,p,",16/04/2026,
F,SP-00378/26,Paraná Pesquisas,Senador,São Paulo,1,Cenário 2,Ricardo Salles,NOVO,"18,20%","±2,5 p,p,",16/04/2026,
F,SP-00378/26,Paraná Pesquisas,Senador,São Paulo,1,Cenário 2,Paulinho da Força,Solidariedade,"14,80%","±2,5 p,p,",16/04/2026,
F,SP-00378/26,Paraná Pesquisas,Senador,São Paulo,1,Cenário 2,Mario Frias,PL,"13,40%","±2,5 p,p,",16/04/2026,
F,BR-08453/26,Paraná Pesquisas,Presidente,São Paulo,1,Cenário 1,Flávio Bolsonaro,PL,"39,30%","±2,5 p,p,",17/04/2026,
F,BR-08453/26,Paraná Pesquisas,Presidente,São Paulo,1,Cenário 1,Lula,PT,"36,00%","±2,5 p,p,",17/04/2026,
F,BR-08453/26,Paraná Pesquisas,Presidente,São Paulo,1,Cenário 1,Ronaldo Caiado,União Brasil,"2,90%","±2,5 p,p,",17/04/2026,
F,BR-08453/26,Paraná Pesquisas,Presidente,São Paulo,1,Cenário 1,Romeu Zema,NOVO,"2,60%","±2,5 p,p,",17/04/2026,
F,BR-08453/26,Paraná Pesquisas,Presidente,São Paulo,1,Cenário 1,Renan Santos,Missão,"2,10%","±2,5 p,p,",17/04/2026,
F,BR-08453/26,Paraná Pesquisas,Presidente,São Paulo,1,Cenário 1,Samara Martins,UP,"0,80%","±2,5 p,p,",17/04/2026,
F,BR-08453/26,Paraná Pesquisas,Presidente,São Paulo,1,Cenário 1,Aldo Rebelo,,"0,40%","±2,5 p,p,",17/04/2026,
F,BR-08453/26,Paraná Pesquisas,Presidente,São Paulo,1,Cenário 1,Hertz Dias,PSTU,"0,10%","±2,5 p,p,",17/04/2026,
F,BR-08453/26,Paraná Pesquisas,Presidente,São Paulo,2,Cenário 2,Flávio Bolsonaro,PL,"48,10%","±2,5 p,p,",17/04/2026,
F,BR-08453/26,Paraná Pesquisas,Presidente,São Paulo,2,Cenário 2,Lula,PT,"40,30%","±2,5 p,p,",17/04/2026,
F,RJ-04997/2026,Paraná Pesquisas,Governador,Rio de Janeiro,1,Cenário 1,Eduardo Paes,PSD,"53,00%","2,4 p,p,",24/04/2026,
F,RJ-04997/2026,Paraná Pesquisas,Governador,Rio de Janeiro,1,Cenário 1,Douglas Ruas,PL,"13,20%","2,4 p,p,",24/04/2026,
F,RJ-04997/2026,Paraná Pesquisas,Governador,Rio de Janeiro,1,Cenário 1,Wilson Witzel,DC,"3,60%","2,4 p,p,",24/04/2026,
F,RJ-04997/2026,Paraná Pesquisas,Governador,Rio de Janeiro,1,Cenário 1,André Marinho,Novo,"2,80%","2,4 p,p,",24/04/2026,
F,RJ-04997/2026,Paraná Pesquisas,Governador,Rio de Janeiro,1,Cenário 1,Bombeiro Rafa Luz,Missão,"2,10%","2,4 p,p,",24/04/2026,
F,RJ-04997/2026,Paraná Pesquisas,Governador,Rio de Janeiro,1,Cenário 1,William Siri,PSOL,"1,00%","2,4 p,p,",24/04/2026,
F,RJ-04997/2026,Paraná Pesquisas,Governador,Rio de Janeiro,1,Cenário 1,André Português,PV,"0,70%","2,4 p,p,",24/04/2026,
F,RJ-04997/2026,Paraná Pesquisas,Governador,Rio de Janeiro,1,Cenário 1,Branco/Nulo/Nenhum,,"15,20%","2,4 p,p,",24/04/2026,
F,RJ-04997/2026,Paraná Pesquisas,Governador,Rio de Janeiro,1,Cenário 1,Indeciso/não sabe,,"8,50%","2,4 p,p,",24/04/2026,
F,RJ-04997/2026,Paraná Pesquisas,Senador,Rio de Janeiro,1,Cenário 1,Benedita da Silva,PT,"30,40%","2,4 p,p,",24/04/2026,
F,RJ-04997/2026,Paraná Pesquisas,Senador,Rio de Janeiro,1,Cenário 1,Cláudio Castro,PL,"29,90%","2,4 p,p,",24/04/2026,
F,RJ-04997/2026,Paraná Pesquisas,Senador,Rio de Janeiro,1,Cenário 1,Marcelo Crivella,Republicanos,"21,50%","2,4 p,p,",24/04/2026,
F,RJ-04997/2026,Paraná Pesquisas,Senador,Rio de Janeiro,1,Cenário 1,Pedro Paulo,PSD,"19,40%","2,4 p,p,",24/04/2026,
F,RJ-04997/2026,Paraná Pesquisas,Senador,Rio de Janeiro,1,Cenário 1,Márcio Canella,União Brasil,"17,10%","2,4 p,p,",24/04/2026,
F,RJ-04997/2026,Paraná Pesquisas,Senador,Rio de Janeiro,1,Cenário 1,Marcos Dias,,"5,60%","2,4 p,p,",24/04/2026,
F,RJ-04997/2026,Paraná Pesquisas,Senador,Rio de Janeiro,1,Cenário 1,Helio Secco,Missão,"2,50%","2,4 p,p,",24/04/2026,
F,PE-08904/2026,Quaest,Governador,Pernambuco,1,Cenário 1,João Campos,PSB,42%,"3,0 p,p,",26/04/2026,
F,PE-08904/2026,Quaest,Governador,Pernambuco,1,Cenário 1,Raquel Lyra,PSD,34%,"3,0 p,p,",26/04/2026,
F,PE-08904/2026,Quaest,Governador,Pernambuco,1,Cenário 1,Ivan Moraes,PSOL,1%,"3,0 p,p,",26/04/2026,
F,BA-07637/2026,Veritá,Governador,Bahia,1,Cenário 1,ACM Neto,União,"55,90%","2,5",27/04/2026,
F,BA-07637/2026,Veritá,Governador,Bahia,1,Cenário 1,Jerônimo Rodrigues,PT,"42,30%","2,5",27/04/2026,
F,BA-07637/2026,Veritá,Governador,Bahia,1,Cenário 1,Ronaldo Mansur,PSOL,"1,10%","2,5",27/04/2026,
F,BA-07637/2026,Veritá,Governador,Bahia,1,Cenário 1,José Carlos Aleluia,Novo,"0,70%","2,5",27/04/2026,
F,BA-07637/2026,Veritá,Senador,Bahia,1,Cenário 1,Jacques Wagner,PT,"37,40%","2,5",27/04/2026,
F,BA-07637/2026,Veritá,Senador,Bahia,1,Cenário 1,João Roma,PL,"33,10%","2,5",27/04/2026,
F,BA-07637/2026,Veritá,Senador,Bahia,1,Cenário 1,Rui Costa,PT,"20,30%","2,5",27/04/2026,
F,BA-07637/2026,Veritá,Senador,Bahia,1,Cenário 1,Angelo Coronel,Sem Partido,"9,20%","2,5",27/04/2026,
F,CE-04007/2026,Veritá,Governador,Ceará,1,Cenário 1,Ciro Gomes,PSDB,"54,20%","2,5",27/04/2026,
F,CE-04007/2026,Veritá,Governador,Ceará,1,Cenário 1,Elmano de Freitas,PT,"35,20%","2,5",27/04/2026,
F,CE-04007/2026,Veritá,Governador,Ceará,1,Cenário 1,Eduardo Girão,Novo,"9,50%","2,5",27/04/2026,
F,CE-04007/2026,Veritá,Governador,Ceará,1,Cenário 1,Professor Jarir Pereira,PSOL,"0,70%","2,5",27/04/2026,
F,CE-04007/2026,Veritá,Governador,Ceará,1,Cenário 1,Zé Batista,PSTU,"0,30%","2,5",27/04/2026,
F,CE-04007/2026,Veritá,Senador,Ceará,1,Cenário 1,Cid Gomes,PSB,"33,20%","2,5",27/04/2026,
F,CE-04007/2026,Veritá,Senador,Ceará,1,Cenário 1,Capitão Wagner,União,"27,40%","2,5",27/04/2026,
F,CE-04007/2026,Veritá,Senador,Ceará,1,Cenário 1,Alcides Fernandes,PL,"20,70%","2,5",27/04/2026,
F,CE-04007/2026,Veritá,Senador,Ceará,1,Cenário 1,Luizianne Lins,PT,"11,30%","2,5",27/04/2026,
F,CE-04007/2026,Veritá,Senador,Ceará,1,Cenário 1,Eunício Oliveira,MDB,"3,50%","2,5",27/04/2026,
F,CE-04007/2026,Veritá,Senador,Ceará,1,Cenário 1,General Theophilo,Novo,"1,90%","2,5",27/04/2026,
F,CE-04007/2026,Veritá,Senador,Ceará,1,Cenário 1,Júnior Mano,PSB,"1,40%","2,5",27/04/2026,
F,CE-04007/2026,Veritá,Senador,Ceará,1,Cenário 1,Professora Anna Karina,PSOL,"0,60%","2,5",27/04/2026,
F,CE-04007/2026,Veritá,Senador,Ceará,1,Cenário 1,Professor Germano Lima,PSOL,"0,10%","2,5",27/04/2026,
F,AC-07234/2026,Veritá,Governador,Acre,1,Cenário 1,Alan Rick,Republicanos,"38,10%","3,5",27/04/2026,
F,AC-07234/2026,Veritá,Governador,Acre,1,Cenário 1,Mailza Assis,PP,"32,90%","3,5",27/04/2026,
F,AC-07234/2026,Veritá,Governador,Acre,1,Cenário 1,Tiao Bocalom,PL,"22,10%","3,5",27/04/2026,
F,AC-07234/2026,Veritá,Governador,Acre,1,Cenário 1,Thor Dantas,PCdoB,"6,90%","3,5",27/04/2026,
F,AC-07234/2026,Veritá,Senador,Acre,1,Cenário 1,Gladson Cameli,PP,"38,20%","3,5",27/04/2026,
F,AC-07234/2026,Veritá,Senador,Acre,1,Cenário 1,Jorge Viana,PT,"19,80%","3,5",27/04/2026,
F,AC-07234/2026,Veritá,Senador,Acre,1,Cenário 1,Márcio Bittar,PL,"15,90%","3,5",27/04/2026,
F,AC-07234/2026,Veritá,Senador,Acre,1,Cenário 1,Eduardo Velloso,União,"7,70%","3,5",27/04/2026,
F,AC-07234/2026,Veritá,Senador,Acre,1,Cenário 1,Jéssica Sales,MDB,"7,00%","3,5",27/04/2026,
F,AC-07234/2026,Veritá,Senador,Acre,1,Cenário 1,Mara Rocha,MDB,"5,90%","3,5",27/04/2026,
F,AC-07234/2026,Veritá,Senador,Acre,1,Cenário 1,Sérgio Petecão,PSD,"4,30%","3,5",27/04/2026,
F,AC-07234/2026,Veritá,Senador,Acre,1,Cenário 1,Inácio Moreira,Rede,"1,00%","3,5",27/04/2026,
F,AP-03170/2026,Veritá,Governador,Amapá,1,Cenário 1,Dr. Furlan,PSD,"70,40%","3,5",28/04/2026,
F,AP-03170/2026,Veritá,Governador,Amapá,1,Cenário 1,Clécio Luís,União,"29,60%","3,5",28/04/2026,
F,AP-03170/2026,Veritá,Senador,Amapá,1,Cenário 1,Rayssa Furlan,Pode,"48,80%","3,5",28/04/2026,
F,AP-03170/2026,Veritá,Senador,Amapá,1,Cenário 1,Randolfe Rodrigues,PT,"29,50%","3,5",28/04/2026,
F,AP-03170/2026,Veritá,Senador,Amapá,1,Cenário 1,Lucas Barreto,PSD,"13,20%","3,5",28/04/2026,
F,AP-03170/2026,Veritá,Senador,Amapá,1,Cenário 1,Teles Junior,PDT,"4,70%","3,5",28/04/2026,
F,AP-03170/2026,Veritá,Senador,Amapá,1,Cenário 1,Acácio Favacho,MDB,"3,70%","3,5",28/04/2026,
F,PE-08904/2026,Quaest,Governador,Pernambuco,2,Cenário 1,João Campos,PSB,"46,00",3,28/04/2026,Quaest: pesquisa para governador de Pernambuco
F,PE-08904/2026,Quaest,Governador,Pernambuco,2,Cenário 1,Raquel Lyra,PSD,"38,00",3,28/04/2026,Quaest: pesquisa para governador de Pernambuco
F,PE-08904/2026,Quaest,Governador,Pernambuco,2,Cenário 1,Indeciso/Não sabe,,"8,00",3,28/04/2026,Quaest: pesquisa para governador de Pernambuco
F,PE-08904/2026,Quaest,Governador,Pernambuco,2,Cenário 1,Branco/Nulo/Nenhum,,"8,00",3,28/04/2026,Quaest: pesquisa para governador de Pernambuco
F,Não inf.,Quaest,Governador,Espírito Santo,1,Cenário 1,Paulo Hartung,PSD,"19,00%","3,00%",30/04/2026,
F,Não inf.,Quaest,Governador,Espírito Santo,1,Cenário 1,Lorenzo Pazolini,Republicanos,"18,00%","3,00%",30/04/2026,
F,Não inf.,Quaest,Governador,Espírito Santo,1,Cenário 1,Ricardo Ferraço,MDB,"15,00%","3,00%",30/04/2026,
F,Não inf.,Quaest,Governador,Espírito Santo,1,Cenário 1,Magno Malta,PL,"15,00%","3,00%",30/04/2026,
F,Não inf.,Quaest,Governador,Espírito Santo,1,Cenário 2,Ricardo Ferraço,MDB,"24,00%","3,00%",30/04/2026,
F,Não inf.,Quaest,Governador,Espírito Santo,2,Cenário 1,Ricardo Ferraço,MDB,"32,00%","3,00%",30/04/2026,
F,Não inf.,Quaest,Governador,Espírito Santo,2,Cenário 1,Lorenzo Pazolini,Republicanos,"31,00%","3,00%",30/04/2026,
F,GO-00211/2026,Quaest,Governador,Goiás,1,Cenário 1,Daniel Vilela,MDB,33%,"3,0 p,p,",30/04/2026,
F,GO-00211/2026,Quaest,Governador,Goiás,1,Cenário 1,Marconi Perillo,PSDB,21%,"3,0 p,p,",30/04/2026,
F,GO-00211/2026,Quaest,Governador,Goiás,2,Cenário 1,Daniel Vilela,MDB,46%,"3,0 p,p,",30/04/2026,
F,GO-00211/2026,Quaest,Senador,Goiás,1,Cenário 1,Gracinha Caiado,União Brasil,22%,"3,0 p,p,",30/04/2026,
F,MT-01285/2026,Veritá,Governador,Mato Grosso,1,Cenário 1,Wellington Fagundes,PL,"45,40%",3,30/04/2026,
F,MT-01285/2026,Veritá,Governador,Mato Grosso,1,Cenário 1,Otaviano Pivetta,Republicanos,"29,10%",3,30/04/2026,
F,MT-01285/2026,Veritá,Governador,Mato Grosso,1,Cenário 1,Natasha Slhessarenko,PSD,"8,30%",3,30/04/2026,
F,MT-01285/2026,Veritá,Governador,Mato Grosso,1,Cenário 1,Jayme Campos,União,"7,40%",3,30/04/2026,
F,MT-01285/2026,Veritá,Governador,Mato Grosso,1,Cenário 1,Marcelo Maluf,Novo,"3,00%",3,30/04/2026,
F,MT-01285/2026,Veritá,Governador,Mato Grosso,1,Cenário 1,Alex Pucinelli,Democrata,"2,20%",3,30/04/2026,
F,MT-01285/2026,Veritá,Governador,Mato Grosso,1,Cenário 1,Maurício Tonhá,DC,"1,80%",3,30/04/2026,
F,MT-01285/2026,Veritá,Governador,Mato Grosso,1,Cenário 1,Rafaell Milas,Missão,"1,60%",3,30/04/2026,
F,MT-01285/2026,Veritá,Governador,Mato Grosso,1,Cenário 1,Sargento Laudicério,Sem partido,"1,20%",3,30/04/2026,
F,MT-01285/2026,Veritá,Senador,Mato Grosso,1,Cenário 1,Mauro Mendes,União,"30,70%",3,30/04/2026,
F,MT-01285/2026,Veritá,Senador,Mato Grosso,1,Cenário 1,José Medeiros,PL,"29,50%",3,30/04/2026,
F,MT-01285/2026,Veritá,Senador,Mato Grosso,1,Cenário 1,Janaina Riva,MDB,"13,20%",3,30/04/2026,
F,MT-01285/2026,Veritá,Senador,Mato Grosso,1,Cenário 1,Carlos Fávaro,PSD,"8,00%",3,30/04/2026,
F,MT-01285/2026,Veritá,Senador,Mato Grosso,1,Cenário 1,Antonio Galvan,DC,"6,90%",3,30/04/2026,
F,MT-01285/2026,Veritá,Senador,Mato Grosso,1,Cenário 1,Jayme Campos,União,"4,90%",3,30/04/2026,
F,MT-01285/2026,Veritá,Senador,Mato Grosso,1,Cenário 1,Margareth Buzetti,PP,"2,50%",3,30/04/2026,
F,MT-01285/2026,Veritá,Senador,Mato Grosso,1,Cenário 1,Rosa Neide,PT,"2,20%",3,30/04/2026,
F,MT-01285/2026,Veritá,Senador,Mato Grosso,1,Cenário 1,Pedro Taques,PSB,"2,10%",3,30/04/2026,
F,PA-02549/2026,Veritá,Governador,Pará,1,Cenário 1,Dr. Daniel Santos,PSB,"35,10%","2,5",30/04/2026,
F,PA-02549/2026,Veritá,Governador,Pará,1,Cenário 1,Hana Ghassan,MDB,"32,10%","2,5",30/04/2026,
F,PA-02549/2026,Veritá,Governador,Pará,1,Cenário 1,Eder Mauro,PL,"26,00%","2,5",30/04/2026,
F,PA-02549/2026,Veritá,Governador,Pará,1,Cenário 1,Araceli Lemos,PSOL,"4,80%","2,5",30/04/2026,
F,PA-02549/2026,Veritá,Governador,Pará,1,Cenário 1,Mário Couto,Sem partido,"1,30%","2,5",30/04/2026,
F,PA-02549/2026,Veritá,Governador,Pará,1,Cenário 1,Cleber Rabelo,PSTU,"0,80%","2,5",30/04/2026,
F,PA-02549/2026,Veritá,Senador,Pará,1,Cenário 1,Helder Barbalho,MDB,"38,10%","2,5",30/04/2026,
F,PA-02549/2026,Veritá,Senador,Pará,1,Cenário 1,Joaquim Passarinho,PL,"18,90%","2,5",30/04/2026,
F,PA-02549/2026,Veritá,Senador,Pará,1,Cenário 1,Zequinha Marinho,Pode,"12,20%","2,5",30/04/2026,
F,PA-02549/2026,Veritá,Senador,Pará,1,Cenário 1,Beto Faro,PT,"8,40%","2,5",30/04/2026,
F,PA-02549/2026,Veritá,Senador,Pará,1,Cenário 1,Rogério Barro,PL,"5,90%","2,5",30/04/2026,
F,PA-02549/2026,Veritá,Senador,Pará,1,Cenário 1,Celso Sabino,Sem partido,"5,30%","2,5",30/04/2026,
F,PA-02549/2026,Veritá,Senador,Pará,1,Cenário 1,Jader Barbalho,MDB,"5,00%","2,5",30/04/2026,
F,PA-02549/2026,Veritá,Senador,Pará,1,Cenário 1,Paulo Rocha,PT,"3,50%","2,5",30/04/2026,
F,PA-02549/2026,Veritá,Senador,Pará,1,Cenário 1,Chicão,MDB,"2,80%","2,5",30/04/2026,
F,PR-06944/2026,Veritá,Governador,Paraná,1,Cenário 1,Sergio Moro,PL,"58,60%","2,5",03/05/2026,
F,PR-06944/2026,Veritá,Governador,Paraná,1,Cenário 1,Requião Filho,PDT,"20,00%","2,5",03/05/2026,
F,PR-06944/2026,Veritá,Governador,Paraná,1,Cenário 1,Rafael Greca,MDB,"9,80%","2,5",03/05/2026,
F,PR-06944/2026,Veritá,Governador,Paraná,1,Cenário 1,Sandro Alex,PSD,"9,60%","2,5",03/05/2026,
F,PR-06944/2026,Veritá,Governador,Paraná,1,Cenário 1,Luiz França,Missão,"2,20%","2,5",03/05/2026,
F,PR-06944/2026,Veritá,Senador,Paraná,1,Cenário 1,Deltan Dallagnol,Novo,"31,20%","2,5",03/05/2026,
F,PR-06944/2026,Veritá,Senador,Paraná,1,Cenário 1,Gleisi Hoffmann,PT,"21,50%","2,5",03/05/2026,
F,PR-06944/2026,Veritá,Senador,Paraná,1,Cenário 1,Alvaro Dias,MDB,"14,70%","2,5",03/05/2026,
F,PR-06944/2026,Veritá,Senador,Paraná,1,Cenário 1,Filipe Barros,PL,"11,70%","2,5",03/05/2026,
F,PR-06944/2026,Veritá,Senador,Paraná,1,Cenário 1,Alexandre Curi,Republicanos,"10,40%","2,5",03/05/2026,
F,PR-06944/2026,Veritá,Senador,Paraná,1,Cenário 1,Cristina Graeml,PSD,"7,20%","2,5",03/05/2026,
F,PR-06944/2026,Veritá,Senador,Paraná,1,Cenário 1,Jeffrey Chiquini,Novo,"2,00%","2,5",03/05/2026,
F,PR-06944/2026,Veritá,Senador,Paraná,1,Cenário 1,Thiago Bagatin,PSOL,"0,80%","2,5",03/05/2026,
F,PR-06944/2026,Veritá,Senador,Paraná,1,Cenário 1,Rosane Ferreira,PV,"0,40%","2,5",03/05/2026,
F,MS-06412/2026,RealTime BigData,Governador,Mato Grosso do Sul,1,Cenário 1,Eduardo Riedel,PP,43%,#ERROR!,12/05/2026,
F,MS-06412/2026,RealTime BigData,Governador,Mato Grosso do Sul,1,Cenário 1,Fábio Trad,PT,21%,#ERROR!,12/05/2026,
F,MS-06412/2026,RealTime BigData,Governador,Mato Grosso do Sul,1,Cenário 1,João Henrique Catan,Novo,11%,#ERROR!,12/05/2026,
F,MS-06412/2026,RealTime BigData,Governador,Mato Grosso do Sul,1,Cenário 1,Delcídio do Amaral,PRD,7%,#ERROR!,12/05/2026,
F,MS-06412/2026,RealTime BigData,Governador,Mato Grosso do Sul,1,Cenário 1,Renato Gomes,DC,2%,#ERROR!,12/05/2026,
F,MS-06412/2026,RealTime BigData,Governador,Mato Grosso do Sul,1,Cenário 1,Lucien Rezende,PSOL,2%,#ERROR!,12/05/2026,
F,MS-06412/2026,RealTime BigData,Governador,Mato Grosso do Sul,1,Cenário 1,Jefferson Bezerra,Agir,1%,#ERROR!,12/05/2026,
F,MS-06412/2026,RealTime BigData,Governador,Mato Grosso do Sul,2,Cenário 1,Eduardo Riedel,PP,56%,#ERROR!,12/05/2026,
F,MS-06412/2026,RealTime BigData,Governador,Mato Grosso do Sul,2,Cenário 1,Delcídio do Amaral,PRD,25%,#ERROR!,12/05/2026,
F,MS-06412/2026,RealTime BigData,Governador,Mato Grosso do Sul,2,Cenário 2,Eduardo Riedel,PP,54%,#ERROR!,12/05/2026,
F,MS-06412/2026,RealTime BigData,Governador,Mato Grosso do Sul,2,Cenário 2,Fábio Trad,PT,31%,#ERROR!,12/05/2026,
F,MS-06412/2026,RealTime BigData,Senador,Mato Grosso do Sul,1,Cenário 1,Reinaldo Azambuja,PL,29%,#ERROR!,12/05/2026,
F,MS-06412/2026,RealTime BigData,Senador,Mato Grosso do Sul,1,Cenário 1,Capitão Contar,PL,18%,#ERROR!,12/05/2026,
F,MS-06412/2026,RealTime BigData,Senador,Mato Grosso do Sul,1,Cenário 1,Nelsinho Trad,PSD,17%,#ERROR!,12/05/2026,
F,MS-06412/2026,RealTime BigData,Senador,Mato Grosso do Sul,1,Cenário 2,Reinaldo Azambuja,PL,28%,#ERROR!,12/05/2026,
F,MS-06412/2026,RealTime BigData,Senador,Mato Grosso do Sul,1,Cenário 2,Marcos Pollon,PL,21%,#ERROR!,12/05/2026,
F,BR-04762/2026,RealTime BigData,Presidente,Mato Grosso do Sul,1,Cenário 1,Flávio Bolsonaro,PL,43%,#ERROR!,12/05/2026,
F,BR-04762/2026,RealTime BigData,Presidente,Mato Grosso do Sul,1,Cenário 1,Lula,PT,30%,#ERROR!,12/05/2026,
F,BR-04762/2026,RealTime BigData,Presidente,Mato Grosso do Sul,1,Cenário 1,Ronaldo Caiado,PSD,5%,#ERROR!,12/05/2026,
F,BR-04762/2026,RealTime BigData,Presidente,Mato Grosso do Sul,2,Cenário 1,Flávio Bolsonaro,PL,51%,#ERROR!,12/05/2026,
F,BR-04762/2026,RealTime BigData,Presidente,Mato Grosso do Sul,2,Cenário 1,Lula,PT,34%,#ERROR!,12/05/2026,
F,BA-03619/2026,Paraná Pesquisas,Governador,Bahia,1,Cenário 1,ACM Neto,União Brasil,"47,80%","2,6 p,p,",13/05/2026,
F,BA-03619/2026,Paraná Pesquisas,Governador,Bahia,1,Cenário 1,Jerônimo Rodrigues,PT,"38,70%","2,6 p,p,",13/05/2026,
F,BA-03619/2026,Paraná Pesquisas,Senador,Bahia,1,Cenário 1,Rui Costa,PT,"48,80%","2,6 p,p,",13/05/2026,
F,BA-03619/2026,Paraná Pesquisas,Senador,Bahia,1,Cenário 1,Jaques Wagner,PT,"40,60%","2,6 p,p,",13/05/2026,
F,GO-01063/2026,RealTime BigData,Governador,Goiás,1,Cenário 1,Daniel Vilela,MDB,38%,2,13/05/2026,
F,GO-01063/2026,RealTime BigData,Governador,Goiás,2,Cenário 1,Daniel Vilela,MDB,52%,2,13/05/2026,
F,GO-01063/2026,RealTime BigData,Senador,Goiás,1,Cenário 1,Gracinha Caiado,União Brasil,29%,2,13/05/2026,
F,AM-09404/2026,AtlasIntel,Governador,Amazonas,1,Cenário 1,Maria do Carmo Seffair,PL,"41,10","±3 p,p,",15/05/2026,"[1], [2]"
F,AM-09404/2026,AtlasIntel,Governador,Amazonas,1,Cenário 1,Omar Aziz,PSD,"29,50","±3 p,p,",15/05/2026,"[1], [2]"
F,AM-09404/2026,AtlasIntel,Governador,Amazonas,1,Cenário 1,Roberto Cidade,União Brasil,"14,60","±3 p,p,",15/05/2026,"[1], [2]"
F,AM-09404/2026,AtlasIntel,Governador,Amazonas,1,Cenário 1,David Almeida,Avante,"12,50","±3 p,p,",15/05/2026,"[1], [2]"
F,AM-09404/2026,AtlasIntel,Governador,Amazonas,1,Cenário 1,Isael Munduruku,Rede,"2,30","±3 p,p,",15/05/2026,"[1], [2]"
F,AM-09404/2026,AtlasIntel,Governador,Amazonas,1,Cenário 2,Maria do Carmo Seffair,PL,"47,40","±3 p,p,",15/05/2026,"[1], [2]"
F,AM-09404/2026,AtlasIntel,Governador,Amazonas,1,Cenário 2,Omar Aziz (apoiado por Lula),PSD,"31,90","±3 p,p,",15/05/2026,"[1], [2]"
F,AM-09404/2026,AtlasIntel,Governador,Amazonas,1,Cenário 2,David Almeida,Avante,"11,80","±3 p,p,",15/05/2026,"[1], [2]"
F,AM-09404/2026,AtlasIntel,Governador,Amazonas,1,Cenário 2,Roberto Cidade (apoiado por Wilson Lima),União Brasil,"6,80","±3 p,p,",15/05/2026,"[1], [2]"
F,AM-09404/2026,AtlasIntel,Governador,Amazonas,1,Cenário 2,Isael Munduruku,Rede,"2,10","±3 p,p,",15/05/2026,"[1], [2]"
F,AM-09404/2026,AtlasIntel,Senador,Amazonas,1,Cenário 1,Capitão Alberto Neto,PL,"23,10","±3 p,p,",15/05/2026,"[1], [2]"
F,AM-09404/2026,AtlasIntel,Senador,Amazonas,1,Cenário 1,Eduardo Braga,MDB,"20,80","±3 p,p,",15/05/2026,"[1], [2]"
F,AM-09404/2026,AtlasIntel,Senador,Amazonas,1,Cenário 1,Plínio Valério,PSDB,"19,30","±3 p,p,",15/05/2026,"[1], [2]"
F,AM-09404/2026,AtlasIntel,Senador,Amazonas,1,Cenário 1,Marcelo Ramos,PT,"14,20","±3 p,p,",15/05/2026,[2]
F,AM-09404/2026,AtlasIntel,Senador,Amazonas,1,Cenário 1,Wilson Lima,União Brasil,"11,90","±3 p,p,",15/05/2026,[2]
F,BR-03812/2026,AtlasIntel,Presidente,Amazonas,1,Cenário 1,Flávio Bolsonaro,PL,"46,00","±3 p,p,",15/05/2026,"[1], [2]"
F,BR-03812/2026,AtlasIntel,Presidente,Amazonas,1,Cenário 1,Lula,PT,"42,80","±3 p,p,",15/05/2026,"[1], [2]"
F,BR-03812/2026,AtlasIntel,Presidente,Amazonas,1,Cenário 1,Renan Santos,Missão,"4,80","±3 p,p,",15/05/2026,[2]
F,BR-03812/2026,AtlasIntel,Presidente,Amazonas,1,Cenário 1,Romeu Zema,Novo,"2,90","±3 p,p,",15/05/2026,[2]
F,MA-09846/2026,AtlasIntel,Governador,Maranhão,1,Cenário 1,Eduardo Braide,PSD,"51,60%","±3 p,p,",15/05/2026,
F,MA-09846/2026,AtlasIntel,Governador,Maranhão,1,Cenário 1,Orleans Brandão,MDB,"23,90%","±3 p,p,",15/05/2026,
F,MA-09846/2026,AtlasIntel,Governador,Maranhão,1,Cenário 1,Felipe Camarão,PT,"14,40%","±3 p,p,",15/05/2026,
F,MA-09846/2026,AtlasIntel,Governador,Maranhão,1,Cenário 1,Lahesio Bonfim,Novo,"8,70%","±3 p,p,",15/05/2026,
F,MA-09846/2026,AtlasIntel,Governador,Maranhão,1,Cenário 2,Eduardo Braide,PSD,"47,50%","±3 p,p,",15/05/2026,
F,MA-09846/2026,AtlasIntel,Governador,Maranhão,1,Cenário 2,Orleans Brandão,MDB,"24,00%","±3 p,p,",15/05/2026,
F,MA-09846/2026,AtlasIntel,Senador,Maranhão,1,Cenário 1,Duarte Jr.,Avante,"14,70%","±3 p,p,",15/05/2026,
F,MA-09846/2026,AtlasIntel,Senador,Maranhão,1,Cenário 1,Eliziane Gama,PT,"14,70%","±3 p,p,",15/05/2026,
F,MA-09846/2026,AtlasIntel,Senador,Maranhão,1,Cenário 1,Roberto Rocha,Novo,"11,80%","±3 p,p,",15/05/2026,
F,MA-09846/2026,AtlasIntel,Presidente,Maranhão,1,Cenário 1,Lula,PT,"58,40%","±3 p,p,",15/05/2026,
F,MA-09846/2026,AtlasIntel,Presidente,Maranhão,1,Cenário 1,Flávio Bolsonaro,PL,"29,30%","±3 p,p,",15/05/2026,
F,GO-02070/2026,Paraná Pesquisas,Governador,Goiás,1,Cenário 1,Daniel Vilela,MDB,"41,20%","2,7 p,p,",18/05/2026,
F,GO-02070/2026,Paraná Pesquisas,Senador,Goiás,1,Cenário 1,Gracinha Caiado,União Brasil,"36,90%","2,7 p,p,",18/05/2026,
F,PI-05475/2026,AtlasIntel,Governador,Piauí,1,Cenário 1,Joel Rodrigues,PP,"24,70%","±3 p,p,",19/05/2026,
F,PI-05475/2026,AtlasIntel,Governador,Piauí,1,Cenário 1,Mainha,Pode,"1,80%","±3 p,p,",19/05/2026,
F,PI-05475/2026,AtlasIntel,Governador,Piauí,1,Cenário 1,Elizeu Aguiar,Novo,"0,60%","±3 p,p,",19/05/2026,
F,PI-05475/2026,AtlasIntel,Governador,Piauí,1,Cenário 1,Toni Rodrigues,PL,"0,60%","±3 p,p,",19/05/2026,
F,PI-05475/2026,AtlasIntel,Governador,Piauí,1,Cenário 1,Francisco Jurity,DC,"0,20%","±3 p,p,",19/05/2026,
F,PI-05475/2026,AtlasIntel,Governador,Piauí,1,Cenário 1,Gisvaldo Oliveira,PSOL,"0,10%","±3 p,p,",19/05/2026,
F,PI-05475/2026,AtlasIntel,Senador,Piauí,1,Cenário 1,Marcelo Castro,MDB,"24,10%","±3 p,p,",19/05/2026,
F,PI-05475/2026,AtlasIntel,Senador,Piauí,1,Cenário 1,Júlio César,PSD,"18,10%","±3 p,p,",19/05/2026,
F,PI-05475/2026,AtlasIntel,Senador,Piauí,1,Cenário 1,Ciro Nogueira,PP,"11,90%","±3 p,p,",19/05/2026,
F,PI-05475/2026,AtlasIntel,Senador,Piauí,1,Cenário 1,Tiago Junqueira,PL,"8,20%","±3 p,p,",19/05/2026,
F,PI-05475/2026,AtlasIntel,Senador,Piauí,1,Cenário 1,Antônio Barros,Novo,"2,30%","±3 p,p,",19/05/2026,
F,PI-05475/2026,AtlasIntel,Senador,Piauí,1,Cenário 1,Francinaldo Leão,PSOL,"2,10%","±3 p,p,",19/05/2026,
F,PI-05475/2026,AtlasIntel,Senador,Piauí,1,Cenário 1,Dionísio Piauí,DC,"1,70%","±3 p,p,",19/05/2026,
F,PI-05475/2026,AtlasIntel,Senador,Piauí,1,Cenário 1,Pedro Laurentino,UP,"1,10%","±3 p,p,",19/05/2026,
F,PI-05475/2026,AtlasIntel,Senador,Piauí,1,Cenário 1,Jorge Lopes,PSDB,"0,90%","±3 p,p,",19/05/2026,
F,BR-03243/2026,AtlasIntel,Presidente,Piauí,1,Cenário 1,Lula,PT,"71,20%","±3 p,p,",19/05/2026,
F,BR-03243/2026,AtlasIntel,Presidente,Piauí,1,Cenário 1,Flávio Bolsonaro,PL,"20,00%","±3 p,p,",19/05/2026,
F,BR-03243/2026,AtlasIntel,Presidente,Piauí,1,Cenário 1,Augusto Cury,Avante,"2,90%","±3 p,p,",19/05/2026,
F,BR-03243/2026,AtlasIntel,Presidente,Piauí,1,Cenário 1,Renan Santos,Missão,"2,30%","±3 p,p,",19/05/2026,
F,BR-03243/2026,AtlasIntel,Presidente,Piauí,1,Cenário 1,Ronaldo Caiado,PSD,"2,20%","±3 p,p,",19/05/2026,
F,BR-03243/2026,AtlasIntel,Presidente,Piauí,1,Cenário 1,Romeu Zema,Novo,"1,40%","±3 p,p,",19/05/2026,
F,BR-03243/2026,AtlasIntel,Presidente,Piauí,1,Cenário 1,Aldo Rebelo,DC,"0,00%","±3 p,p,",19/05/2026,
,CE-03506/2026,RealTime BigData,Governador,Ceará,1,Cenário 1,Elmano de Freitas,PT,43,2,20/05/2026,FALTA INFORMAÇÃO
,CE-03506/2026,RealTime BigData,Governador,Ceará,1,Cenário 1,Ciro Gomes,PSDB,40,2,20/05/2026,FALTA INFORMAÇÃO
,CE-03506/2026,RealTime BigData,Governador,Ceará,1,Cenário 1,Eduardo Girão,Novo,8,2,20/05/2026,FALTA INFORMAÇÃO
,CE-03506/2026,RealTime BigData,Governador,Ceará,1,Cenário 1,Professor Jarir Pereira,PSOL,2,2,20/05/2026,FALTA INFORMAÇÃO
,CE-03506/2026,RealTime BigData,Governador,Ceará,1,Cenário 1,Geovani Sampaio,PRD,1,2,20/05/2026,FALTA INFORMAÇÃO
,CE-03506/2026,RealTime BigData,Governador,Ceará,1,Cenário 1,Zé Batista,PSTU,0,2,20/05/2026,FALTA INFORMAÇÃO
,CE-03506/2026,RealTime BigData,Governador,Ceará,1,Cenário 1,Branco/Nulo/Nenhum,,3,2,20/05/2026,FALTA INFORMAÇÃO
,CE-03506/2026,RealTime BigData,Governador,Ceará,1,Cenário 1,Indeciso/não sabe,,3,2,20/05/2026,FALTA INFORMAÇÃO
,CE-03506/2026,RealTime BigData,Governador,Ceará,2,Cenário 1,Elmano de Freitas,PT,46,2,20/05/2026,FALTA INFORMAÇÃO
,CE-03506/2026,RealTime BigData,Governador,Ceará,2,Cenário 1,Ciro Gomes,PSDB,45,2,20/05/2026,FALTA INFORMAÇÃO
,CE-03506/2026,RealTime BigData,Governador,Ceará,2,Cenário 1,Branco/Nulo/Nenhum,,5,2,20/05/2026,FALTA INFORMAÇÃO
,CE-03506/2026,RealTime BigData,Governador,Ceará,2,Cenário 1,Indeciso/não sabe,,4,2,20/05/2026,FALTA INFORMAÇÃO
,CE-03506/2026,RealTime BigData,Senador,Ceará,1,Cenário 1,Cid Gomes,PSB,"47,00",2,20/05/2026,FALTA INFORMAÇÃO
,CE-03506/2026,RealTime BigData,Senador,Ceará,1,Cenário 1,Capitão Wagner,União Brasil,"44,00",2,20/05/2026,FALTA INFORMAÇÃO
,CE-03506/2026,RealTime BigData,Senador,Ceará,1,Cenário 1,Eunício Oliveira,MDB,"22,00",2,20/05/2026,FALTA INFORMAÇÃO
,CE-03506/2026,RealTime BigData,Senador,Ceará,1,Cenário 1,Branco/Nulo/Nenhum,,"43,00",2,20/05/2026,FALTA INFORMAÇÃO
,CE-03506/2026,RealTime BigData,Senador,Ceará,1,Cenário 1,Indeciso/não sabe,,"44,00",2,20/05/2026,FALTA INFORMAÇÃO
F,BR-07114/2026,RealTime BigData,Presidente,Minas Gerais,1,Cenário 1,Lula,PT,35%,#ERROR!,21/05/2026,
F,BR-07114/2026,RealTime BigData,Presidente,Minas Gerais,1,Cenário 1,Flávio Bolsonaro,PL,29%,#ERROR!,21/05/2026,
F,MG-07299/2026,RealTime BigData,Governador,Minas Gerais,1,Cenário 1,Cleitinho Azevedo,Republicanos,39%,#ERROR!,21/05/2026,
F,MG-07299/2026,RealTime BigData,Senador,Minas Gerais,1,Cenário 1,Marília Campos,PT,22%,#ERROR!,21/05/2026,
F,SP-02706/26,Paraná Pesquisas,Governador,São Paulo,1,Cenário 1,Tarcísio de Freitas,Republicanos,"47,30%","±2,5 p,p,",21/05/2026,
F,SP-02706/26,Paraná Pesquisas,Governador,São Paulo,1,Cenário 1,Fernando Haddad,PT,"33,50%","±2,5 p,p,",21/05/2026,
F,SP-02706/26,Paraná Pesquisas,Governador,São Paulo,1,Cenário 1,Paulo Serra,PSDB,"4,30%","±2,5 p,p,",21/05/2026,
F,SP-02706/26,Paraná Pesquisas,Governador,São Paulo,1,Cenário 1,Kim Kataguiri,Missão,"3,40%","±2,5 p,p,",21/05/2026,
F,SP-02706/26,Paraná Pesquisas,Governador,São Paulo,2,Cenário 2,Tarcísio de Freitas,Republicanos,"52,70%","±2,5 p,p,",21/05/2026,
F,SP-02706/26,Paraná Pesquisas,Governador,São Paulo,2,Cenário 2,Fernando Haddad,PT,"37,60%","±2,5 p,p,",21/05/2026,
F,SP-02706/26,Paraná Pesquisas,Senador,São Paulo,1,Cenário 1,Marina Silva,REDE,"36,60%","±2,5 p,p,",21/05/2026,
F,SP-02706/26,Paraná Pesquisas,Senador,São Paulo,1,Cenário 1,Simone Tebet,MDB,"34,30%","±2,5 p,p,",21/05/2026,
F,SP-02706/26,Paraná Pesquisas,Senador,São Paulo,1,Cenário 1,Guilherme Derrite,PP,"25,10%","±2,5 p,p,",21/05/2026,
F,SP-02706/26,Paraná Pesquisas,Senador,São Paulo,1,Cenário 1,Ricardo Salles,NOVO,"18,70%","±2,5 p,p,",21/05/2026,
F,SP-02706/26,Paraná Pesquisas,Senador,São Paulo,1,Cenário 1,Paulinho da Força,Solidariedade,"13,60%","±2,5 p,p,",21/05/2026,
F,SP-02706/26,Paraná Pesquisas,Senador,São Paulo,1,Cenário 1,André do Prado,PL,"11,30%","±2,5 p,p,",21/05/2026,
F,SE-06384/2026,RealTime BigData,Governador,Sergipe,1,Cenário 1,Fábio Mitidieri,PSD,41%,#ERROR!,26/05/2026,
F,SE-06384/2026,RealTime BigData,Governador,Sergipe,1,Cenário 1,Valmir de Francisquinho,Republicanos,38%,#ERROR!,26/05/2026,
F,SE-06384/2026,RealTime BigData,Governador,Sergipe,1,Cenário 1,Ricardo Marques,PL,5%,#ERROR!,26/05/2026,
F,SE-06384/2026,RealTime BigData,Governador,Sergipe,1,Cenário 1,Emanuel Cacho,PSDB,2%,#ERROR!,26/05/2026,
F,SE-06384/2026,RealTime BigData,Governador,Sergipe,1,Cenário 1,Dr. Helton Monteiro,PSOL,1%,#ERROR!,26/05/2026,
F,SE-06384/2026,RealTime BigData,Governador,Sergipe,1,Cenário 1,Branco/Nulo/Nenhum,,7%,#ERROR!,26/05/2026,
F,SE-06384/2026,RealTime BigData,Governador,Sergipe,1,Cenário 1,Indeciso/não sabe,,6%,#ERROR!,26/05/2026,
F,SE-06384/2026,RealTime BigData,Governador,Sergipe,2,Cenário 1,Valmir de Francisquinho,Republicanos,44%,#ERROR!,26/05/2026,
F,SE-06384/2026,RealTime BigData,Governador,Sergipe,2,Cenário 1,Fábio Mitidieri,PSD,41%,#ERROR!,26/05/2026,
F,SE-06384/2026,RealTime BigData,Governador,Sergipe,2,Cenário 1,Branco/Nulo/Nenhum,,9%,#ERROR!,26/05/2026,
F,SE-06384/2026,RealTime BigData,Governador,Sergipe,2,Cenário 1,Indeciso/não sabe,,6%,#ERROR!,26/05/2026,
F,SE-06384/2026,RealTime BigData,Senador,Sergipe,1,Cenário 1,Delegado André David,Republicanos,15%,#ERROR!,26/05/2026,
F,SE-06384/2026,RealTime BigData,Senador,Sergipe,1,Cenário 1,Dr. Eduardo Amorim,Republicanos,13%,#ERROR!,26/05/2026,
F,SE-06384/2026,RealTime BigData,Senador,Sergipe,1,Cenário 1,André Moura,União Brasil,13%,#ERROR!,26/05/2026,
F,SE-06384/2026,RealTime BigData,Senador,Sergipe,1,Cenário 1,Rodrigo Valadares,PL,12%,#ERROR!,26/05/2026,
F,SE-06384/2026,RealTime BigData,Senador,Sergipe,1,Cenário 1,Edvaldo Nogueira,PDT,11%,#ERROR!,26/05/2026,
F,SE-06384/2026,RealTime BigData,Senador,Sergipe,1,Cenário 1,Rogério Carvalho,PT,10%,#ERROR!,26/05/2026,
F,SE-06384/2026,RealTime BigData,Senador,Sergipe,1,Cenário 1,Alessandro Vieira,MDB,8%,#ERROR!,26/05/2026,
F,SE-06384/2026,RealTime BigData,Senador,Sergipe,1,Cenário 1,Coronel Rocha,PL,6%,#ERROR!,26/05/2026,
F,SE-06384/2026,RealTime BigData,Senador,Sergipe,1,Cenário 1,Iran Barbosa,PSOL,2%,#ERROR!,26/05/2026,
F,SE-06384/2026,RealTime BigData,Senador,Sergipe,1,Cenário 1,Branco/Nulo/Nenhum,,5%,#ERROR!,26/05/2026,
F,SE-06384/2026,RealTime BigData,Senador,Sergipe,1,Cenário 1,Indeciso/não sabe,,6%,#ERROR!,26/05/2026,
F,PB-03748/2026,RealTime BigData,Governador,Paraíba,1,Cenário 1,Lucas Ribeiro,PP,30%,#ERROR!,27/05/2026,
F,PB-03748/2026,RealTime BigData,Governador,Paraíba,1,Cenário 1,Cícero Lucena,MDB,28%,#ERROR!,27/05/2026,
F,PB-03748/2026,RealTime BigData,Governador,Paraíba,1,Cenário 1,Efraim Filho,PL,19%,#ERROR!,27/05/2026,
F,PB-03748/2026,RealTime BigData,Governador,Paraíba,1,Cenário 1,Olímpio Rocha,PSOL,2%,#ERROR!,27/05/2026,
F,PB-03748/2026,RealTime BigData,Governador,Paraíba,2,Cenário 1,Cícero Lucena,MDB,39%,#ERROR!,27/05/2026,
F,PB-03748/2026,RealTime BigData,Governador,Paraíba,2,Cenário 1,Lucas Ribeiro,PP,34%,#ERROR!,27/05/2026,
F,PB-03748/2026,RealTime BigData,Governador,Paraíba,2,Cenário 2,Efraim Filho,PL,44%,#ERROR!,27/05/2026,
F,PB-03748/2026,RealTime BigData,Governador,Paraíba,2,Cenário 2,Lucas Ribeiro,PP,26%,#ERROR!,27/05/2026,
F,PB-03748/2026,RealTime BigData,Governador,Paraíba,2,Cenário 3,Efraim Filho,PL,41%,#ERROR!,27/05/2026,
F,PB-03748/2026,RealTime BigData,Governador,Paraíba,2,Cenário 3,Cícero Lucena,MDB,29%,#ERROR!,27/05/2026,
F,PB-03748/2026,RealTime BigData,Senador,Paraíba,1,Cenário 1,João Azevêdo,PSB,32%,#ERROR!,27/05/2026,
F,PB-03748/2026,RealTime BigData,Senador,Paraíba,1,Cenário 1,Veneziano,MDB,25%,#ERROR!,27/05/2026,
F,PB-03748/2026,RealTime BigData,Senador,Paraíba,1,Cenário 1,Marcelo Queiroga,PL,13%,#ERROR!,27/05/2026,
F,PB-03748/2026,RealTime BigData,Senador,Paraíba,1,Cenário 1,Nabor Wanderley,Republicanos,9%,#ERROR!,27/05/2026,
F,PB-03748/2026,RealTime BigData,Senador,Paraíba,1,Cenário 1,Major Fábio,Novo,3%,#ERROR!,27/05/2026,
F,PB-03748/2026,RealTime BigData,Senador,Paraíba,1,Cenário 1,André Gadelha,MDB,2%,#ERROR!,27/05/2026,
F,PB-03748/2026,RealTime BigData,Senador,Paraíba,1,Cenário 1,Avenzoar Arruda,PSOL,1%,#ERROR!,27/05/2026,
F,PB-03748/2026,RealTime BigData,Senador,Paraíba,1,Cenário 1,Rinaldo Junior,DC,1%,#ERROR!,27/05/2026,
F,BR-03562/2026,RealTime BigData,Presidente,Paraíba,1,Cenário 1,Lula,PT,53%,,27/05/2026,
F,BR-03562/2026,RealTime BigData,Presidente,Paraíba,1,Cenário 1,Flávio Bolsonaro,PL,24%,,27/05/2026,
F,BR-03562/2026,RealTime BigData,Presidente,Paraíba,1,Cenário 1,Renan Santos,Missão,4%,,27/05/2026,
F,BR-03562/2026,RealTime BigData,Presidente,Paraíba,1,Cenário 1,Romeu Zema,Novo,3%,,27/05/2026,
F,BR-03562/2026,RealTime BigData,Presidente,Paraíba,1,Cenário 1,Ronaldo Caiado,PSD,2%,,27/05/2026,
F,BR-03562/2026,RealTime BigData,Presidente,Paraíba,1,Cenário 1,Joaquim Barbosa,DC,1%,,27/05/2026,
F,BR-03562/2026,RealTime BigData,Presidente,Paraíba,1,Cenário 1,Aécio Neves,PSDB,1%,,27/05/2026,
F,BR-03562/2026,RealTime BigData,Presidente,Paraíba,2,Cenário 1,Lula,PT,58%,,27/05/2026,
F,BR-03562/2026,RealTime BigData,Presidente,Paraíba,2,Cenário 1,Flávio Bolsonaro,PL,30%,,27/05/2026,
F,BR-06594/2026 e RN-02267/2026,AtlasIntel,Governador,Rio Grande do Norte,1,Cenário 1,Cadu Xavier,PT,"38,60",3,29/05/2026,https://www.poder360.com.br/poder-eleicoes/cadu-xavier-lidera-no-1o-turno-no-rn-diz-pesquisa/
F,BR-06594/2026 e RN-02267/2026,AtlasIntel,Governador,Rio Grande do Norte,1,Cenário 1,Álvaro Dias,PL,"26,9",3,29/05/2026,https://www.poder360.com.br/poder-eleicoes/cadu-xavier-lidera-no-1o-turno-no-rn-diz-pesquisa/
F,BR-06594/2026 e RN-02267/2026,AtlasIntel,Governador,Rio Grande do Norte,1,Cenário 1,Allyson Bezerra,União Brasil,"27,40",3,29/05/2026,https://www.poder360.com.br/poder-eleicoes/cadu-xavier-lidera-no-1o-turno-no-rn-diz-pesquisa/
F,BR-06594/2026 e RN-02267/2026,AtlasIntel,Governador,Rio Grande do Norte,1,Cenário 1,Robério Paulino,PSOL,"0,10",3,29/05/2026,https://www.poder360.com.br/poder-eleicoes/cadu-xavier-lidera-no-1o-turno-no-rn-diz-pesquisa/
F,BR-06594/2026 e RN-02267/2026,AtlasIntel,Governador,Rio Grande do Norte,1,Cenário 1,Rodrigo Vieira,Agir,"0,00",3,29/05/2026,https://www.poder360.com.br/poder-eleicoes/cadu-xavier-lidera-no-1o-turno-no-rn-diz-pesquisa/
F,BR-06594/2026 e RN-02267/2026,AtlasIntel,Governador,Rio Grande do Norte,1,Cenário 1,Branco/Nulo/Nenhum,,"5,90",3,29/05/2026,https://www.poder360.com.br/poder-eleicoes/cadu-xavier-lidera-no-1o-turno-no-rn-diz-pesquisa/
F,BR-06594/2026 e RN-02267/2026,AtlasIntel,Governador,Rio Grande do Norte,1,Cenário 1,Indeciso/não sabe,,"1,20",3,29/05/2026,https://www.poder360.com.br/poder-eleicoes/cadu-xavier-lidera-no-1o-turno-no-rn-diz-pesquisa/
F,BR-09048/2026,RealTime BigData,Presidente,Mato Grosso,1,Cenário 1,Flávio Bolsonaro,PL,40%,#ERROR!,02/06/2026,
F,BR-09048/2026,RealTime BigData,Presidente,Mato Grosso,1,Cenário 1,Lula,PT,31%,#ERROR!,02/06/2026,
F,BR-09048/2026,RealTime BigData,Presidente,Mato Grosso,1,Cenário 1,Ronaldo Caiado,PSD,6%,#ERROR!,02/06/2026,
F,BR-09048/2026,RealTime BigData,Presidente,Mato Grosso,1,Cenário 1,Renan Santos,Missão,6%,#ERROR!,02/06/2026,
F,MT-01755/2026,RealTime BigData,Governador,Mato Grosso,1,Cenário 1,Wellington Fagundes,PL,35%,2,02/06/2026,
F,MT-01755/2026,RealTime BigData,Governador,Mato Grosso,1,Cenário 1,Jayme Campos,União Brasil,23%,2,02/06/2026,
F,MT-01755/2026,RealTime BigData,Governador,Mato Grosso,1,Cenário 1,Otaviano Pivetta,Republicanos,19%,2,02/06/2026,
F,MT-01755/2026,RealTime BigData,Governador,Mato Grosso,1,Cenário 2,Wellington Fagundes,PL,40%,2,02/06/2026,
F,MT-01755/2026,RealTime BigData,Governador,Mato Grosso,2,Cenário 1,Wellington Fagundes,PL,44%,2,02/06/2026,
F,MT-01755/2026,RealTime BigData,Senador,Mato Grosso,1,Cenário 1,Mauro Mendes,União Brasil,29%,2,02/06/2026,
F,MT-01755/2026,RealTime BigData,Senador,Mato Grosso,1,Cenário 1,Janaína Riva,MDB,24%,2,02/06/2026,
F,MT-01755/2026,RealTime BigData,Senador,Mato Grosso,1,Cenário 1,Carlos Fávaro,PSD,15%,2,02/06/2026,
,AC-01182/2026,Paraná Pesquisas,Governador,Acre,1,Cenário 1,Alan Rick,,"41,20%","3,20%",03/06/2026,
,AC-01182/2026,Paraná Pesquisas,Governador,Acre,1,Cenário 1,Mailza Assis,,"24,40%","3,20%",03/06/2026,
,AC-01182/2026,Paraná Pesquisas,Governador,Acre,1,Cenário 1,Tião Bocalom,,"16,10%","3,20%",03/06/2026,
,AC-01182/2026,Paraná Pesquisas,Governador,Acre,1,Cenário 1,Thor Dantas,PCdoB,"3,80%","3,20%",03/06/2026,
,AC-01182/2026,Paraná Pesquisas,Governador,Acre,1,Cenário 1,Eudo Raffael,,"0,80%","3,20%",03/06/2026,
,AC-01182/2026,Paraná Pesquisas,Governador,Acre,1,Cenário 2,Alan Rick,,"58,50%","3,20%",03/06/2026,
,AC-01182/2026,Paraná Pesquisas,Governador,Acre,1,Cenário 2,Tião Bocalom,,"26,90%","3,20%",03/06/2026,
,AC-01182/2026,Paraná Pesquisas,Governador,Acre,1,Cenário 3,Alan Rick,,"53,80%","3,20%",03/06/2026,
,AC-01182/2026,Paraná Pesquisas,Governador,Acre,1,Cenário 3,Mailza Assis,,"33,20%","3,20%",03/06/2026,
,AC-01182/2026,Paraná Pesquisas,Senador,Acre,1,Cenário 1,Jorge Viana,,"34,70%","3,20%",03/06/2026,
,AC-01182/2026,Paraná Pesquisas,Senador,Acre,1,Cenário 1,Gladson Cameli,,"32,60%","3,20%",03/06/2026,
,AC-01182/2026,Paraná Pesquisas,Senador,Acre,1,Cenário 1,Márcio Bittar,,"29,90%","3,20%",03/06/2026,
,AC-01182/2026,Paraná Pesquisas,Senador,Acre,1,Cenário 1,Coronel Ulysses,,"21,90%","3,20%",03/06/2026,
,AC-01182/2026,Paraná Pesquisas,Senador,Acre,1,Cenário 1,Mara Rocha,,"21,60%","3,20%",03/06/2026,
,AC-01182/2026,Paraná Pesquisas,Senador,Acre,1,Cenário 1,Sérgio Petecão,,"13,90%","3,20%",03/06/2026,
,AC-01182/2026,Paraná Pesquisas,Senador,Acre,1,Cenário 1,Jéssica Sales,,"11,30%","3,20%",03/06/2026,
,AC-01182/2026,Paraná Pesquisas,Senador,Acre,1,Cenário 1,Dr Eduardo Velloso,,"9,00%","3,20%",03/06/2026,
,AC-01182/2026,Paraná Pesquisas,Senador,Acre,1,Cenário 1,Júnior Feitosa,,"1,60%","3,20%",03/06/2026,
,AC-01182/2026,Paraná Pesquisas,Senador,Acre,1,Cenário 2,Jorge Viana,,"35,10%","3,20%",03/06/2026,
,AC-01182/2026,Paraná Pesquisas,Senador,Acre,1,Cenário 2,Márcio Bittar,,"33,00%","3,20%",03/06/2026,
,AC-01182/2026,Paraná Pesquisas,Senador,Acre,1,Cenário 2,Coronel Ulysses,,"25,00%","3,20%",03/06/2026,
,AC-01182/2026,Paraná Pesquisas,Senador,Acre,1,Cenário 2,Mara Rocha,,"23,80%","3,20%",03/06/2026,
,AC-01182/2026,Paraná Pesquisas,Senador,Acre,1,Cenário 2,Sérgio Petecão,,"16,40%","3,20%",03/06/2026,
,AC-01182/2026,Paraná Pesquisas,Senador,Acre,1,Cenário 2,Socorro Neri,,"14,60%","3,20%",03/06/2026,
,AC-01182/2026,Paraná Pesquisas,Senador,Acre,1,Cenário 2,Jéssica Sales,,"13,00%","3,20%",03/06/2026,
,AC-01182/2026,Paraná Pesquisas,Senador,Acre,1,Cenário 2,Dr Eduardo Velloso,,"11,10%","3,20%",03/06/2026,
,AC-01182/2026,Paraná Pesquisas,Senador,Acre,1,Cenário 3,Jorge Viana,,"37,10%","3,20%",03/06/2026,
,AC-01182/2026,Paraná Pesquisas,Senador,Acre,1,Cenário 3,Márcio Bittar,,"36,10%","3,20%",03/06/2026,
,AC-01182/2026,Paraná Pesquisas,Senador,Acre,1,Cenário 3,Mara Rocha,,"29,10%","3,20%",03/06/2026,
,AC-01182/2026,Paraná Pesquisas,Senador,Acre,1,Cenário 3,Coronel Ulysses,,"27,00%","3,20%",03/06/2026,
,AC-01182/2026,Paraná Pesquisas,Senador,Acre,1,Cenário 3,Sérgio Petecão,,"19,90%","3,20%",03/06/2026,
,AC-01182/2026,Paraná Pesquisas,Senador,Acre,1,Cenário 3,Dr Eduardo Velloso,,"15,20%","3,20%",03/06/2026,
,AC-01182/2026,Paraná Pesquisas,Senador,Acre,1,Cenário 4,Márcio Bittar,,"38,20%","3,20%",03/06/2026,
,AC-01182/2026,Paraná Pesquisas,Senador,Acre,1,Cenário 4,Jorge Viana,,"37,90%","3,20%",03/06/2026,
,AC-01182/2026,Paraná Pesquisas,Senador,Acre,1,Cenário 4,Mara Rocha,,"32,00%","3,20%",03/06/2026,
,AC-01182/2026,Paraná Pesquisas,Senador,Acre,1,Cenário 4,Coronel Ulysses,,"29,40%","3,20%",03/06/2026,
,AC-01182/2026,Paraná Pesquisas,Senador,Acre,1,Cenário 4,Sérgio Petecão,,"22,00%","3,20%",03/06/2026,
F,MT-01755/2026,RealTime BigData,Governador,Mato Grosso,1,Cenário 2,Otaviano Pivetta,Republicanos,29%,2,03/06/2026,
F,BR‐00962/2026,Ipsos-Ipec,Governador,Ceará,1,Cenário 1,Elmano de Freitas,PT,"33,00%",3,03/06/2026,"A disputa pelo governo do Ceará a 4 meses da eleição, segundo pesquisa Ipsos-Ipec – CartaCapital"
F,BR‐00962/2026,Ipsos-Ipec,Governador,Ceará,1,Cenário 1,Ciro Gomes,PSDB,"44,00%",3,03/06/2026,"A disputa pelo governo do Ceará a 4 meses da eleição, segundo pesquisa Ipsos-Ipec – CartaCapital"
F,BR‐00962/2026,Ipsos-Ipec,Governador,Ceará,1,Cenário 1,Eduardo Girão,Novo,"4,00%",3,03/06/2026,"A disputa pelo governo do Ceará a 4 meses da eleição, segundo pesquisa Ipsos-Ipec – CartaCapital"
F,BR‐00962/2026,Ipsos-Ipec,Governador,Ceará,1,Cenário 1,Professor Jarir Pereira,PSOL,"1,00%",3,03/06/2026,"A disputa pelo governo do Ceará a 4 meses da eleição, segundo pesquisa Ipsos-Ipec – CartaCapital"
F,BR‐00962/2026,Ipsos-Ipec,Governador,Ceará,1,Cenário 1,Geovani Sampaio,PRD,"1,00%",3,03/06/2026,"A disputa pelo governo do Ceará a 4 meses da eleição, segundo pesquisa Ipsos-Ipec – CartaCapital"
F,BR‐00962/2026,Ipsos-Ipec,Governador,Ceará,1,Cenário 1,Delegado Huggo Leonardo,Missão,"1,00%",3,03/06/2026,"A disputa pelo governo do Ceará a 4 meses da eleição, segundo pesquisa Ipsos-Ipec – CartaCapital"
F,BR‐00962/2026,Ipsos-Ipec,Governador,Ceará,1,Cenário 1,Zé Batista,PSTU,"1,00",3,03/06/2026,"A disputa pelo governo do Ceará a 4 meses da eleição, segundo pesquisa Ipsos-Ipec – CartaCapital"
F,BR‐00962/2026,Ipsos-Ipec,Governador,Ceará,1,Cenário 1,Branco/Nulo/Nenhum,,"7,00",3,03/06/2026,"A disputa pelo governo do Ceará a 4 meses da eleição, segundo pesquisa Ipsos-Ipec – CartaCapital"
F,BR‐00962/2026,Ipsos-Ipec,Governador,Ceará,1,Cenário 1,Indeciso/não sabe,,"8,00",3,03/06/2026,"A disputa pelo governo do Ceará a 4 meses da eleição, segundo pesquisa Ipsos-Ipec – CartaCapital"
F,BR‐00962/2026,Ipsos-Ipec,Governador,Ceará,2,Elmano x Ciro,Elmano de Freitas,PT,"41,00",3,03/06/2026,"A disputa pelo governo do Ceará a 4 meses da eleição, segundo pesquisa Ipsos-Ipec – CartaCapital"
F,BR‐00962/2026,Ipsos-Ipec,Governador,Ceará,2,Elmano x Ciro,Ciro Gomes,PSDB,"49,00",3,03/06/2026,"A disputa pelo governo do Ceará a 4 meses da eleição, segundo pesquisa Ipsos-Ipec – CartaCapital"
F,BR‐00962/2026,Ipsos-Ipec,Governador,Ceará,2,Elmano x Ciro,Branco/Nulo/Nenhum,,"5,00",3,03/06/2026,"A disputa pelo governo do Ceará a 4 meses da eleição, segundo pesquisa Ipsos-Ipec – CartaCapital"
F,BR‐00962/2026,Ipsos-Ipec,Governador,Ceará,2,Elmano x Ciro,Indeciso/não sabe,,"5,00",3,03/06/2026,"A disputa pelo governo do Ceará a 4 meses da eleição, segundo pesquisa Ipsos-Ipec – CartaCapital"
F,MT-01755/2026,RealTime BigData,Governador,Mato Grosso,1,Cenário 2,Natasha Shlessarenko,PSD,16%,2,04/06/2026,
F,PE-09426/2026,RealTime BigData,Governador,Pernambuco,1,Cenário 1,João Campos,PSB,45%,2,11/06/2026,
F,PE-09426/2026,RealTime BigData,Governador,Pernambuco,1,Cenário 1,Raquel Lyra,PSD,40%,2,11/06/2026,
F,PE-09426/2026,RealTime BigData,Governador,Pernambuco,1,Cenário 1,Renan Hallais,Missão,6%,2,11/06/2026,
F,PE-09426/2026,RealTime BigData,Governador,Pernambuco,1,Cenário 1,Ivan Moraes,PSOL,3%,2,11/06/2026,
F,PE-09426/2026,RealTime BigData,Senador,Pernambuco,1,Cenário 1,Marília Arraes,PDT,26%,2,11/06/2026,
F,PE-09426/2026,RealTime BigData,Senador,Pernambuco,1,Cenário 1,Humberto Costa,PT,19%,2,11/06/2026,
F,PE-09426/2026,RealTime BigData,Senador,Pernambuco,1,Cenário 1,Mendonça Filho,PL,16%,2,11/06/2026,
F,PE-09426/2026,RealTime BigData,Senador,Pernambuco,1,Cenário 1,Tulio Gadelha,PSD,13%,2,11/06/2026,
F,PE-09426/2026,RealTime BigData,Senador,Pernambuco,1,Cenário 1,Eduardo da Fonte,PP,12%,2,11/06/2026,
F,BR-02795/2026,RealTime BigData,Presidente,Pernambuco,1,Cenário 1,Lula,PT,57%,2,11/06/2026,
F,BR-02795/2026,RealTime BigData,Presidente,Pernambuco,1,Cenário 1,Flávio Bolsonaro,PL,22%,2,11/06/2026,
F,BR-02795/2026,RealTime BigData,Presidente,Pernambuco,1,Cenário 1,Ronaldo Caiado,PSD,4%,2,11/06/2026,
F,BR-02795/2026,RealTime BigData,Presidente,Pernambuco,1,Cenário 1,Renan Santos,Missão,4%,2,11/06/2026,
F,BR-02795/2026,RealTime BigData,Presidente,Pernambuco,2,Cenário 1,Lula,PT,60%,2,11/06/2026,
F,BR-02795/2026,RealTime BigData,Presidente,Pernambuco,2,Cenário 1,Flávio Bolsonaro,PL,34%,2,11/06/2026,
F,CE-03465/2026 e BR-01326/2026,AtlasIntel,Governador,Ceará,2,Cenário 1,Branco/Nulo/Nenhum,,"1,80",3,15/06/2026,Pesquisa Atlas/Focus - Eleições Ceará 2026 - 260615
,AP-02175/2026,Paraná Pesquisas,Governador,Amapá,1,Cenário 1,Dr. Furlan,MDB,"64,30%","±3,0%",15/06/2026,
,AP-02175/2026,Paraná Pesquisas,Governador,Amapá,1,Cenário 1,Clécio,,"26,10%","±3,0%",15/06/2026,
,AP-02175/2026,Paraná Pesquisas,Senador,Amapá,1,Cenário 1,Rayssa Furlan,,"61,50%","±3,0%",15/06/2026,
F,AP-02175/2026,Paraná Pesquisas,Senador,Amapá,1,Cenário 1,Lucas Barreto,,"46,90%","±3,0%",15/06/2026,
F,AP-02175/2026,Paraná Pesquisas,Senador,Amapá,1,Cenário 1,Randolfe,,"40,40%","±3,0%",15/06/2026,
F,CE-03465/2026 e BR-01326/2026,AtlasIntel,Governador,Ceará,1,Cenário 1,Elmano de Freitas,PT,"45,80",3,15/06/2026,Pesquisa Atlas/Focus - Eleições Ceará 2026 - 260615
F,CE-03465/2026 e BR-01326/2026,AtlasIntel,Governador,Ceará,1,Cenário 1,Ciro Gomes,PSDB,"44,80",3,15/06/2026,Pesquisa Atlas/Focus - Eleições Ceará 2026 - 260615
F,CE-03465/2026 e BR-01326/2026,AtlasIntel,Governador,Ceará,1,Cenário 1,Eduardo Girão,Novo,"4,80",3,15/06/2026,Pesquisa Atlas/Focus - Eleições Ceará 2026 - 260615
F,CE-03465/2026 e BR-01326/2026,AtlasIntel,Governador,Ceará,1,Cenário 1,Professor Jarir Pereira,PSOL,"0,10",3,15/06/2026,Pesquisa Atlas/Focus - Eleições Ceará 2026 - 260615
F,CE-03465/2026 e BR-01326/2026,AtlasIntel,Governador,Ceará,1,Cenário 1,Geovani Sampaio,PRD,"1,30",3,15/06/2026,Pesquisa Atlas/Focus - Eleições Ceará 2026 - 260615
F,CE-03465/2026 e BR-01326/2026,AtlasIntel,Governador,Ceará,1,Cenário 1,Delegado Huggo Leonardo,Missão,"2,70",3,15/06/2026,Pesquisa Atlas/Focus - Eleições Ceará 2026 - 260615
F,CE-03465/2026 e BR-01326/2026,AtlasIntel,Governador,Ceará,1,Cenário 1,Branco/Nulo/Nenhum,,"0,40",3,15/06/2026,Pesquisa Atlas/Focus - Eleições Ceará 2026 - 260615
F,CE-03465/2026 e BR-01326/2026,AtlasIntel,Governador,Ceará,1,Cenário 1,Indeciso/não sabe,,"0,20",3,15/06/2026,Pesquisa Atlas/Focus - Eleições Ceará 2026 - 260615
F,CE-03465/2026 e BR-01326/2026,AtlasIntel,Governador,Ceará,2,Cenário 1,Elmano de Freitas,PT,"44,90",3,15/06/2026,Pesquisa Atlas/Focus - Eleições Ceará 2026 - 260615
F,CE-03465/2026 e BR-01326/2026,AtlasIntel,Governador,Ceará,2,Cenário 1,Ciro Gomes,PSDB,"53,20",3,15/06/2026,Pesquisa Atlas/Focus - Eleições Ceará 2026 - 260615
F,CE-03465/2026 e BR-01326/2026,AtlasIntel,Governador,Ceará,2,Cenário 1,Indeciso/não sabe,,"0,10",3,15/06/2026,Pesquisa Atlas/Focus - Eleições Ceará 2026 - 260615
F,BR-04419/26,RealTime BigData,Presidente,São Paulo,1,Cenário 1,Flávio Bolsonaro,PL,36%,2,16/06/2026,
F,BR-04419/26,RealTime BigData,Presidente,São Paulo,1,Cenário 1,Lula,PT,31%,2,16/06/2026,
F,BR-04419/26,RealTime BigData,Presidente,São Paulo,1,Cenário 1,Renan Santos,Missão,10%,2,16/06/2026,
F,BR-04419/26,RealTime BigData,Presidente,São Paulo,1,Cenário 1,Romeu Zema,Novo,5%,2,16/06/2026,
F,BR-04419/26,RealTime BigData,Presidente,São Paulo,1,Cenário 1,Joaquim Barbosa,DC,4%,2,16/06/2026,
F,BR-04419/26,RealTime BigData,Presidente,São Paulo,1,Cenário 1,Ronaldo Caiado,PSD,3%,2,16/06/2026,
F,BR-04419/26,RealTime BigData,Presidente,São Paulo,1,Cenário 1,Aécio Neves,PSDB,3%,2,16/06/2026,
F,BR-04419/26,RealTime BigData,Presidente,São Paulo,2,Cenário 1,Lula,PT,47%,2,16/06/2026,
F,BR-04419/26,RealTime BigData,Presidente,São Paulo,2,Cenário 1,Flávio Bolsonaro,PL,44%,2,16/06/2026,
F,SP-09734/26,RealTime BigData,Governador,São Paulo,1,Cenário 1,Tarcísio de Freitas,Republicanos,46%,2,16/06/2026,
F,SP-09734/26,RealTime BigData,Governador,São Paulo,1,Cenário 1,Fernando Haddad,PT,33%,2,16/06/2026,
F,SP-09734/26,RealTime BigData,Governador,São Paulo,1,Cenário 1,Kim Kataguiri,Missão,8%,2,16/06/2026,
F,SP-09734/26,RealTime BigData,Governador,São Paulo,1,Cenário 1,Paulo Serra,PSDB,6%,2,16/06/2026,
F,SP-09734/26,RealTime BigData,Senador,São Paulo,1,Cenário 1,Guilherme Derrite,PP,17%,2,16/06/2026,
F,SP-09734/26,RealTime BigData,Senador,São Paulo,1,Cenário 1,Simone Tebet,PSB,16%,2,16/06/2026,
F,SP-09734/26,RealTime BigData,Senador,São Paulo,1,Cenário 1,Marina Silva,Rede,14%,2,16/06/2026,
F,SP-09734/26,RealTime BigData,Senador,São Paulo,1,Cenário 1,Ricardo Salles,Novo,12%,2,16/06/2026,
F,SP-09734/26,RealTime BigData,Senador,São Paulo,1,Cenário 1,André do Prado,PL,10%,2,16/06/2026,
F,SP-09734/26,RealTime BigData,Senador,São Paulo,1,Cenário 1,Paulinho da Força,Solidariedade,7%,2,16/06/2026,
F,SP-08639/26,Paraná Pesquisas,Governador,São Paulo,1,Cenário 1,Tarcísio de Freitas,Republicanos,"45,60%","±2,5 p,p,",19/06/2026,
F,SP-08639/26,Paraná Pesquisas,Governador,São Paulo,1,Cenário 1,Fernando Haddad,PT,"34,10%","±2,5 p,p,",19/06/2026,
F,SP-08639/26,Paraná Pesquisas,Governador,São Paulo,1,Cenário 1,Paulo Serra,PSDB,"4,60%","±2,5 p,p,",19/06/2026,
F,SP-08639/26,Paraná Pesquisas,Governador,São Paulo,1,Cenário 1,Kim Kataguiri,Missão,"3,00%","±2,5 p,p,",19/06/2026,
F,SP-08639/26,Paraná Pesquisas,Governador,São Paulo,2,Cenário 2,Tarcísio de Freitas,Republicanos,"51,40%","±2,5 p,p,",19/06/2026,
F,SP-08639/26,Paraná Pesquisas,Governador,São Paulo,2,Cenário 2,Fernando Haddad,PT,"37,90%","±2,5 p,p,",19/06/2026,
F,SP-08639/26,Paraná Pesquisas,Senador,São Paulo,1,Cenário 1,Marina Silva,REDE,"35,10%","±2,5 p,p,",19/06/2026,
F,SP-08639/26,Paraná Pesquisas,Senador,São Paulo,1,Cenário 1,Simone Tebet,MDB,"32,40%","±2,5 p,p,",19/06/2026,
F,SP-08639/26,Paraná Pesquisas,Senador,São Paulo,1,Cenário 1,Guilherme Derrite,PP,"26,70%","±2,5 p,p,",19/06/2026,
F,SP-08639/26,Paraná Pesquisas,Senador,São Paulo,1,Cenário 1,Ricardo Salles,NOVO,"17,10%","±2,5 p,p,",19/06/2026,
F,SP-08639/26,Paraná Pesquisas,Senador,São Paulo,1,Cenário 1,André do Prado,PL,"13,90%","±2,5 p,p,",19/06/2026,
F,SP-08639/26,Paraná Pesquisas,Senador,São Paulo,1,Cenário 1,Paulinho da Força,Solidariedade,"13,40%","±2,5 p,p,",19/06/2026,
F,SP-08639/26,Paraná Pesquisas,Senador,São Paulo,1,Cenário 2,Marina Silva,REDE,"35,90%","±2,5 p,p,",19/06/2026,
F,SP-08639/26,Paraná Pesquisas,Senador,São Paulo,1,Cenário 2,Guilherme Derrite,PP,"26,40%","±2,5 p,p,",19/06/2026,
F,SP-08639/26,Paraná Pesquisas,Senador,São Paulo,1,Cenário 2,Márcio França,PSB,"25,40%","±2,5 p,p,",19/06/2026,
F,SP-08639/26,Paraná Pesquisas,Senador,São Paulo,1,Cenário 2,Ricardo Salles,NOVO,"17,10%","±2,5 p,p,",19/06/2026,
F,SP-08639/26,Paraná Pesquisas,Senador,São Paulo,1,Cenário 2,André do Prado,PL,"14,60%","±2,5 p,p,",19/06/2026,
F,SP-08639/26,Paraná Pesquisas,Senador,São Paulo,1,Cenário 2,Paulinho da Força,Solidariedade,"14,60%","±2,5 p,p,",19/06/2026,
F,TO-05379/2026,RealTime BigData,Governador,Tocantins,1,Cenário 1,Professora Dorinha,União Brasil,"33,00%",2,19/06/2026,
F,TO-05379/2026,RealTime BigData,Governador,Tocantins,1,Cenário 1,Vicentinho Junior,PSDB,"23,00%",2,19/06/2026,
F,TO-05379/2026,RealTime BigData,Governador,Tocantins,1,Cenário 1,Laurez Moreira,PSD,"17,00%",2,19/06/2026,
F,TO-05379/2026,RealTime BigData,Governador,Tocantins,1,Cenário 1,Kátia Abreu,PT,"12,00%",2,19/06/2026,
F,TO-05379/2026,RealTime BigData,Governador,Tocantins,1,Cenário 1,Ataídes de Oliveira,Novo,"4,00%",2,19/06/2026,
F,TO-05379/2026,RealTime BigData,Governador,Tocantins,1,Cenário 1,Witer Fonseca,PSOL,"1,00%",2,19/06/2026,
F,TO-05379/2026,RealTime BigData,Governador,Tocantins,2,Cenário 1,Professora Dorinha,União Brasil,"48,00%",2,19/06/2026,
F,TO-05379/2026,RealTime BigData,Governador,Tocantins,2,Cenário 1,Laurez Moreira,PSD,"34,00%",2,19/06/2026,
F,TO-05379/2026,RealTime BigData,Senador,Tocantins,1,Cenário 1,Eduardo Gomes,PL,"25,00%",2,19/06/2026,
F,TO-05379/2026,RealTime BigData,Senador,Tocantins,1,Cenário 1,Alexandre Guimarães,MDB,"15,00%",2,19/06/2026,
F,TO-05379/2026,RealTime BigData,Senador,Tocantins,1,Cenário 1,Irajá Abreu,PSD,"10,00%",2,19/06/2026,
F,TO-05379/2026,RealTime BigData,Senador,Tocantins,1,Cenário 1,Ronaldo Dimas,Pode,"9,00%",2,19/06/2026,
F,BR-06685/2026,RealTime BigData,Presidente,Tocantins,1,Cenário 1,Lula,PT,"37,00%",2,19/06/2026,
F,BR-06685/2026,RealTime BigData,Presidente,Tocantins,1,Cenário 1,Flávio Bolsonaro,PL,"37,00%",2,19/06/2026,
F,BR-06685/2026,RealTime BigData,Presidente,Tocantins,1,Cenário 1,Ronaldo Caiado,PSD,"5,00%",2,19/06/2026,
F,BR-06685/2026,RealTime BigData,Presidente,Tocantins,2,Cenário 1,Lula,PT,"41,00%",2,19/06/2026,
F,BR-06685/2026,RealTime BigData,Presidente,Tocantins,2,Cenário 1,Flávio Bolsonaro,PL,"40,00%",2,19/06/2026,
F,PI-00806/2026,AtlasIntel,Governador,Piauí,1,Cenário 1,Joel Rodrigues,PP,"22,90%","±3 p,p,",23/06/2026,
F,PI-00806/2026,AtlasIntel,Governador,Piauí,1,Cenário 1,Toni Rodrigues,PL,"1,50%","±3 p,p,",23/06/2026,
F,PI-00806/2026,AtlasIntel,Governador,Piauí,1,Cenário 1,Elizeu Aguiar,Novo,"1,00%","±3 p,p,",23/06/2026,
F,PI-00806/2026,AtlasIntel,Governador,Piauí,1,Cenário 1,Gisvaldo Oliveira,PSOL,"1,00%","±3 p,p,",23/06/2026,
F,PI-00806/2026,AtlasIntel,Governador,Piauí,1,Cenário 1,Mainha,Pode,"0,50%","±3 p,p,",23/06/2026,
F,PI-00806/2026,AtlasIntel,Governador,Piauí,1,Cenário 1,Geraldo Carvalho,PSTU,"0,40%","±3 p,p,",23/06/2026,
F,PI-00806/2026,AtlasIntel,Governador,Piauí,1,Cenário 1,Ravenna Castro,DC,"0,20%","±3 p,p,",23/06/2026,
F,PI-00806/2026,AtlasIntel,Governador,Piauí,1,Cenário 1,Lourdes Melo,PCO,"0,10%","±3 p,p,",23/06/2026,
F,PI-00806/2026,AtlasIntel,Senador,Piauí,1,Cenário 1,Marcelo Castro,MDB,"20,10%","±3 p,p,",23/06/2026,
F,PI-00806/2026,AtlasIntel,Senador,Piauí,1,Cenário 1,Júlio César,PSD,"15,80%","±3 p,p,",23/06/2026,
F,PI-00806/2026,AtlasIntel,Senador,Piauí,1,Cenário 1,Ciro Nogueira,PP,"12,60%","±3 p,p,",23/06/2026,
F,PI-00806/2026,AtlasIntel,Senador,Piauí,1,Cenário 1,Tiago Junqueira,PL,"7,00%","±3 p,p,",23/06/2026,
F,PI-00806/2026,AtlasIntel,Senador,Piauí,1,Cenário 1,Francinaldo Leão,PSOL,"3,10%","±3 p,p,",23/06/2026,
F,PI-00806/2026,AtlasIntel,Senador,Piauí,1,Cenário 1,Antônio Barros,Novo,"2,20%","±3 p,p,",23/06/2026,
F,PI-00806/2026,AtlasIntel,Senador,Piauí,1,Cenário 1,Dionísio Piauí,DC,"2,00%","±3 p,p,",23/06/2026,
F,PI-00806/2026,AtlasIntel,Senador,Piauí,1,Cenário 1,Pedro Laurentino,UP,"1,20%","±3 p,p,",23/06/2026,
F,PI-00806/2026,AtlasIntel,Senador,Piauí,1,Cenário 1,Jorge Lopes,PSDB,"1,10%","±3 p,p,",23/06/2026,
F,PI-00806/2026,AtlasIntel,Senador,Piauí,1,Cenário 1,Antônio J. Lira,Avante,"0,60%","±3 p,p,",23/06/2026,
F,PI-00806/2026,AtlasIntel,Senador,Piauí,1,Cenário 1,Major P. Roberto,Mobiliza,"0,50%","±3 p,p,",23/06/2026,
F,BR-08344/2026,AtlasIntel,Presidente,Piauí,1,Cenário 1,Lula,PT,"63,90%","±3 p,p,",23/06/2026,
F,BR-08344/2026,AtlasIntel,Presidente,Piauí,1,Cenário 1,Flávio Bolsonaro,PL,"15,00%","±3 p,p,",23/06/2026,
F,BR-08344/2026,AtlasIntel,Presidente,Piauí,1,Cenário 1,Renan Santos,Missão,"6,60%","±3 p,p,",23/06/2026,
F,BR-08344/2026,AtlasIntel,Presidente,Piauí,1,Cenário 1,Ronaldo Caiado,PSD,"4,90%","±3 p,p,",23/06/2026,
F,BR-08344/2026,AtlasIntel,Presidente,Piauí,1,Cenário 1,Augusto Cury,Avante,"2,90%","±3 p,p,",23/06/2026,
F,BR-08344/2026,AtlasIntel,Presidente,Piauí,1,Cenário 1,Joaquim Barbosa,DC,"1,60%","±3 p,p,",23/06/2026,
F,BR-08344/2026,AtlasIntel,Presidente,Piauí,1,Cenário 1,Romeu Zema,Novo,"1,30%","±3 p,p,",23/06/2026,
F,BR-08344/2026,AtlasIntel,Presidente,Piauí,1,Cenário 1,Samara Martins,UP,"0,10%","±3 p,p,",23/06/2026,
F,BR-09044/2026,RealTime BigData,Presidente,Rio Grande do Sul,1,Cenário 1,Flávio Bolsonaro,PL,42%,"2,00%",23/06/2026,
F,BR-09044/2026,RealTime BigData,Presidente,Rio Grande do Sul,1,Cenário 1,Lula,PT,39%,"2,00%",23/06/2026,
F,BR-09044/2026,RealTime BigData,Presidente,Rio Grande do Sul,1,Cenário 1,Renan Santos,Missão,5%,"2,00%",23/06/2026,
F,BR-09044/2026,RealTime BigData,Presidente,Rio Grande do Sul,2,Cenário 1,Lula,PT,51%,"2,00%",23/06/2026,
F,BR-09044/2026,RealTime BigData,Presidente,Rio Grande do Sul,2,Cenário 1,Flávio Bolsonaro,PL,42%,"2,00%",23/06/2026,
F,RS-07063/2026,RealTime BigData,Governador,Rio Grande do Sul,1,Cenário 1,Juliana Brizola,PDT,37%,2,23/06/2026,
F,RS-07063/2026,RealTime BigData,Governador,Rio Grande do Sul,1,Cenário 1,Luciano Zucco,PL,32%,2,23/06/2026,
F,RS-07063/2026,RealTime BigData,Governador,Rio Grande do Sul,1,Cenário 1,Gabriel Souza,MDB,18%,2,23/06/2026,
F,RS-07063/2026,RealTime BigData,Governador,Rio Grande do Sul,1,Cenário 1,Marcelo Maranata,PSDB,3%,2,23/06/2026,
F,RS-07063/2026,RealTime BigData,Governador,Rio Grande do Sul,2,Cenário 1,Juliana Brizola,PDT,44%,2,23/06/2026,
F,RS-07063/2026,RealTime BigData,Governador,Rio Grande do Sul,2,Cenário 1,Luciano Zucco,PL,41%,2,23/06/2026,
F,RS-07063/2026,RealTime BigData,Senador,Rio Grande do Sul,1,Cenário 1,Marcel Van Hatten,Novo,20%,2,23/06/2026,
F,RS-07063/2026,RealTime BigData,Senador,Rio Grande do Sul,1,Cenário 1,Manuela D'Ávila,PSOL,19%,2,23/06/2026,
F,RS-07063/2026,RealTime BigData,Senador,Rio Grande do Sul,1,Cenário 1,U. Sanderson,PL,17%,2,23/06/2026,
F,TO-07317/2026,Paraná Pesquisas,Governador,Tocantins,1,Cenário 1,Professora Dorinha,,"35,90%","2,7",24/06/2026,
F,TO-07317/2026,Paraná Pesquisas,Governador,Tocantins,1,Cenário 1,Vicentinho Junior,,"33,30%","2,7",24/06/2026,
F,TO-07317/2026,Paraná Pesquisas,Governador,Tocantins,1,Cenário 1,Laurez Moreira,,"8,80%","2,7",24/06/2026,
F,TO-07317/2026,Paraná Pesquisas,Governador,Tocantins,1,Cenário 1,Ataídes de Oliveira,,"6,90%","2,7",24/06/2026,
F,TO-07317/2026,Paraná Pesquisas,Governador,Tocantins,1,Cenário 2,Vicentinho Junior,,"44,10%","2,7",24/06/2026,
F,TO-07317/2026,Paraná Pesquisas,Governador,Tocantins,1,Cenário 2,Professora Dorinha,,"42,50%","2,7",24/06/2026,
F,TO-07317/2026,Paraná Pesquisas,Senador,Tocantins,1,Cenário 1,Eduardo Gomes,,"30,70%","2,7",24/06/2026,
F,TO-07317/2026,Paraná Pesquisas,Senador,Tocantins,1,Cenário 1,Alexandre Guimarães,,"24,30%","2,7",24/06/2026,
F,TO-07317/2026,Paraná Pesquisas,Senador,Tocantins,1,Cenário 1,Ronaldo Dimas,,"18,70%","2,7",24/06/2026,
F,TO-07317/2026,Paraná Pesquisas,Senador,Tocantins,1,Cenário 1,Vanderlei Luxemburgo,,"16,60%","2,7",24/06/2026,
F,TO-07317/2026,Paraná Pesquisas,Senador,Tocantins,1,Cenário 1,Irajá,,"16,20%","2,7",24/06/2026,
F,TO-07317/2026,Paraná Pesquisas,Senador,Tocantins,1,Cenário 1,Carlos Gaguim,,"15,10%","2,7",24/06/2026,
F,TO-07317/2026,Paraná Pesquisas,Senador,Tocantins,1,Cenário 1,Paulo Mourão,,"11,30%","2,7",24/06/2026,
F,TO-07317/2026,Paraná Pesquisas,Senador,Tocantins,1,Cenário 1,Eli Borges,,"10,70%","2,7",24/06/2026,
F,TO-07317/2026,Paraná Pesquisas,Senador,Tocantins,1,Cenário 1,Cinthia Ribeiro,,"9,00%","2,7",24/06/2026,
F,BR-03439/2026,Veritá,Presidente,Amazonas,1,Cenário 1,Flávio Bolsonaro,PL,"47,70%",3,05/07/2026,
F,BR-03439/2026,Veritá,Presidente,Amazonas,1,Cenário 1,Lula,PT,"41,90%",3,05/07/2026,
F,BR-03439/2026,Veritá,Presidente,Amazonas,1,Cenário 1,Augusto Cury,Avante,"2,60%",3,05/07/2026,
F,BR-03439/2026,Veritá,Presidente,Amazonas,1,Cenário 1,Renan Santos,Missão,"2,30%",3,05/07/2026,
F,BR-03439/2026,Veritá,Presidente,Amazonas,1,Cenário 1,Ronaldo Caiado,PSD,"2,00%",3,05/07/2026,
F,BR-03439/2026,Veritá,Presidente,Amazonas,1,Cenário 1,Joaquim Barbosa,DC,"1,10%",3,05/07/2026,
F,BR-03439/2026,Veritá,Presidente,Amazonas,1,Cenário 1,Cabo Daciolo,Mobiliza,"0,90%",3,05/07/2026,
F,BR-03439/2026,Veritá,Presidente,Amazonas,1,Cenário 1,Rui Costa Pimenta,PCO,"0,40%",3,05/07/2026,
F,BR-03439/2026,Veritá,Presidente,Amazonas,1,Cenário 1,Romeu Zema,Novo,"0,30%",3,05/07/2026,
F,BR-03439/2026,Veritá,Presidente,Amazonas,1,Cenário 1,Samara Martins,UP,"0,20%",3,05/07/2026,
F,BR-03439/2026,Veritá,Presidente,Amazonas,1,Cenário 1,Edmilson Costa,PCB,"0,20%",3,05/07/2026,
F,BR-03439/2026,Veritá,Presidente,Amazonas,1,Cenário 1,Hertz Dias,PSTU,"0,20%",3,05/07/2026,
F,BR-03439/2026,Veritá,Presidente,Amazonas,1,Cenário 1,Heró Bezerra,PRTB,"0,10%",3,05/07/2026,
F,BR-03439/2026,Veritá,Presidente,Amazonas,2,Cenário 1,Flávio Bolsonaro,PL,"53,30%",3,05/07/2026,
F,BR-03439/2026,Veritá,Presidente,Amazonas,2,Cenário 1,Lula,PT,"46,70%",3,05/07/2026,
F,AM-03497/2026,Veritá,Governador,Amazonas,1,Cenário 1,Maria do Carmo Seffair,PL,"35,70%",3,05/07/2026,
F,AM-03497/2026,Veritá,Governador,Amazonas,1,Cenário 1,Omar Aziz,PSD,"31,90%",3,05/07/2026,
F,AM-03497/2026,Veritá,Governador,Amazonas,1,Cenário 1,David Almeida,Avante,"15,80%",3,05/07/2026,
F,AM-03497/2026,Veritá,Governador,Amazonas,1,Cenário 1,Roberto Cidade,União Brasil,"14,90%",3,05/07/2026,
F,AM-03497/2026,Veritá,Governador,Amazonas,1,Cenário 1,Isael Munduruku,Rede,"1,70%",3,05/07/2026,
F,AM-03497/2026,Veritá,Governador,Amazonas,2,Cenário 1,Maria do Carmo Seffair,PL,"50,30%",3,05/07/2026,
F,AM-03497/2026,Veritá,Governador,Amazonas,2,Cenário 1,Omar Aziz,PSD,"49,70%",3,05/07/2026,
F,AM-03497/2026,Veritá,Governador,Amazonas,2,Cenário 2,Maria do Carmo Seffair,PL,57.2%,3,05/07/2026,
F,AM-03497/2026,Veritá,Governador,Amazonas,2,Cenário 2,David Almeida,Avante,42.8%,3,05/07/2026,
F,AM-03497/2026,Veritá,Governador,Amazonas,2,Cenário 3,Omar Aziz,PSD,"62,70%",3,05/07/2026,
F,AM-03497/2026,Veritá,Governador,Amazonas,2,Cenário 3,David Almeida,Avante,"37,30%",3,05/07/2026,
F,AM-03497/2026,Veritá,Senador,Amazonas,1,Cenário 1,Capitão Alberto Neto,PL,"38,80%",3,05/07/2026,
F,AM-03497/2026,Veritá,Senador,Amazonas,1,Cenário 1,Eduardo Braga,MDB,"27,50%",3,05/07/2026,
F,AM-03497/2026,Veritá,Senador,Amazonas,1,Cenário 1,Marcelo Ramos,PT,"13,20%",3,05/07/2026,
F,AM-03497/2026,Veritá,Senador,Amazonas,1,Cenário 1,Plínio Valério,PSDB,"9,10%",3,05/07/2026,
F,AM-03497/2026,Veritá,Senador,Amazonas,1,Cenário 1,Wilson Lima,União Brasil,"6,80%",3,05/07/2026,
F,AM-03497/2026,Veritá,Senador,Amazonas,1,Cenário 1,Marcos Rotta,Avante,"3,40%",3,05/07/2026,
F,AM-03497/2026,Veritá,Senador,Amazonas,1,Cenário 1,Ismael Munduruku,Rede,"0,90%",3,05/07/2026,
F,AM-03497/2026,Veritá,Senador,Amazonas,1,Cenário 1,Chris Melchior,PSB,"0,30%",3,05/07/2026,
F,AP-09815/2026,Veritá,Governador,Amapá,1,Cenário 1,Dr. Furlan,PSD,"67,30%","3,5",05/07/2026,
F,AP-09815/2026,Veritá,Governador,Amapá,1,Cenário 1,Clécio Luís,União,"32,70%","3,5",05/07/2026,
F,AP-09815/2026,Veritá,Senador,Amapá,1,Cenário 1,Rayssa Furlan,Podemos,"31,30%","3,5",05/07/2026,
F,AP-09815/2026,Veritá,Senador,Amapá,1,Cenário 1,Randolfe Rodrigues,PT,"26,30%","3,5",05/07/2026,
F,AP-09815/2026,Veritá,Senador,Amapá,1,Cenário 1,Lucas Barreto,PSD,"20,50%","3,5",05/07/2026,
F,AP-09815/2026,Veritá,Senador,Amapá,1,Cenário 1,Alliny Serrão,União,"7,70%","3,5",05/07/2026,
F,AP-09815/2026,Veritá,Senador,Amapá,1,Cenário 1,João Alberto Capiberibe,PSB,"5,60%","3,5",05/07/2026,
F,AP-09815/2026,Veritá,Senador,Amapá,1,Cenário 1,Teles Junior,PDT,"4,30%","3,5",05/07/2026,
F,AP-09815/2026,Veritá,Senador,Amapá,1,Cenário 1,Acácio Favacho,MDB,"4,30%","3,5",05/07/2026,
F,BR-04779/2026,Veritá,Presidente,Amapá,1,Cenário 1,Lula,PT,"44,50%","3,5",05/07/2026,
F,BR-04779/2026,Veritá,Presidente,Amapá,1,Cenário 1,Flávio Bolsonaro,PL,"42,60%","3,5",05/07/2026,
F,BR-04779/2026,Veritá,Presidente,Amapá,1,Cenário 1,Renan Santos,Missão,"3,30%","3,5",05/07/2026,
F,BR-04779/2026,Veritá,Presidente,Amapá,1,Cenário 1,Augusto Cury,Avante,"2,10%","3,5",05/07/2026,
F,BR-04779/2026,Veritá,Presidente,Amapá,1,Cenário 1,Ronaldo Caiado,PSD,"2,10%","3,5",05/07/2026,
F,BR-04779/2026,Veritá,Presidente,Amapá,1,Cenário 1,Romeu Zema,Novo,"1,70%","3,5",05/07/2026,
F,BR-04779/2026,Veritá,Presidente,Amapá,1,Cenário 1,Joaquim Barbosa,DC,"1,50%","3,5",05/07/2026,
F,BR-04779/2026,Veritá,Presidente,Amapá,1,Cenário 1,Samara Martins,UP,"1,00%","3,5",05/07/2026,
F,BR-04779/2026,Veritá,Presidente,Amapá,1,Cenário 1,Edmilson Costa,PCB,"0,50%","3,5",05/07/2026,
F,BR-04779/2026,Veritá,Presidente,Amapá,1,Cenário 1,Hertz Dias,PSTU,"0,40%","3,5",05/07/2026,
F,BR-04779/2026,Veritá,Presidente,Amapá,1,Cenário 1,Cabo Daciolo,Mobiliza,"0,20%","3,5",05/07/2026,
F,BR-04779/2026,Veritá,Presidente,Amapá,1,Cenário 1,Heró Bezerra,PRTB,"0,10%","3,5",05/07/2026,
F,BR-04779/2026,Veritá,Presidente,Amapá,2,Cenário 1,Lula,PT,"50,60%","3,5",05/07/2026,
F,BR-04779/2026,Veritá,Presidente,Amapá,2,Cenário 1,Flávio Bolsonaro,PL,"49,40%","3,5",05/07/2026,
F,SP-09023/2026,Veritá,Governador,São Paulo,1,Cenário 1,Tarcísio de Freitas,Republicanos,"59,60%","2,5",05/07/2026,
F,SP-09023/2026,Veritá,Governador,São Paulo,1,Cenário 1,Fernando Haddad,PT,"40,40%","2,5",05/07/2026,
F,SP-09023/2026,Veritá,Senador,São Paulo,1,Cenário 1,Guilherme Derrite,Progressistas,"20,90%","2,5",05/07/2026,
F,SP-09023/2026,Veritá,Senador,São Paulo,1,Cenário 1,André do Prado,PL,"19,30%","2,5",05/07/2026,
F,SP-09023/2026,Veritá,Senador,São Paulo,1,Cenário 1,Marina Silva,Rede,"18,60%","2,5",05/07/2026,
F,SP-09023/2026,Veritá,Senador,São Paulo,1,Cenário 1,Simone Tebet,MDB,"17,60%","2,5",05/07/2026,
F,SP-09023/2026,Veritá,Senador,São Paulo,1,Cenário 1,Delegado Palumbo,Podemos,"17,40%","2,5",05/07/2026,
F,SP-09023/2026,Veritá,Senador,São Paulo,1,Cenário 1,Ricardo Salles,Novo,"5,70%","2,5",05/07/2026,
F,SP-09023/2026,Veritá,Senador,São Paulo,1,Cenário 1,Paulinho da Força,Solidariedade,"0,50%","2,5",05/07/2026,
F,SP-09023/2026,Veritá,Senador,São Paulo,1,Cenário 2,Simone Tebet,MDB,"27,90%","2,5",05/07/2026,
F,SP-09023/2026,Veritá,Senador,São Paulo,1,Cenário 2,Guilherme Derrite,Progressistas,"26,20%","2,5",05/07/2026,
F,SP-09023/2026,Veritá,Senador,São Paulo,1,Cenário 2,André do Prado,PL,"24,20%","2,5",05/07/2026,
F,SP-09023/2026,Veritá,Senador,São Paulo,1,Cenário 2,Marcio França,PSB,"10,90%","2,5",05/07/2026,
F,SP-09023/2026,Veritá,Senador,São Paulo,1,Cenário 2,Ricardo Salles,Novo,"5,90%","2,5",05/07/2026,
F,SP-09023/2026,Veritá,Senador,São Paulo,1,Cenário 2,Geraldo Rufino,Podemos,"2,90%","2,5",05/07/2026,
F,SP-09023/2026,Veritá,Senador,São Paulo,1,Cenário 2,Paulinho da Força,Solidariedade,"1,90%","2,5",05/07/2026,
F,BR-04161/2026,Veritá,Presidente,São Paulo,1,Cenário 1,Flávio Bolsonaro,PL,"43,90%","2,5",05/07/2026,
F,BR-04161/2026,Veritá,Presidente,São Paulo,1,Cenário 1,Lula,PT,"38,70%","2,5",05/07/2026,
F,BR-04161/2026,Veritá,Presidente,São Paulo,1,Cenário 1,Renan Santos,Missão,"5,40%","2,5",05/07/2026,
F,BR-04161/2026,Veritá,Presidente,São Paulo,1,Cenário 1,Romeu Zema,Novo,"2,90%","2,5",05/07/2026,
F,BR-04161/2026,Veritá,Presidente,São Paulo,1,Cenário 1,Augusto Cury,Avante,"2,60%","2,5",05/07/2026,
F,BR-04161/2026,Veritá,Presidente,São Paulo,1,Cenário 1,Ronaldo Caiado,PSD,"2,50%","2,5",05/07/2026,
F,BR-04161/2026,Veritá,Presidente,São Paulo,1,Cenário 1,Joaquim Barbosa,DC,"1,70%","2,5",05/07/2026,
F,BR-04161/2026,Veritá,Presidente,São Paulo,1,Cenário 1,Cabo Daciolo,Mobiliza,"1,00%","2,5",05/07/2026,
F,BR-04161/2026,Veritá,Presidente,São Paulo,1,Cenário 1,Samara Martins,UP,"0,50%","2,5",05/07/2026,
F,BR-04161/2026,Veritá,Presidente,São Paulo,1,Cenário 1,Edmilson Costa,PCB,"0,30%","2,5",05/07/2026,
F,BR-04161/2026,Veritá,Presidente,São Paulo,1,Cenário 1,Hertz Dias,PSTU,"0,30%","2,5",05/07/2026,
F,BR-04161/2026,Veritá,Presidente,São Paulo,1,Cenário 1,Rui Costa Pimenta,PCO,"0,10%","2,5",05/07/2026,
F,BR-04161/2026,Veritá,Presidente,São Paulo,2,Cenário 1,Flávio Bolsonaro,PL,"54,50%","2,5",05/07/2026,
F,BR-04161/2026,Veritá,Presidente,São Paulo,2,Cenário 1,Lula,PT,"45,50%","2,5",05/07/2026,
F,BR-04169/2026,RealTime BigData,Presidente,Maranhão,1,Cenário 1,Lula,PT,60%,2,08/07/2026,
F,BR-04169/2026,RealTime BigData,Presidente,Maranhão,1,Cenário 1,Flávio Bolsonaro,PL,22%,2,08/07/2026,
F,BR-04169/2026,RealTime BigData,Presidente,Maranhão,1,Cenário 1,Ronaldo Caiado,PSD,4%,2,08/07/2026,
F,BR-04169/2026,RealTime BigData,Presidente,Maranhão,1,Cenário 1,Romeu Zema,Novo,3%,2,08/07/2026,
F,BR-04169/2026,RealTime BigData,Presidente,Maranhão,1,Cenário 1,Aécio Neves,PSDB,2%,2,08/07/2026,
F,BR-04169/2026,RealTime BigData,Presidente,Maranhão,1,Cenário 1,Renan Santos,Missão,1%,2,08/07/2026,
F,BR-04169/2026,RealTime BigData,Presidente,Maranhão,1,Cenário 1,Joaquim Barbosa,DC,1%,2,08/07/2026,
F,BR-04169/2026,RealTime BigData,Presidente,Maranhão,1,Cenário 1,Augusto Cury,Avante,1%,2,08/07/2026,
F,BR-04169/2026,RealTime BigData,Presidente,Maranhão,1,Cenário 1,Cabo Daciolo,Mobiliza,1%,2,08/07/2026,
F,BR-04169/2026,RealTime BigData,Presidente,Maranhão,1,Cenário 1,Outros,,1%,2,08/07/2026,
F,BR-04169/2026,RealTime BigData,Presidente,Maranhão,1,Cenário 1,Branco/Nulo/Nenhum,,2%,2,08/07/2026,
F,BR-04169/2026,RealTime BigData,Presidente,Maranhão,1,Cenário 1,Indeciso/não sabe,,2%,2,08/07/2026,
F,BR-04169/2026,RealTime BigData,Presidente,Maranhão,2,Cenário 1,Lula,PT,62%,2,08/07/2026,
F,BR-04169/2026,RealTime BigData,Presidente,Maranhão,2,Cenário 1,Flávio Bolsonaro,PL,29%,2,08/07/2026,
F,GO-03751/2026,RealTime BigData,Governador,Goiás,1,Cenário 1,Daniel Vilela,MDB,43%,2,09/07/2026,
F,GO-03751/2026,RealTime BigData,Governador,Goiás,1,Cenário 1,Marconi Perillo,PSDB,26%,2,09/07/2026,
F,GO-03751/2026,RealTime BigData,Governador,Goiás,1,Cenário 1,Wilder Morais,PL,16%,2,09/07/2026,
F,GO-03751/2026,RealTime BigData,Governador,Goiás,1,Cenário 1,Luís César Bueno,PT,5%,2,09/07/2026,
F,GO-03751/2026,RealTime BigData,Governador,Goiás,1,Cenário 1,Telêmaco Brandão,Novo,2%,2,09/07/2026,
F,GO-03751/2026,RealTime BigData,Governador,Goiás,1,Cenário 1,Branco/Nulo/Nenhum,,4%,2,09/07/2026,
F,GO-03751/2026,RealTime BigData,Governador,Goiás,1,Cenário 1,Indeciso/não sabe,,4%,2,09/07/2026,
F,GO-03751/2026,RealTime BigData,Governador,Goiás,1,Cenário 2,Daniel Vilela,MDB,43%,2,09/07/2026,
F,GO-03751/2026,RealTime BigData,Governador,Goiás,1,Cenário 2,Marconi Perillo,PSDB,24%,2,09/07/2026,
F,GO-03751/2026,RealTime BigData,Governador,Goiás,1,Cenário 2,Wilder Morais,PL,16%,2,09/07/2026,
F,GO-03751/2026,RealTime BigData,Governador,Goiás,1,Cenário 2,Luís César Bueno,PT,4%,2,09/07/2026,
F,GO-03751/2026,RealTime BigData,Governador,Goiás,1,Cenário 2,Cíntia Dias,PSOL,3%,2,09/07/2026,
F,GO-03751/2026,RealTime BigData,Governador,Goiás,1,Cenário 2,Telêmaco Brandão,Novo,2%,2,09/07/2026,
F,GO-03751/2026,RealTime BigData,Governador,Goiás,1,Cenário 2,Branco/Nulo/Nenhum,,4%,2,09/07/2026,
F,GO-03751/2026,RealTime BigData,Governador,Goiás,1,Cenário 2,Indeciso/não sabe,,4%,2,09/07/2026,
F,GO-03751/2026,RealTime BigData,Governador,Goiás,2,Cenário 1,Daniel Vilela,MDB,55%,2,09/07/2026,
F,GO-03751/2026,RealTime BigData,Governador,Goiás,2,Cenário 1,Marconi Perillo,PSDB,29%,2,09/07/2026,
F,GO-03751/2026,RealTime BigData,Governador,Goiás,2,Cenário 1,Branco/Nulo/Nenhum,,8%,2,09/07/2026,
F,GO-03751/2026,RealTime BigData,Governador,Goiás,2,Cenário 1,Indeciso/não sabe,,8%,2,09/07/2026,
F,GO-03751/2026,RealTime BigData,Governador,Goiás,2,Cenário 2,Daniel Vilela,MDB,54%,2,09/07/2026,
F,GO-03751/2026,RealTime BigData,Governador,Goiás,2,Cenário 2,Wilder Morais,PL,28%,2,09/07/2026,
F,GO-03751/2026,RealTime BigData,Governador,Goiás,2,Cenário 2,Branco/Nulo/Nenhum,,10%,2,09/07/2026,
F,GO-03751/2026,RealTime BigData,Governador,Goiás,2,Cenário 2,Indeciso/não sabe,,8%,2,09/07/2026,
F,GO-03751/2026,RealTime BigData,Governador,Goiás,2,Cenário 3,Marconi Perillo,PSDB,36%,2,09/07/2026,
F,GO-03751/2026,RealTime BigData,Governador,Goiás,2,Cenário 3,Wilder Morais,PL,38%,2,09/07/2026,
F,GO-03751/2026,RealTime BigData,Governador,Goiás,2,Cenário 3,Branco/Nulo/Nenhum,,14%,2,09/07/2026,
F,GO-03751/2026,RealTime BigData,Governador,Goiás,2,Cenário 3,Indeciso/não sabe,,12%,2,09/07/2026,
F,GO-02402/2026,RealTime BigData,Presidente,Goiás,1,Cenário 1,Ronaldo Caiado,PSD,37%,2,09/07/2026,
F,GO-02402/2026,RealTime BigData,Presidente,Goiás,1,Cenário 1,Lula,PT,27%,2,09/07/2026,
F,GO-02402/2026,RealTime BigData,Presidente,Goiás,1,Cenário 1,Flávio Bolsonaro,PL,25%,2,09/07/2026,
F,GO-02402/2026,RealTime BigData,Presidente,Goiás,1,Cenário 1,Renan Santos,Missão,3%,2,09/07/2026,
F,GO-02402/2026,RealTime BigData,Presidente,Goiás,1,Cenário 1,Romeu Zema,Novo,1%,2,09/07/2026,
F,GO-02402/2026,RealTime BigData,Presidente,Goiás,1,Cenário 1,Aécio Neves,PSDB,1%,2,09/07/2026,
F,GO-02402/2026,RealTime BigData,Presidente,Goiás,1,Cenário 1,Joaquim Barbosa,DC,1%,2,09/07/2026,
F,GO-02402/2026,RealTime BigData,Presidente,Goiás,1,Cenário 1,Augusto Cury,Avante,1%,2,09/07/2026,
F,GO-02402/2026,RealTime BigData,Presidente,Goiás,1,Cenário 1,Outros,,1%,2,09/07/2026,
F,GO-02402/2026,RealTime BigData,Presidente,Goiás,1,Cenário 1,Branco/Nulo/Nenhum,,2%,2,09/07/2026,
F,GO-02402/2026,RealTime BigData,Presidente,Goiás,1,Cenário 1,Indeciso/não sabe,,1%,2,09/07/2026,
F,GO-02402/2026,RealTime BigData,Presidente,Goiás,2,Cenário 1,Flávio Bolsonaro,PL,56%,2,09/07/2026,
F,GO-02402/2026,RealTime BigData,Presidente,Goiás,2,Cenário 1,Lula,PT,33%,2,09/07/2026,
F,GO-02402/2026,RealTime BigData,Presidente,Goiás,2,Cenário 1,Branco/Nulo/Nenhum,,5%,2,09/07/2026,
F,GO-02402/2026,RealTime BigData,Presidente,Goiás,2,Cenário 1,Indeciso/não sabe,,6%,2,09/07/2026,
F,PE-00478/2026,Paraná Pesquisas,Governador,Pernambuco,1,Cenário 1,Raquel Lyra,PSD,"46,80%","2,6",10/07/2026,
F,PE-00478/2026,Paraná Pesquisas,Governador,Pernambuco,1,Cenário 1,João Campos,PSB,"42,50%","2,6",10/07/2026,
F,PE-00478/2026,Paraná Pesquisas,Governador,Pernambuco,1,Cenário 1,Ivan Moraes,PSOL,"1,30%","2,6",10/07/2026,
F,PE-00478/2026,Paraná Pesquisas,Governador,Pernambuco,1,Cenário 1,Branco/Nulo/Nenhum,,"6,10%","2,6",10/07/2026,
F,PE-00478/2026,Paraná Pesquisas,Governador,Pernambuco,1,Cenário 1,Indeciso/não sabe,,"3,40%","2,6",10/07/2026,
F,PE-00478/2026,Paraná Pesquisas,Senador,Pernambuco,1,Cenário 1,Marília Arraes,PDT,"50,50%","2,6",10/07/2026,
F,PE-00478/2026,Paraná Pesquisas,Senador,Pernambuco,1,Cenário 1,Humberto Costa,PT,"40,60%","2,6",10/07/2026,
F,PE-00478/2026,Paraná Pesquisas,Senador,Pernambuco,1,Cenário 1,Miguel Coelho,União Brasil,"34,20%","2,6",10/07/2026,
F,PE-00478/2026,Paraná Pesquisas,Senador,Pernambuco,1,Cenário 1,Túlio Gadelha,PSD,"18,40%","2,6",10/07/2026,
F,PE-00478/2026,Paraná Pesquisas,Senador,Pernambuco,1,Cenário 1,Paulo Rubem Santiago,PSOL,"5,90%","2,6",10/07/2026,
F,PE-00478/2026,Paraná Pesquisas,Senador,Pernambuco,1,Cenário 1,Branco/Nulo/Nenhum,,"12,40%","2,6",10/07/2026,
F,PE-00478/2026,Paraná Pesquisas,Senador,Pernambuco,1,Cenário 1,Indeciso/não sabe,,"5,10%","2,6",10/07/2026,
F,PI-06473/2026,RealTime BigData,Governador,Piauí,1,Cenário 1,Rafael Fonteles,PT,64%,2,14/07/2026,
F,PI-06473/2026,RealTime BigData,Governador,Piauí,1,Cenário 1,Joel Rodrigues,PP,23%,2,14/07/2026,
F,PI-06473/2026,RealTime BigData,Governador,Piauí,1,Cenário 1,Mainha,Podemos,2%,2,14/07/2026,
F,PI-06473/2026,RealTime BigData,Governador,Piauí,1,Cenário 1,Toni Rodrigues,PL,1%,2,14/07/2026,
F,PI-06473/2026,RealTime BigData,Governador,Piauí,1,Cenário 1,Outros,,2%,2,14/07/2026,
F,PI-06473/2026,RealTime BigData,Governador,Piauí,1,Cenário 1,Branco/Nulo/Nenhum,,3%,2,14/07/2026,
F,PI-06473/2026,RealTime BigData,Governador,Piauí,1,Cenário 1,Indeciso/não sabe,,5%,2,14/07/2026,
F,PI-06473/2026,RealTime BigData,Governador,Piauí,2,Cenário 1,Rafael Fonteles,PT,65%,2,14/07/2026,
F,PI-06473/2026,RealTime BigData,Governador,Piauí,2,Cenário 1,Joel Rodrigues,PP,25%,2,14/07/2026,
F,PI-06473/2026,RealTime BigData,Governador,Piauí,2,Cenário 1,Branco/Nulo/Nenhum,,4%,2,14/07/2026,
F,PI-06473/2026,RealTime BigData,Governador,Piauí,2,Cenário 1,Indeciso/não sabe,,6%,2,14/07/2026,
F,PI-06473/2026,RealTime BigData,Senador,Piauí,1,Cenário 1,Marcelo Castro,MDB,28%,2,14/07/2026,
F,PI-06473/2026,RealTime BigData,Senador,Piauí,1,Cenário 1,Ciro Nogueira,PP,21%,2,14/07/2026,
F,PI-06473/2026,RealTime BigData,Senador,Piauí,1,Cenário 1,Júlio Cesar,PSD,21%,2,14/07/2026,
F,PI-06473/2026,RealTime BigData,Senador,Piauí,1,Cenário 1,Tiago Junqueira,PL,7%,2,14/07/2026,
F,PI-06473/2026,RealTime BigData,Senador,Piauí,1,Cenário 1,Francinaldo Leão,PSOL,3%,2,14/07/2026,
F,PI-06473/2026,RealTime BigData,Senador,Piauí,1,Cenário 1,Antonio Barros,Novo,2%,2,14/07/2026,
F,PI-06473/2026,RealTime BigData,Senador,Piauí,1,Cenário 1,Dionísio Piauí,DC,1%,2,14/07/2026,
F,PI-06473/2026,RealTime BigData,Senador,Piauí,1,Cenário 1,Jorge Lopes,PSDB,1%,2,14/07/2026,
F,PI-06473/2026,RealTime BigData,Senador,Piauí,1,Cenário 1,Ravenna Castro,Democratas,1%,2,14/07/2026,
F,PI-06473/2026,RealTime BigData,Senador,Piauí,1,Cenário 1,Antonio José Lira,Avante,1%,2,14/07/2026,
F,PI-06473/2026,RealTime BigData,Senador,Piauí,1,Cenário 1,Major Paulo Roberto,Mobiliza,1%,2,14/07/2026,
F,PI-06473/2026,RealTime BigData,Senador,Piauí,1,Cenário 1,Branco/Nulo/Nenhum,,6%,2,14/07/2026,
F,PI-06473/2026,RealTime BigData,Senador,Piauí,1,Cenário 1,Indeciso/não sabe,,7%,2,14/07/2026,
F,CE-05682/2026,RealTime BigData,Governador,Ceará,1,Cenário 1,Elmano de Freitas,PT,"44,00%",2,15/07/2026,
F,CE-05682/2026,RealTime BigData,Governador,Ceará,1,Cenário 1,Ciro Gomes,PSDB,"40,00%",2,15/07/2026,RealTime BigData divulga pesquisa para governador e senadores no Ceará
F,CE-05682/2026,RealTime BigData,Governador,Ceará,1,Cenário 1,Eduardo Girão,Novo,"7,00%",2,15/07/2026,RealTime BigData divulga pesquisa para governador e senadores no Ceará
F,CE-05682/2026,RealTime BigData,Governador,Ceará,1,Cenário 1,Professor Jarir Pereira,PSOL,"1,00%",2,15/07/2026,RealTime BigData divulga pesquisa para governador e senadores no Ceará
F,CE-05682/2026,RealTime BigData,Governador,Ceará,1,Cenário 1,Geovani Sampaio,PRD,"1,00%",2,15/07/2026,RealTime BigData divulga pesquisa para governador e senadores no Ceará
F,CE-05682/2026,RealTime BigData,Governador,Ceará,1,Cenário 1,Delegado Huggo Leonardo,Missão,"1,00%",2,15/07/2026,RealTime BigData divulga pesquisa para governador e senadores no Ceará
F,CE-05682/2026,RealTime BigData,Governador,Ceará,1,Cenário 1,Zé Batista,PSTU,,2,15/07/2026,RealTime BigData divulga pesquisa para governador e senadores no Ceará
F,CE-05682/2026,RealTime BigData,Governador,Ceará,1,Cenário 1,Branco/Nulo/Nenhum,,"3,00%",2,15/07/2026,RealTime BigData divulga pesquisa para governador e senadores no Ceará
F,CE-05682/2026,RealTime BigData,Governador,Ceará,1,Cenário 1,Indeciso/não sabe,,"3,00%",2,15/07/2026,RealTime BigData divulga pesquisa para governador e senadores no Ceará
F,CE-05682/2026,RealTime BigData,Governador,Ceará,2,Cenário 1,Elmano de Freitas,PT,"47,00%",2,15/07/2026,RealTime BigData divulga pesquisa para governador e senadores no Ceará
F,CE-05682/2026,RealTime BigData,Governador,Ceará,2,Cenário 1,Ciro Gomes,PSDB,"45,00%",2,15/07/2026,RealTime BigData divulga pesquisa para governador e senadores no Ceará
F,CE-05682/2026,RealTime BigData,Governador,Ceará,2,Cenário 1,Branco/Nulo/Nenhum,,"4,00%",2,15/07/2026,RealTime BigData divulga pesquisa para governador e senadores no Ceará
F,CE-05682/2026,RealTime BigData,Governador,Ceará,2,Cenário 1,Indeciso/não sabe,,"4,00%",2,15/07/2026,RealTime BigData divulga pesquisa para governador e senadores no Ceará
F,GO-02507/2026,Veritá,Governador,Goiás,1,Cenário 1,Daniel Vilela,MDB,"34,80%","2,5",16/07/2026,
F,GO-02507/2026,Veritá,Governador,Goiás,1,Cenário 1,Wilder Morais,PL,"25,30%","2,5",16/07/2026,
F,GO-02507/2026,Veritá,Governador,Goiás,1,Cenário 1,Marconi Perillo,PSDB,"14,50%","2,5",16/07/2026,
F,GO-02507/2026,Veritá,Governador,Goiás,1,Cenário 1,Indeciso/não sabe,,"10,00%","2,5",16/07/2026,
F,GO-02507/2026,Veritá,Governador,Goiás,1,Cenário 1,Luís Cesar Bueno,PT,"9,00%","2,5",16/07/2026,
F,GO-02507/2026,Veritá,Governador,Goiás,1,Cenário 1,Branco/Nulo/Nenhum,,"4,60%","2,5",16/07/2026,
F,GO-02507/2026,Veritá,Governador,Goiás,1,Cenário 1,Cíntia Dias,PSOL,"1,70%","2,5",16/07/2026,
F,GO-02507/2026,Veritá,Governador,Goiás,2,Cenário 1,Daniel Vilela,MDB,"55,20%","2,5",16/07/2026,
F,GO-02507/2026,Veritá,Governador,Goiás,2,Cenário 1,Marconi Perillo,PSDB,"22,60%","2,5",16/07/2026,
F,GO-02507/2026,Veritá,Governador,Goiás,2,Cenário 1,Branco/Nulo/Nenhum,,"11,30%","2,5",16/07/2026,
F,GO-02507/2026,Veritá,Governador,Goiás,2,Cenário 1,Indeciso/não sabe,,"10,90%","2,5",16/07/2026,
F,GO-02507/2026,Veritá,Governador,Goiás,2,Cenário 2,Wilder Morais,PL,"37,30%","2,5",16/07/2026,
F,GO-02507/2026,Veritá,Governador,Goiás,2,Cenário 2,Marconi Perillo,PSDB,"29,60%","2,5",16/07/2026,
F,GO-02507/2026,Veritá,Governador,Goiás,2,Cenário 2,Branco/Nulo/Nenhum,,"19,60%","2,5",16/07/2026,
F,GO-02507/2026,Veritá,Governador,Goiás,2,Cenário 2,Indeciso/não sabe,,"13,40%","2,5",16/07/2026,
F,GO-02507/2026,Veritá,Governador,Goiás,2,Cenário 3,Daniel Vilela,MDB,"40,40%","2,5",16/07/2026,
F,GO-02507/2026,Veritá,Governador,Goiás,2,Cenário 3,Wilder Morais,PL,"38,10%","2,5",16/07/2026,
F,GO-02507/2026,Veritá,Governador,Goiás,2,Cenário 3,Branco/Nulo/Nenhum,,"10,90%","2,5",16/07/2026,
F,GO-02507/2026,Veritá,Governador,Goiás,2,Cenário 3,Indeciso/não sabe,,"10,70%","2,5",16/07/2026,
F,GO-02507/2026,Veritá,Senador,Goiás,1,Cenário 1,Gustavo Gayer,PL,"25,90%","2,5",16/07/2026,
F,GO-02507/2026,Veritá,Senador,Goiás,1,Cenário 1,Gracinha Caiado,União,"20,90%","2,5",16/07/2026,
F,GO-02507/2026,Veritá,Senador,Goiás,1,Cenário 1,Indeciso/não sabe,,"15,70%","2,5",16/07/2026,
F,GO-02507/2026,Veritá,Senador,Goiás,1,Cenário 1,Dr. Zacharias Calil,MDB,"11,50%","2,5",16/07/2026,
F,GO-02507/2026,Veritá,Senador,Goiás,1,Cenário 1,Gustavo Mendanha,PRD,"7,40%","2,5",16/07/2026,
F,GO-02507/2026,Veritá,Senador,Goiás,1,Cenário 1,Branco/Nulo/Nenhum,,"5,90%","2,5",16/07/2026,
F,GO-02507/2026,Veritá,Senador,Goiás,1,Cenário 1,Vanderlan Cardoso,PSD,"5,40%","2,5",16/07/2026,
F,GO-02507/2026,Veritá,Senador,Goiás,1,Cenário 1,Aldo Arantes,PCdoB,"3,00%","2,5",16/07/2026,
F,GO-02507/2026,Veritá,Senador,Goiás,1,Cenário 1,Humberto Chaves,PSOL,"2,70%","2,5",16/07/2026,
F,GO-02507/2026,Veritá,Senador,Goiás,1,Cenário 1,Professor Marcelo Moreira,PSOL,"1,20%","2,5",16/07/2026,
F,GO-02507/2026,Veritá,Senador,Goiás,1,Cenário 1,Oséias Varão,PL,"0,40%","2,5",16/07/2026,
F,GO-02507/2026,Veritá,Senador,Goiás,1,Cenário 1,Iure Castro,Cidadania,"0,10%","2,5",16/07/2026,
F,BR-07834/2026,Veritá,Presidente,Goiás,1,Cenário 1,Flávio Bolsonaro,PL,"41,50%","2,5",16/07/2026,
F,BR-07834/2026,Veritá,Presidente,Goiás,1,Cenário 1,Lula,PT,"24,30%","2,5",16/07/2026,
F,BR-07834/2026,Veritá,Presidente,Goiás,1,Cenário 1,Ronaldo Caiado,PSD,"24,20%","2,5",16/07/2026,
F,BR-07834/2026,Veritá,Presidente,Goiás,1,Cenário 1,Renan Santos,Missão,"3,00%","2,5",16/07/2026,
F,BR-07834/2026,Veritá,Presidente,Goiás,1,Cenário 1,Indeciso/não sabe,,"2,70%","2,5",16/07/2026,
F,BR-07834/2026,Veritá,Presidente,Goiás,1,Cenário 1,Romeu Zema,Novo,"1,00%","2,5",16/07/2026,
F,BR-07834/2026,Veritá,Presidente,Goiás,1,Cenário 1,Branco/Nulo/Nenhum,,"0,80%","2,5",16/07/2026,
F,BR-07834/2026,Veritá,Presidente,Goiás,1,Cenário 1,Augusto Cury,Avante,"0,60%","2,5",16/07/2026,
F,BR-07834/2026,Veritá,Presidente,Goiás,1,Cenário 1,Cabo Daciolo,Mobiliza,"0,60%","2,5",16/07/2026,
F,BR-07834/2026,Veritá,Presidente,Goiás,1,Cenário 1,Samara Martins,UP,"0,60%","2,5",16/07/2026,
F,BR-07834/2026,Veritá,Presidente,Goiás,1,Cenário 1,Joaquim Barbosa,DC,"0,50%","2,5",16/07/2026,
F,BR-07834/2026,Veritá,Presidente,Goiás,1,Cenário 1,Edmilson Costa,PCB,"0,10%","2,5",16/07/2026,
F,BR-07834/2026,Veritá,Presidente,Goiás,1,Cenário 1,Hertz Dias,PSTU,"0,10%","2,5",16/07/2026,
F,BR-07834/2026,Veritá,Presidente,Goiás,2,Cenário 1,Flávio Bolsonaro,PL,"56,00%","2,5",16/07/2026,
F,BR-07834/2026,Veritá,Presidente,Goiás,2,Cenário 1,Lula,PT,"30,10%","2,5",16/07/2026,
F,BR-07834/2026,Veritá,Presidente,Goiás,2,Cenário 1,Branco/Nulo/Nenhum,,"8,60%","2,5",16/07/2026,
F,BR-07834/2026,Veritá,Presidente,Goiás,2,Cenário 1,Indeciso/não sabe,,"5,30%","2,5",16/07/2026,
F,ES-07211/2026,Quaest,Presidente,Espírito Santo,1,Cenário 1,Lula,PT,30%,3,17/07/2026,
F,ES-07211/2026,Quaest,Presidente,Espírito Santo,1,Cenário 1,Flávio Bolsonaro,PL,30%,3,17/07/2026,
F,ES-07211/2026,Quaest,Presidente,Espírito Santo,1,Cenário 1,Renan Santos,Missão,3%,3,17/07/2026,
F,ES-07211/2026,Quaest,Presidente,Espírito Santo,1,Cenário 1,Romeu Zema,Novo,3%,3,17/07/2026,
F,ES-07211/2026,Quaest,Presidente,Espírito Santo,1,Cenário 1,Augusto Cury,Avante,2%,3,17/07/2026,
F,ES-07211/2026,Quaest,Presidente,Espírito Santo,1,Cenário 1,Ronaldo Caiado,PSD,2%,3,17/07/2026,
F,ES-07211/2026,Quaest,Presidente,Espírito Santo,1,Cenário 1,Cabo Daciolo,Mobiliza,1%,3,17/07/2026,
F,ES-07211/2026,Quaest,Presidente,Espírito Santo,1,Cenário 1,Joaquim Barbosa,DC,1%,3,17/07/2026,
F,ES-07211/2026,Quaest,Presidente,Espírito Santo,1,Cenário 1,Samara Martins,UP,1%,3,17/07/2026,
F,ES-07211/2026,Quaest,Presidente,Espírito Santo,1,Cenário 1,Edmilson Costa,PCB,0%,3,17/07/2026,
F,ES-07211/2026,Quaest,Presidente,Espírito Santo,1,Cenário 1,Hertz Dias,PSTU,0%,3,17/07/2026,
F,ES-07211/2026,Quaest,Presidente,Espírito Santo,1,Cenário 1,Heró Bezerra,PRTB,0%,3,17/07/2026,
F,ES-07211/2026,Quaest,Presidente,Espírito Santo,1,Cenário 1,Indeciso/não sabe,,14%,3,17/07/2026,
F,ES-07211/2026,Quaest,Presidente,Espírito Santo,1,Cenário 1,Branco/Nulo/Nenhum,,13%,3,17/07/2026,
F,ES-07211/2026,Quaest,Presidente,Espírito Santo,2,Cenário 1,Flávio Bolsonaro,PL,42%,3,17/07/2026,
F,ES-07211/2026,Quaest,Presidente,Espírito Santo,2,Cenário 1,Lula,PT,36%,3,17/07/2026,
F,DF-01326/2026,Paraná Pesquisas,Senador,Distrito Federal,1,Cenário 1,Leila do Vôlei,PDT,"39,20%","2,6",20/07/2026,
F,DF-01326/2026,Paraná Pesquisas,Senador,Distrito Federal,1,Cenário 1,Michelle Bolsonaro,PL,"36,00%","2,6",20/07/2026,
F,DF-01326/2026,Paraná Pesquisas,Senador,Distrito Federal,1,Cenário 1,Erika Kokay,PT,"28,40%","2,6",20/07/2026,
F,DF-01326/2026,Paraná Pesquisas,Senador,Distrito Federal,1,Cenário 1,Bia Kicis,PL,"18,30%","2,6",20/07/2026,
F,DF-01326/2026,Paraná Pesquisas,Senador,Distrito Federal,1,Cenário 1,Rafael Prudente,MDB,"15,60%","2,6",20/07/2026,
F,DF-01326/2026,Paraná Pesquisas,Senador,Distrito Federal,1,Cenário 1,Sebastião Coelho,Novo,"9,80%","2,6",20/07/2026,
F,DF-01326/2026,Paraná Pesquisas,Senador,Distrito Federal,1,Cenário 1,Branco/Nulo/Nenhum,,"9,00%","2,6",20/07/2026,
F,DF-01326/2026,Paraná Pesquisas,Senador,Distrito Federal,1,Cenário 1,Indeciso/não sabe,,"6,20%","2,6",20/07/2026,
F,DF-01326/2026,Paraná Pesquisas,Senador,Distrito Federal,1,Cenário 2,Leila do Vôlei,PDT,"40,50%","2,6",20/07/2026,
F,DF-01326/2026,Paraná Pesquisas,Senador,Distrito Federal,1,Cenário 2,Michelle Bolsonaro,PL,"37,70%","2,6",20/07/2026,
F,DF-01326/2026,Paraná Pesquisas,Senador,Distrito Federal,1,Cenário 2,Erika Kokay,PT,"29,80%","2,6",20/07/2026,
F,DF-01326/2026,Paraná Pesquisas,Senador,Distrito Federal,1,Cenário 2,Rafael Prudente,MDB,"18,10%","2,6",20/07/2026,
F,DF-01326/2026,Paraná Pesquisas,Senador,Distrito Federal,1,Cenário 2,Sebastião Coelho,Novo,"14,10%","2,6",20/07/2026,
F,DF-01326/2026,Paraná Pesquisas,Senador,Distrito Federal,1,Cenário 2,Branco/Nulo/Nenhum,,"9,70%","2,6",20/07/2026,
F,DF-01326/2026,Paraná Pesquisas,Senador,Distrito Federal,1,Cenário 2,Indeciso/não sabe,,"6,60%","2,6",20/07/2026,
F,DF-01326/2026,Paraná Pesquisas,Governador,Distrito Federal,1,Cenário 1,Celina Leão,PP,"34,60%","2,6",20/07/2026,
F,DF-01326/2026,Paraná Pesquisas,Governador,Distrito Federal,1,Cenário 1,Arruda,PSDB,"28,10%","2,6",20/07/2026,
F,DF-01326/2026,Paraná Pesquisas,Governador,Distrito Federal,1,Cenário 1,Leandro Grass,PT,"11,90%","2,6",20/07/2026,
F,DF-01326/2026,Paraná Pesquisas,Governador,Distrito Federal,1,Cenário 1,Ricardo Cappelli,PSDB,"4,50%","2,6",20/07/2026,
F,DF-01326/2026,Paraná Pesquisas,Governador,Distrito Federal,1,Cenário 1,Paula Belmonte,PSDB,"3,60%","2,6",20/07/2026,
F,DF-01326/2026,Paraná Pesquisas,Governador,Distrito Federal,1,Cenário 1,Kiko Caputo,Novo,"1,30%","2,6",20/07/2026,
F,DF-01326/2026,Paraná Pesquisas,Governador,Distrito Federal,1,Cenário 1,Branco/Nulo/Nenhum,,"9,10%","2,6",20/07/2026,
F,DF-01326/2026,Paraná Pesquisas,Governador,Distrito Federal,1,Cenário 1,Indeciso/não sabe,,"6,80%","2,6",20/07/2026,
F,DF-01326/2026,Paraná Pesquisas,Governador,Distrito Federal,1,Cenário 2,Celina Leão,PP,"45,90%","2,6",20/07/2026,
F,DF-01326/2026,Paraná Pesquisas,Governador,Distrito Federal,1,Cenário 2,Leandro Grass,PT,"16,30%","2,6",20/07/2026,
F,DF-01326/2026,Paraná Pesquisas,Governador,Distrito Federal,1,Cenário 2,Ricardo Cappelli,PSDB,"5,70%","2,6",20/07/2026,
F,DF-01326/2026,Paraná Pesquisas,Governador,Distrito Federal,1,Cenário 2,Paula Belmonte,PSDB,"7,20%","2,6",20/07/2026,
F,DF-01326/2026,Paraná Pesquisas,Governador,Distrito Federal,1,Cenário 2,Kiko Caputo,Novo,"2,60%","2,6",20/07/2026,
F,DF-01326/2026,Paraná Pesquisas,Governador,Distrito Federal,1,Cenário 2,Branco/Nulo/Nenhum,,"13,70%","2,6",20/07/2026,
F,DF-01326/2026,Paraná Pesquisas,Governador,Distrito Federal,1,Cenário 2,Indeciso/não sabe,,"8,60%","2,6",20/07/2026,
F,AP-02651/2026,Paraná Pesquisas,Governador,Amapá,1,Cenário 1,Dr. Furlan,PSD,"65,50%",3,21/07/2026,
F,AP-02651/2026,Paraná Pesquisas,Governador,Amapá,1,Cenário 1,Clécio Luís,União Brasil,"26,30%",3,21/07/2026,
F,AP-02651/2026,Paraná Pesquisas,Governador,Amapá,1,Cenário 1,Marcos Reategui,PSD,"0,50%",3,21/07/2026,
F,AP-02651/2026,Paraná Pesquisas,Governador,Amapá,1,Cenário 1,Branco/Nulo/Nenhum,,"4,30%",3,21/07/2026,
F,AP-02651/2026,Paraná Pesquisas,Governador,Amapá,1,Cenário 1,Indeciso/não sabe,,"3,50%",3,21/07/2026,
F,AP-02651/2026,Paraná Pesquisas,Governador,Amapá,2,Cenário 1,Dr. Furlan,PSD,"66,00%",3,21/07/2026,
F,AP-02651/2026,Paraná Pesquisas,Governador,Amapá,2,Cenário 1,Clécio Luís,União Brasil,"26,70%",3,21/07/2026,
F,RJ-02209/2026,Gerp,Governador,Rio de Janeiro,1,Cenário 1,Eduardo Paes,PSD,40%,"3,1",21/07/2026,
F,RJ-02209/2026,Gerp,Governador,Rio de Janeiro,1,Cenário 1,Garotinho,Republicanos,10%,"3,1",21/07/2026,
F,RJ-02209/2026,Gerp,Governador,Rio de Janeiro,1,Cenário 1,Douglas Ruas,PL,9%,"3,1",21/07/2026,
F,RJ-02209/2026,Gerp,Governador,Rio de Janeiro,1,Cenário 1,Glauber Braga,PSOL,4%,"3,1",21/07/2026,
F,RJ-02209/2026,Gerp,Governador,Rio de Janeiro,1,Cenário 1,Wilson Witzel,Democratas,3%,"3,1",21/07/2026,
F,RJ-02209/2026,Gerp,Governador,Rio de Janeiro,1,Cenário 1,Cyro Garcia,PSTU,2%,"3,1",21/07/2026,
F,RJ-02209/2026,Gerp,Governador,Rio de Janeiro,1,Cenário 1,Bombeiro Rafa,Missão,1%,"3,1",21/07/2026,
F,RJ-02209/2026,Gerp,Governador,Rio de Janeiro,1,Cenário 1,Juliete Pantoja,UP,1%,"3,1",21/07/2026,
F,RJ-02209/2026,Gerp,Governador,Rio de Janeiro,1,Cenário 1,André Marinho,Novo,1%,"3,1",21/07/2026,
F,RJ-02209/2026,Gerp,Governador,Rio de Janeiro,1,Cenário 1,Luan Monteiro,PCO,1%,"3,1",21/07/2026,
F,RJ-02209/2026,Gerp,Governador,Rio de Janeiro,1,Cenário 1,Chico Machado,PL,1%,"3,1",21/07/2026,
F,RJ-02209/2026,Gerp,Governador,Rio de Janeiro,1,Cenário 1,André Português,Republicanos,0%,"3,1",21/07/2026,
F,RJ-02209/2026,Gerp,Governador,Rio de Janeiro,1,Cenário 1,Indeciso/não sabe,,17%,"3,1",21/07/2026,
F,RJ-02209/2026,Gerp,Governador,Rio de Janeiro,1,Cenário 1,Branco/Nulo/Nenhum,,12%,"3,1",21/07/2026,
F,RJ-02209/2026,Gerp,Governador,Rio de Janeiro,1,Cenário 2,Eduardo Paes,PSD,47%,"3,1",21/07/2026,
F,RJ-02209/2026,Gerp,Governador,Rio de Janeiro,1,Cenário 2,Garotinho,Republicanos,15%,"3,1",21/07/2026,
F,RJ-02209/2026,Gerp,Governador,Rio de Janeiro,1,Cenário 2,Douglas Ruas,PL,11%,"3,1",21/07/2026,
F,RJ-02209/2026,Gerp,Governador,Rio de Janeiro,1,Cenário 2,Wilson Witzel,Democratas,3%,"3,1",21/07/2026,
F,RJ-02209/2026,Gerp,Governador,Rio de Janeiro,1,Cenário 2,André Marinho,Novo,2%,"3,1",21/07/2026,
F,RJ-02209/2026,Gerp,Governador,Rio de Janeiro,1,Cenário 2,Branco/Nulo/Nenhum,,13%,"3,1",21/07/2026,
F,RJ-02209/2026,Gerp,Governador,Rio de Janeiro,1,Cenário 2,Indeciso/não sabe,,9%,"3,1",21/07/2026,
F,RJ-02209/2026,Gerp,Presidente,Rio de Janeiro,1,Cenário 1,Lula,PT,38%,"3,1",21/07/2026,
F,RJ-02209/2026,Gerp,Presidente,Rio de Janeiro,1,Cenário 1,Flavio Bolsonaro,PL,37%,"3,1",21/07/2026,
F,RJ-02209/2026,Gerp,Presidente,Rio de Janeiro,1,Cenário 1,Renan Santos,Missão,3%,"3,1",21/07/2026,
F,RJ-02209/2026,Gerp,Presidente,Rio de Janeiro,1,Cenário 1,Ronaldo Caiado,PSD,2%,"3,1",21/07/2026,
F,RJ-02209/2026,Gerp,Presidente,Rio de Janeiro,1,Cenário 1,Romeu Zema,Novo,1%,"3,1",21/07/2026,
F,RJ-02209/2026,Gerp,Presidente,Rio de Janeiro,1,Cenário 1,Augusto Cury,Avante,1%,"3,1",21/07/2026,
F,RJ-02209/2026,Gerp,Presidente,Rio de Janeiro,1,Cenário 1,Cabo Daciolo,Mobiliza,1%,"3,1",21/07/2026,
F,RJ-02209/2026,Gerp,Presidente,Rio de Janeiro,1,Cenário 1,Samara Martins,UP,1%,"3,1",21/07/2026,
F,RJ-02209/2026,Gerp,Presidente,Rio de Janeiro,1,Cenário 1,Rui Costa Pimenta,PCO,0%,"3,1",21/07/2026,
F,RJ-02209/2026,Gerp,Presidente,Rio de Janeiro,1,Cenário 1,Hertz Dias,PSTU,0%,"3,1",21/07/2026,
F,RJ-02209/2026,Gerp,Presidente,Rio de Janeiro,1,Cenário 1,Indeciso/não sabe,,10%,"3,1",21/07/2026,
F,RJ-02209/2026,Gerp,Presidente,Rio de Janeiro,1,Cenário 1,Branco/Nulo/Nenhum,,5%,"3,1",21/07/2026,
F,RJ-02209/2026,Gerp,Presidente,Rio de Janeiro,2,Cenário 1,Flavio Bolsonaro,PL,45%,"3,1",21/07/2026,
F,RJ-02209/2026,Gerp,Presidente,Rio de Janeiro,2,Cenário 1,Lula,PT,44%,"3,1",21/07/2026,
F,RJ-02209/2026,Gerp,Presidente,Rio de Janeiro,2,Cenário 1,Branco/Nulo/Nenhum,,7%,"3,1",21/07/2026,
F,RJ-02209/2026,Gerp,Presidente,Rio de Janeiro,2,Cenário 1,Indeciso/não sabe,,4%,"3,1",21/07/2026,
F,AP-02651/2026,Paraná Pesquisas,Senador,Amapá,1,Cenário 1,Rayssa Furlan,Podemos,"60,00%",3,21/07/2026,
F,AP-02651/2026,Paraná Pesquisas,Senador,Amapá,1,Cenário 1,Lucas Barreto,PSD,"37,70%",3,21/07/2026,
F,AP-02651/2026,Paraná Pesquisas,Senador,Amapá,1,Cenário 1,Randolfe,PT,"35,10%",3,21/07/2026,
F,AP-02651/2026,Paraná Pesquisas,Senador,Amapá,1,Cenário 1,Alliny Serrão,União Brasil,"13,60%",3,21/07/2026,
F,AP-02651/2026,Paraná Pesquisas,Senador,Amapá,1,Cenário 1,Acácio Favacho,MDB,"12,30%",3,21/07/2026,
F,AP-02651/2026,Paraná Pesquisas,Senador,Amapá,1,Cenário 1,João Capiberibe,PSB,"10,00%",3,21/07/2026,
F,AP-02651/2026,Paraná Pesquisas,Senador,Amapá,1,Cenário 1,Teles Júnior,PT,"5,60%",3,21/07/2026,
F,AP-02651/2026,Paraná Pesquisas,Senador,Amapá,1,Cenário 1,Juíza Joenilda,Novo,"2,50%",3,21/07/2026,
F,AP-02651/2026,Paraná Pesquisas,Senador,Amapá,1,Cenário 1,Branco/Nulo/Nenhum,,"4,20%",3,21/07/2026,
F,AP-02651/2026,Paraná Pesquisas,Senador,Amapá,1,Cenário 1,Indeciso/não sabe,,"3,70%",3,21/07/2026,
F,AP-02651/2026,Paraná Pesquisas,Senador,Amapá,1,Cenário 2,Rayssa Furlan,Podemos,"62,70%",3,21/07/2026,
F,AP-02651/2026,Paraná Pesquisas,Senador,Amapá,1,Cenário 2,Lucas Barreto,PSD,"42,90%",3,21/07/2026,
F,AP-02651/2026,Paraná Pesquisas,Senador,Amapá,1,Cenário 2,Randolfe,PT,"36,90%",3,21/07/2026,
F,AP-02651/2026,Paraná Pesquisas,Senador,Amapá,1,Cenário 2,Alliny Serrão,União Brasil,"17,50%",3,21/07/2026,
F,AP-02651/2026,Paraná Pesquisas,Senador,Amapá,1,Cenário 2,João Capiberibe,PSB,"10,90%",3,21/07/2026,
F,AP-02651/2026,Paraná Pesquisas,Senador,Amapá,1,Cenário 2,Juíza Joenilda,Novo,"3,20%",3,21/07/2026,
F,AP-02651/2026,Paraná Pesquisas,Senador,Amapá,1,Cenário 2,Branco/Nulo/Nenhum,,"4,30%",3,21/07/2026,
F,AP-02651/2026,Paraná Pesquisas,Senador,Amapá,1,Cenário 2,Indeciso/não sabe,,"4,00%",3,21/07/2026,
F,RN-04754/2026 e BR-07335/2026,AtlasIntel,Governador,Rio Grande do Norte,1,Cenário 1,Cadu Xavier,PT,"36,30",3,22/07/2026,Pesquisa Atlas_94FM - Julho - Eleições Rio Grande do Norte.pdf
F,RN-04754/2026 e BR-07335/2026,AtlasIntel,Governador,Rio Grande do Norte,1,Cenário 1,Álvaro Dias,PL,"27,70",3,22/07/2026,Pesquisa Atlas_94FM - Julho - Eleições Rio Grande do Norte.pdf
F,RN-04754/2026 e BR-07335/2026,AtlasIntel,Governador,Rio Grande do Norte,1,Cenário 1,Allyson Bezerra,União Brasil,"25,10",3,22/07/2026,Pesquisa Atlas_94FM - Julho - Eleições Rio Grande do Norte.pdf
F,RN-04754/2026 e BR-07335/2026,AtlasIntel,Governador,Rio Grande do Norte,1,Cenário 1,Robério Paulino,PSOL,"0,50",3,22/07/2026,Pesquisa Atlas_94FM - Julho - Eleições Rio Grande do Norte.pdf
F,RN-04754/2026 e BR-07335/2026,AtlasIntel,Governador,Rio Grande do Norte,1,Cenário 1,Rodrigo Vieira,Agir,"0,10",3,22/07/2026,Pesquisa Atlas_94FM - Julho - Eleições Rio Grande do Norte.pdf
F,RN-04754/2026 e BR-07335/2026,AtlasIntel,Governador,Rio Grande do Norte,1,Cenário 1,Branco/Nulo/Nenhum,,"5,10",3,22/07/2026,Pesquisa Atlas_94FM - Julho - Eleições Rio Grande do Norte.pdf
F,RN-04754/2026 e BR-07335/2026,AtlasIntel,Governador,Rio Grande do Norte,1,Cenário 1,Indeciso/não sabe,,"5,20",3,22/07/2026,Pesquisa Atlas_94FM - Julho - Eleições Rio Grande do Norte.pdf
F,BR-06594/2026 e RN-02267/2026,AtlasIntel,Governador,Rio Grande do Norte,2,Cadu Xavier x Álvaro Dias,Cadu Xavier,PT,"45,70",3,22/07/2026,Pesquisa Atlas_94FM - Julho - Eleições Rio Grande do Norte.pdf
F,BR-06594/2026 e RN-02267/2026,AtlasIntel,Governador,Rio Grande do Norte,2,Cadu Xavier x Álvaro Dias,Álvaro Dias,PL,"35,5",3,22/07/2026,Pesquisa Atlas_94FM - Julho - Eleições Rio Grande do Norte.pdf
F,BR-06594/2026 e RN-02267/2026,AtlasIntel,Governador,Rio Grande do Norte,2,Cadu Xavier x Álvaro Dias,Branco/Nulo/Nenhum,,"18,80",3,22/07/2026,Pesquisa Atlas_94FM - Julho - Eleições Rio Grande do Norte.pdf
F,BR-06594/2026 e RN-02267/2026,AtlasIntel,Governador,Rio Grande do Norte,2,Cadu Xavier x Allyson Bezerra,Cadu Xavier,PT,"39,40",3,22/07/2026,Pesquisa Atlas_94FM - Julho - Eleições Rio Grande do Norte.pdf
F,BR-06594/2026 e RN-02267/2026,AtlasIntel,Governador,Rio Grande do Norte,2,Cadu Xavier x Allyson Bezerra,Allyson Bezerra,União Brasil,"34,20",3,22/07/2026,Pesquisa Atlas_94FM - Julho - Eleições Rio Grande do Norte.pdf
F,BR-06594/2026 e RN-02267/2026,AtlasIntel,Governador,Rio Grande do Norte,2,Cadu Xavier x Allyson Bezerra,Branco/Nulo/Nenhum,,"26,40",3,22/07/2026,Pesquisa Atlas_94FM - Julho - Eleições Rio Grande do Norte.pdf
F,BR-06594/2026 e RN-02267/2026,AtlasIntel,Governador,Rio Grande do Norte,2,Allyson Bezerra x Álvaro Dias,Allyson Bezerra,União Brasil,"35,70",3,22/07/2026,Pesquisa Atlas_94FM - Julho - Eleições Rio Grande do Norte.pdf
F,BR-06594/2026 e RN-02267/2026,AtlasIntel,Governador,Rio Grande do Norte,2,Allyson Bezerra x Álvaro Dias,Álvaro Dias,PL,"29,70",3,22/07/2026,Pesquisa Atlas_94FM - Julho - Eleições Rio Grande do Norte.pdf
F,BR-06594/2026 e RN-02267/2026,AtlasIntel,Governador,Rio Grande do Norte,2,Allyson Bezerra x Álvaro Dias,Branco/Nulo/Nenhum,,"34,60",3,22/07/2026,Pesquisa Atlas_94FM - Julho - Eleições Rio Grande do Norte.pdf
F,BR-06594/2026 e RN-02267/2026,AtlasIntel,Presidente,Rio Grande do Norte,1,Cenário com Flávio Bolsonaro,Lula,PT,"53,40",3,22/07/2026,Pesquisa Atlas_94FM - Julho - Eleições Rio Grande do Norte.pdf
F,BR-06594/2026 e RN-02267/2026,AtlasIntel,Presidente,Rio Grande do Norte,1,Cenário com Flávio Bolsonaro,Flávio Bolsonaro,PL,"25,10",3,22/07/2026,Pesquisa Atlas_94FM - Julho - Eleições Rio Grande do Norte.pdf
F,BR-06594/2026 e RN-02267/2026,AtlasIntel,Presidente,Rio Grande do Norte,1,Cenário com Flávio Bolsonaro,Renan Santos,Missão,"6,40",3,22/07/2026,Pesquisa Atlas_94FM - Julho - Eleições Rio Grande do Norte.pdf
F,BR-06594/2026 e RN-02267/2026,AtlasIntel,Presidente,Rio Grande do Norte,1,Cenário com Flávio Bolsonaro,Ronaldo Caiado,PSD,"4,80",3,22/07/2026,Pesquisa Atlas_94FM - Julho - Eleições Rio Grande do Norte.pdf
F,BR-06594/2026 e RN-02267/2026,AtlasIntel,Presidente,Rio Grande do Norte,1,Cenário com Flávio Bolsonaro,Romeu Zema,Novo,"1,40",3,22/07/2026,Pesquisa Atlas_94FM - Julho - Eleições Rio Grande do Norte.pdf
F,BR-06594/2026 e RN-02267/2026,AtlasIntel,Presidente,Rio Grande do Norte,1,Cenário com Flávio Bolsonaro,Rui Costa Pimenta,PCO,,3,22/07/2026,Pesquisa Atlas_94FM - Julho - Eleições Rio Grande do Norte.pdf
F,BR-06594/2026 e RN-02267/2026,AtlasIntel,Presidente,Rio Grande do Norte,1,Cenário com Flávio Bolsonaro,Samara Martins,UP,"0,70",3,22/07/2026,Pesquisa Atlas_94FM - Julho - Eleições Rio Grande do Norte.pdf
F,BR-06594/2026 e RN-02267/2026,AtlasIntel,Presidente,Rio Grande do Norte,1,Cenário com Flávio Bolsonaro,Augusto Cury,Avante,"0,20",3,22/07/2026,Pesquisa Atlas_94FM - Julho - Eleições Rio Grande do Norte.pdf
F,BR-06594/2026 e RN-02267/2026,AtlasIntel,Presidente,Rio Grande do Norte,1,Cenário com Flávio Bolsonaro,Cabo Daciolo,Mobiliza,,3,22/07/2026,Pesquisa Atlas_94FM - Julho - Eleições Rio Grande do Norte.pdf
F,BR-06594/2026 e RN-02267/2026,AtlasIntel,Presidente,Rio Grande do Norte,1,Cenário com Flávio Bolsonaro,Branco/Nulo/Nenhum,,"3,20",3,22/07/2026,Pesquisa Atlas_94FM - Julho - Eleições Rio Grande do Norte.pdf
F,BR-06594/2026 e RN-02267/2026,AtlasIntel,Presidente,Rio Grande do Norte,1,Cenário com Flávio Bolsonaro,Indeciso/Não sabe,,"2,80",3,22/07/2026,Pesquisa Atlas_94FM - Julho - Eleições Rio Grande do Norte.pdf
F,BR-06594/2026 e RN-02267/2026,AtlasIntel,Presidente,Rio Grande do Norte,2,Lula x Flávio Bolsonaro,Lula,PT,"55,80",3,22/07/2026,Pesquisa Atlas_94FM - Julho - Eleições Rio Grande do Norte.pdf
F,BR-06594/2026 e RN-02267/2026,AtlasIntel,Presidente,Rio Grande do Norte,2,Lula x Flávio Bolsonaro,Flávio Bolsonaro,PL,"31,80",3,22/07/2026,Pesquisa Atlas_94FM - Julho - Eleições Rio Grande do Norte.pdf
F,BR-06594/2026 e RN-02267/2026,AtlasIntel,Presidente,Rio Grande do Norte,2,Lula x Flávio Bolsonaro,Branco/Nulo/Nenhum,,"12,40",3,22/07/2026,Pesquisa Atlas_94FM - Julho - Eleições Rio Grande do Norte.pdf
F,PA-0458/2026,Quaest,Governador,Pará,1,Cenário 1,Hana Ghassan,MDB,"24,00",3,27/07/2026,Quaest no Pará: Veja aprovações de Hana e Helder no governo | G1
F,PA-0458/2026,Quaest,Governador,Pará,1,Cenário 1,Dr. Daniel Santos,Pode,"20,00",3,27/07/2026,Quaest no Pará: Veja aprovações de Hana e Helder no governo | G1
F,PA-0458/2026,Quaest,Governador,Pará,1,Cenário 1,Mário Couto,DC,"11,00",3,27/07/2026,Quaest no Pará: Veja aprovações de Hana e Helder no governo | G1
F,PA-0458/2026,Quaest,Governador,Pará,1,Cenário 1,Araceli Lemos,PSOL,"2,00",3,27/07/2026,Quaest no Pará: Veja aprovações de Hana e Helder no governo | G1
F,PA-0458/2026,Quaest,Governador,Pará,1,Cenário 1,Cleber Rabelo,PSTU,"2,00",3,27/07/2026,Quaest no Pará: Veja aprovações de Hana e Helder no governo | G1
F,PA-0458/2026,Quaest,Governador,Pará,1,Cenário 1,Raquel Brício,UP,"2,00",3,27/07/2026,Quaest no Pará: Veja aprovações de Hana e Helder no governo | G1
F,PA-0458/2026,Quaest,Governador,Pará,1,Cenário 1,Branco/Nulo/Nenhum,,"26,00",3,27/07/2026,Quaest no Pará: Veja aprovações de Hana e Helder no governo | G1
F,PA-0458/2026,Quaest,Governador,Pará,1,Cenário 1,Indeciso/Não sabe,,"13,00",3,27/07/2026,Quaest no Pará: Veja aprovações de Hana e Helder no governo | G1
F,PA-0458/2026,Quaest,Governador,Pará,1,Cenário 2,Hana Ghassan,MDB,"25,00",3,27/07/2026,Quaest no Pará: Veja aprovações de Hana e Helder no governo | G1
F,PA-0458/2026,Quaest,Governador,Pará,1,Cenário 2,Dr. Daniel Santos,Pode,"23,00",3,27/07/2026,Quaest no Pará: Veja aprovações de Hana e Helder no governo | G1
F,PA-0458/2026,Quaest,Governador,Pará,1,Cenário 2,Araceli Lemos,PSOL,"4,00",3,27/07/2026,Quaest no Pará: Veja aprovações de Hana e Helder no governo | G1
F,PA-0458/2026,Quaest,Governador,Pará,1,Cenário 2,Cleber Rabelo,PSTU,"5,00",3,27/07/2026,Quaest no Pará: Veja aprovações de Hana e Helder no governo | G1
F,PA-0458/2026,Quaest,Governador,Pará,1,Cenário 2,Raquel Brício,UP,"2,00",3,27/07/2026,Quaest no Pará: Veja aprovações de Hana e Helder no governo | G1
F,PA-0458/2026,Quaest,Governador,Pará,1,Cenário 2,Branco/Nulo/Nenhum,,"27,00",3,27/07/2026,Quaest no Pará: Veja aprovações de Hana e Helder no governo | G1
F,PA-0458/2026,Quaest,Governador,Pará,1,Cenário 2,Indeciso/Não sabe,,"14,00",3,27/07/2026,Quaest no Pará: Veja aprovações de Hana e Helder no governo | G1
F,MG-034/90/2026,AtlasIntel,Governador,Minas Gerais,1,Cenário 1,Cleitinho Azevedo,Republicanos,35,3,28/07/2026,"Quaest em MG: Cleitinho lidera, seguido por Kalil, Patrus e Simões | G1"
F,MG-034/90/2026,AtlasIntel,Governador,Minas Gerais,1,Cenário 1,Alexandre Kalil,PDT,12,3,28/07/2026,"Quaest em MG: Cleitinho lidera, seguido por Kalil, Patrus e Simões | G1"
F,MG-034/90/2026,AtlasIntel,Governador,Minas Gerais,1,Cenário 1,Patrus Ananias,PT,10,3,28/07/2026,"Quaest em MG: Cleitinho lidera, seguido por Kalil, Patrus e Simões | G1"
F,MG-034/90/2026,AtlasIntel,Governador,Minas Gerais,1,Cenário 1,Matheus Simões,PSD,6,3,28/07/2026,"Quaest em MG: Cleitinho lidera, seguido por Kalil, Patrus e Simões | G1"
F,MG-034/90/2026,AtlasIntel,Governador,Minas Gerais,1,Cenário 1,Gabriel Azevedo,MDB,4,3,28/07/2026,"Quaest em MG: Cleitinho lidera, seguido por Kalil, Patrus e Simões | G1"
F,MG-034/90/2026,AtlasIntel,Governador,Minas Gerais,1,Cenário 1,Ben Mendes,Missão,2,3,28/07/2026,"Quaest em MG: Cleitinho lidera, seguido por Kalil, Patrus e Simões | G1"
F,MG-034/90/2026,AtlasIntel,Governador,Minas Gerais,1,Cenário 1,Flávio Roscoe,PL,2,3,28/07/2026,"Quaest em MG: Cleitinho lidera, seguido por Kalil, Patrus e Simões | G1"
F,MG-034/90/2026,AtlasIntel,Governador,Minas Gerais,1,Cenário 1,Maria da Consolação,PSOL,"1,00",3,28/07/2026,"Quaest em MG: Cleitinho lidera, seguido por Kalil, Patrus e Simões | G1"
F,MG-034/90/2026,AtlasIntel,Governador,Minas Gerais,1,Cenário 1,Branco/Nulo/Nenhum,,"15,00",3,28/07/2026,"Quaest em MG: Cleitinho lidera, seguido por Kalil, Patrus e Simões | G1"
F,MG-034/90/2026,AtlasIntel,Governador,Minas Gerais,1,Cenário 1,Indeciso/Não sabe,,"13,00",3,28/07/2026,"Quaest em MG: Cleitinho lidera, seguido por Kalil, Patrus e Simões | G1"
F,MG-034/90/2026,AtlasIntel,Governador,Minas Gerais,1,Cenário 2,Cleitinho Azevedo,Republicanos,"34,00",3,28/07/2026,"Quaest em MG: Cleitinho lidera, seguido por Kalil, Patrus e Simões | G1"
F,MG-034/90/2026,AtlasIntel,Governador,Minas Gerais,1,Cenário 2,Alexandre Kalil,PDT,"12,00",3,28/07/2026,"Quaest em MG: Cleitinho lidera, seguido por Kalil, Patrus e Simões | G1"
F,MG-034/90/2026,AtlasIntel,Governador,Minas Gerais,1,Cenário 2,Patrus Ananias,PT,"10,00",3,28/07/2026,"Quaest em MG: Cleitinho lidera, seguido por Kalil, Patrus e Simões | G1"
F,MG-034/90/2026,AtlasIntel,Governador,Minas Gerais,1,Cenário 2,Matheus Simões,PSD,"6,00",3,28/07/2026,"Quaest em MG: Cleitinho lidera, seguido por Kalil, Patrus e Simões | G1"
F,MG-034/90/2026,AtlasIntel,Governador,Minas Gerais,1,Cenário 2,Gabriel Azevedo,MDB,"4,00",3,28/07/2026,"Quaest em MG: Cleitinho lidera, seguido por Kalil, Patrus e Simões | G1"
F,MG-034/90/2026,AtlasIntel,Governador,Minas Gerais,1,Cenário 2,Ben Mendes,Missão,"2,00",3,28/07/2026,"Quaest em MG: Cleitinho lidera, seguido por Kalil, Patrus e Simões | G1"
F,MG-034/90/2026,AtlasIntel,Governador,Minas Gerais,1,Cenário 2,Flávio Roscoe,PL,"2,00",3,28/07/2026,"Quaest em MG: Cleitinho lidera, seguido por Kalil, Patrus e Simões | G1"
F,MG-034/90/2026,AtlasIntel,Governador,Minas Gerais,1,Cenário 2,Maria da Consolação,PSOL,"1,00",3,28/07/2026,"Quaest em MG: Cleitinho lidera, seguido por Kalil, Patrus e Simões | G1"
F,MG-034/90/2026,AtlasIntel,Governador,Minas Gerais,1,Cenário 2,Branco/Nulo/Nenhum,,"17,00",3,28/07/2026,"Quaest em MG: Cleitinho lidera, seguido por Kalil, Patrus e Simões | G1"
F,MG-034/90/2026,AtlasIntel,Governador,Minas Gerais,1,Cenário 2,Indeciso/Não sabe,,"12,00",3,28/07/2026,"Quaest em MG: Cleitinho lidera, seguido por Kalil, Patrus e Simões | G1"
F,PE-09649/2026 e BR03810/2026,Quaest,Governador,Pernambuco,1,Cenário 1,João Campos,PSB,"37,00",3,28/07/2026,"Quaest em PE: Raquel Lyra tem 43% e João Campos, 37% no 1º turno | G1"
F,PE-09649/2026 e BR03810/2026,Quaest,Governador,Pernambuco,1,Cenário 1,Raquel Lyra,PSD,"43,00",3,28/07/2026,"Quaest em PE: Raquel Lyra tem 43% e João Campos, 37% no 1º turno | G1"
F,PE-09649/2026 e BR03810/2026,Quaest,Governador,Pernambuco,1,Cenário 1,Camila Falcão,UP,"1,00",3,28/07/2026,"Quaest em PE: Raquel Lyra tem 43% e João Campos, 37% no 1º turno | G1"
F,PE-09649/2026 e BR03810/2026,Quaest,Governador,Pernambuco,1,Cenário 1,Ivan Moraes,PSOL,"1,00",3,28/07/2026,"Quaest em PE: Raquel Lyra tem 43% e João Campos, 37% no 1º turno | G1"
F,PE-09649/2026 e BR03810/2026,Quaest,Governador,Pernambuco,1,Cenário 1,Renan Hallais,Missão,"1,00",3,28/07/2026,"Quaest em PE: Raquel Lyra tem 43% e João Campos, 37% no 1º turno | G1"
F,PE-09649/2026 e BR03810/2026,Quaest,Governador,Pernambuco,1,Cenário 1,Indeciso/Não sabe,,"11,00",3,28/07/2026,"Quaest em PE: Raquel Lyra tem 43% e João Campos, 37% no 1º turno | G1"
F,PE-09649/2026 e BR03810/2026,Quaest,Governador,Pernambuco,1,Cenário 1,Branco/Nulo/Nenhum,,"6,00",3,28/07/2026,"Quaest em PE: Raquel Lyra tem 43% e João Campos, 37% no 1º turno | G1"
F,PE-09649/2026 e BR03810/2026,Quaest,Governador,Pernambuco,2,Cenário 1,João Campos,PSB,"39,00",3,28/07/2026,"Quaest em PE: Raquel Lyra tem 43% e João Campos, 37% no 1º turno | G1"
F,PE-09649/2026 e BR03810/2026,Quaest,Governador,Pernambuco,2,Cenário 1,Raquel Lyra,PSD,"45,00",3,28/07/2026,"Quaest em PE: Raquel Lyra tem 43% e João Campos, 37% no 1º turno | G1"
F,PE-09649/2026 e BR03810/2026,Quaest,Governador,Pernambuco,2,Cenário 1,Indeciso/Não sabe,,"8,00",3,28/07/2026,"Quaest em PE: Raquel Lyra tem 43% e João Campos, 37% no 1º turno | G1"
F,PE-09649/2026 e BR03810/2026,Quaest,Governador,Pernambuco,2,Cenário 1,Branco/Nulo/Nenhum,,"8,00",3,28/07/2026,"Quaest em PE: Raquel Lyra tem 43% e João Campos, 37% no 1º turno | G1"
F,RJ-03487/2026,RealTime BigData,Governador,Rio de Janeiro,1,Cenário 1,Eduardo Paes,PSD,"37,00",2,28/07/2026,https://static.poder360.com.br/uploads/2026/07/realtime-big-data-governo-rj-28jul26.pdf
F,RJ-03487/2026,RealTime BigData,Governador,Rio de Janeiro,1,Cenário 1,Douglas Ruas,PL,"16,00",2,28/07/2026,https://static.poder360.com.br/uploads/2026/07/realtime-big-data-governo-rj-28jul26.pdf
F,RJ-03487/2026,RealTime BigData,Governador,Rio de Janeiro,1,Cenário 1,Anthony Garotinho,Republicanos,12,2,28/07/2026,https://static.poder360.com.br/uploads/2026/07/realtime-big-data-governo-rj-28jul26.pdf
F,RJ-03487/2026,RealTime BigData,Governador,Rio de Janeiro,1,Cenário 1,William Siri,PSOL,"3,00",2,28/07/2026,https://static.poder360.com.br/uploads/2026/07/realtime-big-data-governo-rj-28jul26.pdf
F,RJ-03487/2026,RealTime BigData,Governador,Rio de Janeiro,1,Cenário 1,André Marinho,Novo,"2,00",2,28/07/2026,https://static.poder360.com.br/uploads/2026/07/realtime-big-data-governo-rj-28jul26.pdf
F,RJ-03487/2026,RealTime BigData,Governador,Rio de Janeiro,1,Cenário 1,Coronel Busnello,Missão,"2,00",2,28/07/2026,https://static.poder360.com.br/uploads/2026/07/realtime-big-data-governo-rj-28jul26.pdf
F,RJ-03487/2026,RealTime BigData,Governador,Rio de Janeiro,1,Cenário 1,Cyro Garcia,PSTU,"1,00",2,28/07/2026,https://static.poder360.com.br/uploads/2026/07/realtime-big-data-governo-rj-28jul26.pdf
F,RJ-03487/2026,RealTime BigData,Governador,Rio de Janeiro,1,Cenário 1,Juliete Pantoja,UP,"1,00",2,28/07/2026,https://static.poder360.com.br/uploads/2026/07/realtime-big-data-governo-rj-28jul26.pdf
F,RJ-03487/2026,RealTime BigData,Governador,Rio de Janeiro,1,Cenário 1,Luan Monteiro,PCO,"0,00",2,28/07/2026,https://static.poder360.com.br/uploads/2026/07/realtime-big-data-governo-rj-28jul26.pdf
F,RJ-03487/2026,RealTime BigData,Governador,Rio de Janeiro,1,Cenário 1,Branco/nulo,,11,2,28/07/2026,https://static.poder360.com.br/uploads/2026/07/realtime-big-data-governo-rj-28jul26.pdf
F,RJ-03487/2026,RealTime BigData,Governador,Rio de Janeiro,1,Cenário 1,Não sabe/não respondeu,,"15,00",2,28/07/2026,https://static.poder360.com.br/uploads/2026/07/realtime-big-data-governo-rj-28jul26.pdf
F,RJ-03487/2026,RealTime BigData,Governador,Rio de Janeiro,2,Eduardo Paes x Douglas Ruas,Eduardo Paes,PSD,"43,00",2,28/07/2026,https://static.poder360.com.br/uploads/2026/07/realtime-big-data-governo-rj-28jul26.pdf
F,RJ-03487/2026,RealTime BigData,Governador,Rio de Janeiro,2,Eduardo Paes x Douglas Ruas,Douglas Ruas,PL,"27,00",2,28/07/2026,https://static.poder360.com.br/uploads/2026/07/realtime-big-data-governo-rj-28jul26.pdf
F,RJ-03487/2026,RealTime BigData,Governador,Rio de Janeiro,2,Eduardo Paes x Douglas Ruas,Branco/nulo,,"13,00",2,28/07/2026,https://static.poder360.com.br/uploads/2026/07/realtime-big-data-governo-rj-28jul26.pdf
F,RJ-03487/2026,RealTime BigData,Governador,Rio de Janeiro,2,Eduardo Paes x Douglas Ruas,Não sabe/não respondeu,,"17,00",2,28/07/2026,https://static.poder360.com.br/uploads/2026/07/realtime-big-data-governo-rj-28jul26.pdf
F,RJ-03487/2026,RealTime BigData,Governador,Rio de Janeiro,2,Eduardo Paes x Anthony Garotinho,Eduardo Paes,PSD,"44,00",2,28/07/2026,https://static.poder360.com.br/uploads/2026/07/realtime-big-data-governo-rj-28jul26.pdf
F,RJ-03487/2026,RealTime BigData,Governador,Rio de Janeiro,2,Eduardo Paes x Anthony Garotinho,Anthony Garotinho,Republicanos,"25,00",2,28/07/2026,https://static.poder360.com.br/uploads/2026/07/realtime-big-data-governo-rj-28jul26.pdf
F,RJ-03487/2026,RealTime BigData,Governador,Rio de Janeiro,2,Eduardo Paes x Anthony Garotinho,Branco/nulo,,"13,00",2,28/07/2026,https://static.poder360.com.br/uploads/2026/07/realtime-big-data-governo-rj-28jul26.pdf
F,RJ-03487/2026,RealTime BigData,Governador,Rio de Janeiro,2,Eduardo Paes x Anthony Garotinho,Não sabe/não respondeu,,"18,00",2,28/07/2026,https://static.poder360.com.br/uploads/2026/07/realtime-big-data-governo-rj-28jul26.pdf
F,RJ-03487/2026,RealTime BigData,Senador,Rio de Janeiro,1,Cenário 1,Marcelo Crivella,Republicanos,"17,00",2,28/07/2026,https://static.poder360.com.br/uploads/2026/07/realtime-big-data-governo-rj-28jul26.pdf
F,RJ-03487/2026,RealTime BigData,Senador,Rio de Janeiro,1,Cenário 1,Benedita da Silva,PT,"14,00",2,28/07/2026,https://static.poder360.com.br/uploads/2026/07/realtime-big-data-governo-rj-28jul26.pdf
F,RJ-03487/2026,RealTime BigData,Senador,Rio de Janeiro,1,Cenário 1,Carlos Portinho,PL,"13,00",2,28/07/2026,https://static.poder360.com.br/uploads/2026/07/realtime-big-data-governo-rj-28jul26.pdf
F,RJ-03487/2026,RealTime BigData,Senador,Rio de Janeiro,1,Cenário 1,Pedro Paulo,PSD,"13,00",2,28/07/2026,https://static.poder360.com.br/uploads/2026/07/realtime-big-data-governo-rj-28jul26.pdf
F,RJ-03487/2026,RealTime BigData,Senador,Rio de Janeiro,1,Cenário 1,Márcio Canella,União Brasil,"10,00",2,28/07/2026,https://static.poder360.com.br/uploads/2026/07/realtime-big-data-governo-rj-28jul26.pdf
F,RJ-03487/2026,RealTime BigData,Senador,Rio de Janeiro,1,Cenário 1,Waguinho,Republicanos,"7,00",2,28/07/2026,https://static.poder360.com.br/uploads/2026/07/realtime-big-data-governo-rj-28jul26.pdf
F,RJ-03487/2026,RealTime BigData,Senador,Rio de Janeiro,1,Cenário 1,Paulo Ganime,Novo,"4,00",2,28/07/2026,https://static.poder360.com.br/uploads/2026/07/realtime-big-data-governo-rj-28jul26.pdf
F,RJ-03487/2026,RealTime BigData,Senador,Rio de Janeiro,1,Cenário 1,Luciana Boiteaux,PSOL,"3,00",2,28/07/2026,https://static.poder360.com.br/uploads/2026/07/realtime-big-data-governo-rj-28jul26.pdf
F,RJ-03487/2026,RealTime BigData,Senador,Rio de Janeiro,1,Cenário 1,Professor Túlio,PSOL,"1,00",2,28/07/2026,https://static.poder360.com.br/uploads/2026/07/realtime-big-data-governo-rj-28jul26.pdf
F,RJ-03487/2026,RealTime BigData,Senador,Rio de Janeiro,1,Cenário 1,Branco/nulo,,"8,00",2,28/07/2026,https://static.poder360.com.br/uploads/2026/07/realtime-big-data-governo-rj-28jul26.pdf
F,RJ-03487/2026,RealTime BigData,Senador,Rio de Janeiro,1,Cenário 1,Não sabe/não respondeu,,"10,00",2,28/07/2026,https://static.poder360.com.br/uploads/2026/07/realtime-big-data-governo-rj-28jul26.pdf
F,RJ-03487/2026,RealTime BigData,Senador,Rio de Janeiro,1,Cenário 2,Marcelo Crivella,Republicanos,"19,00",2,28/07/2026,https://static.poder360.com.br/uploads/2026/07/realtime-big-data-governo-rj-28jul26.pdf
F,RJ-03487/2026,RealTime BigData,Senador,Rio de Janeiro,1,Cenário 2,Benedita da Silva,PT,"15,00",2,28/07/2026,https://static.poder360.com.br/uploads/2026/07/realtime-big-data-governo-rj-28jul26.pdf
F,RJ-03487/2026,RealTime BigData,Senador,Rio de Janeiro,1,Cenário 2,Carlos Portinho,PL,"14,00",2,28/07/2026,https://static.poder360.com.br/uploads/2026/07/realtime-big-data-governo-rj-28jul26.pdf
F,RJ-03487/2026,RealTime BigData,Senador,Rio de Janeiro,1,Cenário 2,Pedro Paulo,PSD,"14,00",2,28/07/2026,https://static.poder360.com.br/uploads/2026/07/realtime-big-data-governo-rj-28jul26.pdf
F,RJ-03487/2026,RealTime BigData,Senador,Rio de Janeiro,1,Cenário 2,Waguinho,Republicanos,"9,00",2,28/07/2026,https://static.poder360.com.br/uploads/2026/07/realtime-big-data-governo-rj-28jul26.pdf
F,RJ-03487/2026,RealTime BigData,Senador,Rio de Janeiro,1,Cenário 2,Paulo Ganime,Novo,"4,00",2,28/07/2026,https://static.poder360.com.br/uploads/2026/07/realtime-big-data-governo-rj-28jul26.pdf
F,RJ-03487/2026,RealTime BigData,Senador,Rio de Janeiro,1,Cenário 2,Luciana Boiteaux,PSOL,"3,00",2,28/07/2026,https://static.poder360.com.br/uploads/2026/07/realtime-big-data-governo-rj-28jul26.pdf
F,RJ-03487/2026,RealTime BigData,Senador,Rio de Janeiro,1,Cenário 2,Professor Túlio,PSOL,"1,00",2,28/07/2026,https://static.poder360.com.br/uploads/2026/07/realtime-big-data-governo-rj-28jul26.pdf
F,RJ-03487/2026,RealTime BigData,Senador,Rio de Janeiro,1,Cenário 2,Branco/nulo,,"9,00",2,28/07/2026,https://static.poder360.com.br/uploads/2026/07/realtime-big-data-governo-rj-28jul26.pdf
F,RJ-03487/2026,RealTime BigData,Senador,Rio de Janeiro,1,Cenário 2,Não sabe/não respondeu,,"12,00",2,28/07/2026,https://static.poder360.com.br/uploads/2026/07/realtime-big-data-governo-rj-28jul26.pdf
F,CE-09277/2026,Quaest,Governador,Ceará,1,Cenário 1,Ciro Gomes,PSDB,"43,00",3,30/07/2026,https://www.opovo.com.br/noticias/politica/eleicoes/2026/07/30/pesquisa-quaest-para-governador-do-ceara-com-ciro-e-elmano.html
F,CE-09277/2026,Quaest,Governador,Ceará,1,Cenário 1,Elmano de Freitas,PT,"33,00",3,30/07/2026,https://www.opovo.com.br/noticias/politica/eleicoes/2026/07/30/pesquisa-quaest-para-governador-do-ceara-com-ciro-e-elmano.html
F,CE-09277/2026,Quaest,Governador,Ceará,1,Cenário 1,Eduardo Girão,Novo,3,3,30/07/2026,https://www.opovo.com.br/noticias/politica/eleicoes/2026/07/30/pesquisa-quaest-para-governador-do-ceara-com-ciro-e-elmano.html
F,CE-09277/2026,Quaest,Governador,Ceará,1,Cenário 1,Jarir Pereira,PSOL,"1,00",3,30/07/2026,https://www.opovo.com.br/noticias/politica/eleicoes/2026/07/30/pesquisa-quaest-para-governador-do-ceara-com-ciro-e-elmano.html
F,CE-09277/2026,Quaest,Governador,Ceará,1,Cenário 1,Hugo Leonardo,Missão,"0,00",3,30/07/2026,https://www.opovo.com.br/noticias/politica/eleicoes/2026/07/30/pesquisa-quaest-para-governador-do-ceara-com-ciro-e-elmano.html
F,CE-09277/2026,Quaest,Governador,Ceará,1,Cenário 1,Serley Leal,UP,"0,00",3,30/07/2026,https://www.opovo.com.br/noticias/politica/eleicoes/2026/07/30/pesquisa-quaest-para-governador-do-ceara-com-ciro-e-elmano.html
F,CE-09277/2026,Quaest,Governador,Ceará,1,Cenário 1,Zé Batista,PSTU,"0,00",3,30/07/2026,https://www.opovo.com.br/noticias/politica/eleicoes/2026/07/30/pesquisa-quaest-para-governador-do-ceara-com-ciro-e-elmano.html
F,CE-09277/2026,Quaest,Governador,Ceará,1,Cenário 1,Indecisos,,"13,00",3,30/07/2026,https://www.opovo.com.br/noticias/politica/eleicoes/2026/07/30/pesquisa-quaest-para-governador-do-ceara-com-ciro-e-elmano.html
F,CE-09277/2026,Quaest,Governador,Ceará,1,Cenário 1,Branco/nulo/não vai votar,,"7,00",3,30/07/2026,https://www.opovo.com.br/noticias/politica/eleicoes/2026/07/30/pesquisa-quaest-para-governador-do-ceara-com-ciro-e-elmano.html
F,CE-09277/2026,Quaest,Governador,Ceará,2,Ciro Gomes x Elmano de Freitas,Ciro Gomes,PSDB,48,3,30/07/2026,https://www.opovo.com.br/noticias/politica/eleicoes/2026/07/30/pesquisa-quaest-para-governador-do-ceara-com-ciro-e-elmano.html
F,CE-09277/2026,Quaest,Governador,Ceará,2,Ciro Gomes x Elmano de Freitas,Elmano de Freitas,PT,"35,00",3,30/07/2026,https://www.opovo.com.br/noticias/politica/eleicoes/2026/07/30/pesquisa-quaest-para-governador-do-ceara-com-ciro-e-elmano.html
F,CE-09277/2026,Quaest,Governador,Ceará,2,Ciro Gomes x Elmano de Freitas,Indecisos,,"10,00",3,30/07/2026,https://www.opovo.com.br/noticias/politica/eleicoes/2026/07/30/pesquisa-quaest-para-governador-do-ceara-com-ciro-e-elmano.html
F,CE-09277/2026,Quaest,Governador,Ceará,2,Ciro Gomes x Elmano de Freitas,Branco/nulo/não vai votar,,"7,00",3,30/07/2026,https://www.opovo.com.br/noticias/politica/eleicoes/2026/07/30/pesquisa-quaest-para-governador-do-ceara-com-ciro-e-elmano.html
F,CE-09277/2026,Quaest,Senador,Ceará,1,Cenário 1,Cid Gomes,PSB,"23,00",3,30/07/2026,https://static.poder360.com.br/uploads/2026/07/Quaest-Ceara-30jul2026.pdf
F,CE-09277/2026,Quaest,Senador,Ceará,1,Cenário 1,Capitão Wagner,União Brasil,"16,00",3,30/07/2026,https://static.poder360.com.br/uploads/2026/07/Quaest-Ceara-30jul2026.pdf
F,CE-09277/2026,Quaest,Senador,Ceará,1,Cenário 1,Luizianne Lins,Rede,9,3,30/07/2026,https://static.poder360.com.br/uploads/2026/07/Quaest-Ceara-30jul2026.pdf
F,CE-09277/2026,Quaest,Senador,Ceará,1,Cenário 1,Eunício Oliveira,MDB,"8,00",3,30/07/2026,https://static.poder360.com.br/uploads/2026/07/Quaest-Ceara-30jul2026.pdf
F,CE-09277/2026,Quaest,Senador,Ceará,1,Cenário 1,Pastor Alcides Fernandes,PL,"3,00",3,30/07/2026,https://static.poder360.com.br/uploads/2026/07/Quaest-Ceara-30jul2026.pdf
F,CE-09277/2026,Quaest,Senador,Ceará,1,Cenário 1,Domingos Filho,PSD,"2,00",3,30/07/2026,https://static.poder360.com.br/uploads/2026/07/Quaest-Ceara-30jul2026.pdf
F,CE-09277/2026,Quaest,Senador,Ceará,1,Cenário 1,Anna Karina,PSOL,"1,00",3,30/07/2026,https://static.poder360.com.br/uploads/2026/07/Quaest-Ceara-30jul2026.pdf
F,CE-09277/2026,Quaest,Senador,Ceará,1,Cenário 1,Chiquinho Feitosa,Republicanos,"1,00",3,30/07/2026,https://static.poder360.com.br/uploads/2026/07/Quaest-Ceara-30jul2026.pdf
F,CE-09277/2026,Quaest,Senador,Ceará,1,Cenário 1,Cândido Albuquerque,PSDB,"0,00",3,30/07/2026,https://static.poder360.com.br/uploads/2026/07/Quaest-Ceara-30jul2026.pdf
F,CE-09277/2026,Quaest,Senador,Ceará,1,Cenário 1,General Theóphilo,Novo,"0,00",3,30/07/2026,https://static.poder360.com.br/uploads/2026/07/Quaest-Ceara-30jul2026.pdf
F,CE-09277/2026,Quaest,Senador,Ceará,1,Cenário 1,Reginaldo Ferreira,PSTU,"0,00",3,30/07/2026,https://static.poder360.com.br/uploads/2026/07/Quaest-Ceara-30jul2026.pdf
F,CE-09277/2026,Quaest,Senador,Ceará,1,Cenário 1,Indecisos,,"20,00",3,30/07/2026,https://static.poder360.com.br/uploads/2026/07/Quaest-Ceara-30jul2026.pdf
F,CE-09277/2026,Quaest,Senador,Ceará,1,Cenário 1,Branco/nulo/não vai votar,,"17,00",3,30/07/2026,https://static.poder360.com.br/uploads/2026/07/Quaest-Ceara-30jul2026.pdf
F,CE-09277/2026,Quaest,Senador,Ceará,1,Cenário 2,Cid Gomes,PSB,"21,00",3,30/07/2026,https://static.poder360.com.br/uploads/2026/07/Quaest-Ceara-30jul2026.pdf
F,CE-09277/2026,Quaest,Senador,Ceará,1,Cenário 2,Capitão Wagner,União Brasil,"16,00",3,30/07/2026,https://static.poder360.com.br/uploads/2026/07/Quaest-Ceara-30jul2026.pdf
F,CE-09277/2026,Quaest,Senador,Ceará,1,Cenário 2,Luizianne Lins,Rede,"9,00",3,30/07/2026,https://static.poder360.com.br/uploads/2026/07/Quaest-Ceara-30jul2026.pdf
F,CE-09277/2026,Quaest,Senador,Ceará,1,Cenário 2,Eunício Oliveira,MDB,"8,00",3,30/07/2026,https://static.poder360.com.br/uploads/2026/07/Quaest-Ceara-30jul2026.pdf
F,CE-09277/2026,Quaest,Senador,Ceará,1,Cenário 2,Pastor Alcides Fernandes,PL,"4,00",3,30/07/2026,https://static.poder360.com.br/uploads/2026/07/Quaest-Ceara-30jul2026.pdf
F,CE-09277/2026,Quaest,Senador,Ceará,1,Cenário 2,Anna Karina,PSOL,"2,00",3,30/07/2026,https://static.poder360.com.br/uploads/2026/07/Quaest-Ceara-30jul2026.pdf
F,CE-09277/2026,Quaest,Senador,Ceará,1,Cenário 2,Cândido Albuquerque,PSDB,"0,00",3,30/07/2026,https://static.poder360.com.br/uploads/2026/07/Quaest-Ceara-30jul2026.pdf
F,CE-09277/2026,Quaest,Senador,Ceará,1,Cenário 2,General Theóphilo,Novo,"1,00",3,30/07/2026,https://static.poder360.com.br/uploads/2026/07/Quaest-Ceara-30jul2026.pdf
F,CE-09277/2026,Quaest,Senador,Ceará,1,Cenário 2,Reginaldo Ferreira,PSTU,"1,00",3,30/07/2026,https://static.poder360.com.br/uploads/2026/07/Quaest-Ceara-30jul2026.pdf
F,CE-09277/2026,Quaest,Senador,Ceará,1,Cenário 2,Indecisos,,"20,00",3,30/07/2026,https://static.poder360.com.br/uploads/2026/07/Quaest-Ceara-30jul2026.pdf
F,CE-09277/2026,Quaest,Senador,Ceará,1,Cenário 2,Branco/nulo/não vai votar,,"18,00",3,30/07/2026,https://static.poder360.com.br/uploads/2026/07/Quaest-Ceara-30jul2026.pdf
F,CE-09277/2026,Quaest,Senador,Ceará,1,Cenário 3,Cid Gomes,PSB,"24,00",3,30/07/2026,https://static.poder360.com.br/uploads/2026/07/Quaest-Ceara-30jul2026.pdf
F,CE-09277/2026,Quaest,Senador,Ceará,1,Cenário 3,Capitão Wagner,União Brasil,"16,00",3,30/07/2026,https://static.poder360.com.br/uploads/2026/07/Quaest-Ceara-30jul2026.pdf
F,CE-09277/2026,Quaest,Senador,Ceará,1,Cenário 3,Eunício Oliveira,MDB,"10,00",3,30/07/2026,https://static.poder360.com.br/uploads/2026/07/Quaest-Ceara-30jul2026.pdf
F,CE-09277/2026,Quaest,Senador,Ceará,1,Cenário 3,Pastor Alcides Fernandes,PL,"4,00",3,30/07/2026,https://static.poder360.com.br/uploads/2026/07/Quaest-Ceara-30jul2026.pdf
F,CE-09277/2026,Quaest,Senador,Ceará,1,Cenário 3,Anna Karina,PSOL,"2,00",3,30/07/2026,https://static.poder360.com.br/uploads/2026/07/Quaest-Ceara-30jul2026.pdf
F,CE-09277/2026,Quaest,Senador,Ceará,1,Cenário 3,Cândido Albuquerque,PSDB,"0,00",3,30/07/2026,https://static.poder360.com.br/uploads/2026/07/Quaest-Ceara-30jul2026.pdf
F,CE-09277/2026,Quaest,Senador,Ceará,1,Cenário 3,General Theóphilo,Novo,"0,00",3,30/07/2026,https://static.poder360.com.br/uploads/2026/07/Quaest-Ceara-30jul2026.pdf
F,CE-09277/2026,Quaest,Senador,Ceará,1,Cenário 3,Reginaldo Ferreira,PSTU,"0,00",3,30/07/2026,https://static.poder360.com.br/uploads/2026/07/Quaest-Ceara-30jul2026.pdf
F,CE-09277/2026,Quaest,Senador,Ceará,1,Cenário 3,Professor Germano Lima,PSOL,"1,00",3,30/07/2026,https://static.poder360.com.br/uploads/2026/07/Quaest-Ceara-30jul2026.pdf
F,CE-09277/2026,Quaest,Senador,Ceará,1,Cenário 3,Indecisos,,"21,00",3,30/07/2026,https://static.poder360.com.br/uploads/2026/07/Quaest-Ceara-30jul2026.pdf
F,CE-09277/2026,Quaest,Senador,Ceará,1,Cenário 3,Branco/nulo/não vai votar,,"22,00",3,30/07/2026,https://static.poder360.com.br/uploads/2026/07/Quaest-Ceara-30jul2026.pdf
F,BR-03238/2026,Quaest,Presidente,Ceará,1,Cenário 1,Lula,PT,"55,00",3,30/07/2026,https://static.poder360.com.br/uploads/2026/07/Quaest-Ceara-30jul2026.pdf
F,BR-03238/2026,Quaest,Presidente,Ceará,1,Cenário 1,Flávio Bolsonaro,PL,"22,00",3,30/07/2026,https://static.poder360.com.br/uploads/2026/07/Quaest-Ceara-30jul2026.pdf
F,BR-03238/2026,Quaest,Presidente,Ceará,1,Cenário 1,Renan Santos,Missão,"2,00",3,30/07/2026,https://static.poder360.com.br/uploads/2026/07/Quaest-Ceara-30jul2026.pdf
F,BR-03238/2026,Quaest,Presidente,Ceará,1,Cenário 1,Cabo Daciolo,Mobiliza,"1,00",3,30/07/2026,https://static.poder360.com.br/uploads/2026/07/Quaest-Ceara-30jul2026.pdf
F,BR-03238/2026,Quaest,Presidente,Ceará,1,Cenário 1,Escritor Augusto Cury,Avante,"1,00",3,30/07/2026,https://static.poder360.com.br/uploads/2026/07/Quaest-Ceara-30jul2026.pdf
F,BR-03238/2026,Quaest,Presidente,Ceará,1,Cenário 1,Ronaldo Caiado,PSD,"1,00",3,30/07/2026,https://static.poder360.com.br/uploads/2026/07/Quaest-Ceara-30jul2026.pdf
F,BR-03238/2026,Quaest,Presidente,Ceará,1,Cenário 1,Samara Martins,UP,"1,00",3,30/07/2026,https://static.poder360.com.br/uploads/2026/07/Quaest-Ceara-30jul2026.pdf
F,BR-03238/2026,Quaest,Presidente,Ceará,1,Cenário 1,Edmilson Costa,PCB,"0,00",3,30/07/2026,https://static.poder360.com.br/uploads/2026/07/Quaest-Ceara-30jul2026.pdf
F,BR-03238/2026,Quaest,Presidente,Ceará,1,Cenário 1,Leonardo Avalanche,PRTB,"0,00",3,30/07/2026,https://static.poder360.com.br/uploads/2026/07/Quaest-Ceara-30jul2026.pdf
F,BR-03238/2026,Quaest,Presidente,Ceará,1,Cenário 1,Hertz Dias,PSTU,,3,30/07/2026,https://static.poder360.com.br/uploads/2026/07/Quaest-Ceara-30jul2026.pdf
F,BR-03238/2026,Quaest,Presidente,Ceará,1,Cenário 1,Romeu Zema,Novo,,3,30/07/2026,https://static.poder360.com.br/uploads/2026/07/Quaest-Ceara-30jul2026.pdf
F,BR-03238/2026,Quaest,Presidente,Ceará,1,Cenário 1,Indecisos,,"9,00",3,30/07/2026,https://static.poder360.com.br/uploads/2026/07/Quaest-Ceara-30jul2026.pdf
F,BR-03238/2026,Quaest,Presidente,Ceará,1,Cenário 1,Branco/nulo/não vai votar,,"8,00",3,30/07/2026,https://static.poder360.com.br/uploads/2026/07/Quaest-Ceara-30jul2026.pdf
F,BR-03238/2026,Quaest,Presidente,Ceará,2,Lula x Flávio Bolsonaro,Lula,PT,"60,00",3,30/07/2026,https://static.poder360.com.br/uploads/2026/07/Quaest-Ceara-30jul2026.pdf
F,BR-03238/2026,Quaest,Presidente,Ceará,2,Lula x Flávio Bolsonaro,Flávio Bolsonaro,PL,"23,00",3,30/07/2026,https://static.poder360.com.br/uploads/2026/07/Quaest-Ceara-30jul2026.pdf
F,BR-03238/2026,Quaest,Presidente,Ceará,2,Lula x Flávio Bolsonaro,Indecisos,,"5,00",3,30/07/2026,https://static.poder360.com.br/uploads/2026/07/Quaest-Ceara-30jul2026.pdf
F,BR-03238/2026,Quaest,Presidente,Ceará,2,Lula x Flávio Bolsonaro,Branco/nulo/não vai votar,,"12,00",3,30/07/2026,https://static.poder360.com.br/uploads/2026/07/Quaest-Ceara-30jul2026.pdf
F,BR-03238/2026,Quaest,Presidente,Ceará,2,Lula x Ronaldo Caiado,Lula,PT,"60,00",3,30/07/2026,https://static.poder360.com.br/uploads/2026/07/Quaest-Ceara-30jul2026.pdf
F,BR-03238/2026,Quaest,Presidente,Ceará,2,Lula x Ronaldo Caiado,Ronaldo Caiado,PSD,"19,00",3,30/07/2026,https://static.poder360.com.br/uploads/2026/07/Quaest-Ceara-30jul2026.pdf
F,BR-03238/2026,Quaest,Presidente,Ceará,2,Lula x Ronaldo Caiado,Indecisos,,"6,00",3,30/07/2026,https://static.poder360.com.br/uploads/2026/07/Quaest-Ceara-30jul2026.pdf
F,BR-03238/2026,Quaest,Presidente,Ceará,2,Lula x Ronaldo Caiado,Branco/nulo/não vai votar,,"15,00",3,30/07/2026,https://static.poder360.com.br/uploads/2026/07/Quaest-Ceara-30jul2026.pdf
F,BR-03238/2026,Quaest,Presidente,Ceará,2,Lula x Romeu Zema,Lula,PT,"60,00",3,30/07/2026,https://static.poder360.com.br/uploads/2026/07/Quaest-Ceara-30jul2026.pdf
F,BR-03238/2026,Quaest,Presidente,Ceará,2,Lula x Romeu Zema,Romeu Zema,Novo,"17,00",3,30/07/2026,https://static.poder360.com.br/uploads/2026/07/Quaest-Ceara-30jul2026.pdf
F,BR-03238/2026,Quaest,Presidente,Ceará,2,Lula x Romeu Zema,Indecisos,,"6,00",3,30/07/2026,https://static.poder360.com.br/uploads/2026/07/Quaest-Ceara-30jul2026.pdf
F,BR-03238/2026,Quaest,Presidente,Ceará,2,Lula x Romeu Zema,Branco/nulo/não vai votar,,"17,00",3,30/07/2026,https://static.poder360.com.br/uploads/2026/07/Quaest-Ceara-30jul2026.pdf
F,BR-03238/2026,Quaest,Presidente,Ceará,2,Lula x Renan Santos,Lula,PT,"60,00",3,30/07/2026,https://static.poder360.com.br/uploads/2026/07/Quaest-Ceara-30jul2026.pdf
F,BR-03238/2026,Quaest,Presidente,Ceará,2,Lula x Renan Santos,Renan Santos,Missão,"17,00",3,30/07/2026,https://static.poder360.com.br/uploads/2026/07/Quaest-Ceara-30jul2026.pdf
F,BR-03238/2026,Quaest,Presidente,Ceará,2,Lula x Renan Santos,Indecisos,,"6,00",3,30/07/2026,https://static.poder360.com.br/uploads/2026/07/Quaest-Ceara-30jul2026.pdf
F,BR-03238/2026,Quaest,Presidente,Ceará,2,Lula x Renan Santos,Branco/nulo/não vai votar,,"17,00",3,30/07/2026,https://static.poder360.com.br/uploads/2026/07/Quaest-Ceara-30jul2026.pdf
F,CE-05139/2026,Paraná Pesquisas,Governador,Ceará,1,Cenário 1,Ciro Gomes,PSDB,"44,80","2,6",22/01/2026,https://paranapesquisas.com.br/pesquisas/parana-pesquisas-regista-pesquisa-no-estado-do-ceara-para-os-cargos-de-governador-e-senador-registro-tse-n-o-ce-05139-2026-janeiro-2026/
F,CE-05139/2026,Paraná Pesquisas,Governador,Ceará,1,Cenário 1,Elmano de Freitas,PT,"34,20","2,6",22/01/2026,https://paranapesquisas.com.br/pesquisas/parana-pesquisas-regista-pesquisa-no-estado-do-ceara-para-os-cargos-de-governador-e-senador-registro-tse-n-o-ce-05139-2026-janeiro-2026/
F,CE-05139/2026,Paraná Pesquisas,Governador,Ceará,1,Cenário 1,Eduardo Girão,Novo,"7,9","2,6",22/01/2026,https://paranapesquisas.com.br/pesquisas/parana-pesquisas-regista-pesquisa-no-estado-do-ceara-para-os-cargos-de-governador-e-senador-registro-tse-n-o-ce-05139-2026-janeiro-2026/
F,CE-05139/2026,Paraná Pesquisas,Governador,Ceará,1,Cenário 1,Professor Jarir Pereira,PSOL,"1,60","2,6",22/01/2026,https://paranapesquisas.com.br/pesquisas/parana-pesquisas-regista-pesquisa-no-estado-do-ceara-para-os-cargos-de-governador-e-senador-registro-tse-n-o-ce-05139-2026-janeiro-2026/
F,CE-05139/2026,Paraná Pesquisas,Governador,Ceará,1,Cenário 1,Nenhum/branco/nulo,,"6,30","2,6",22/01/2026,https://paranapesquisas.com.br/pesquisas/parana-pesquisas-regista-pesquisa-no-estado-do-ceara-para-os-cargos-de-governador-e-senador-registro-tse-n-o-ce-05139-2026-janeiro-2026/
F,CE-05139/2026,Paraná Pesquisas,Governador,Ceará,1,Cenário 1,Não Sabe/não respondeu,,"5,30","2,6",22/01/2026,https://paranapesquisas.com.br/pesquisas/parana-pesquisas-regista-pesquisa-no-estado-do-ceara-para-os-cargos-de-governador-e-senador-registro-tse-n-o-ce-05139-2026-janeiro-2026/
F,CE-05139/2026,Paraná Pesquisas,Governador,Ceará,1,Ciro Gomes x Elmano de Freitas,Ciro Gomes,PSDB,"51,90","2,6",22/01/2026,https://paranapesquisas.com.br/pesquisas/parana-pesquisas-regista-pesquisa-no-estado-do-ceara-para-os-cargos-de-governador-e-senador-registro-tse-n-o-ce-05139-2026-janeiro-2026/
F,CE-05139/2026,Paraná Pesquisas,Governador,Ceará,1,Ciro Gomes x Elmano de Freitas,Elmano de Freitas,PT,"37,20","2,6",22/01/2026,https://paranapesquisas.com.br/pesquisas/parana-pesquisas-regista-pesquisa-no-estado-do-ceara-para-os-cargos-de-governador-e-senador-registro-tse-n-o-ce-05139-2026-janeiro-2026/
F,CE-05139/2026,Paraná Pesquisas,Governador,Ceará,1,Ciro Gomes x Elmano de Freitas,Nenhum/branco/nulo,,"6,40","2,6",22/01/2026,https://paranapesquisas.com.br/pesquisas/parana-pesquisas-regista-pesquisa-no-estado-do-ceara-para-os-cargos-de-governador-e-senador-registro-tse-n-o-ce-05139-2026-janeiro-2026/
F,CE-05139/2026,Paraná Pesquisas,Governador,Ceará,1,Ciro Gomes x Elmano de Freitas,Não Sabe/não respondeu,,"4,50","2,6",22/01/2026,https://paranapesquisas.com.br/pesquisas/parana-pesquisas-regista-pesquisa-no-estado-do-ceara-para-os-cargos-de-governador-e-senador-registro-tse-n-o-ce-05139-2026-janeiro-2026/
F,CE-05139/2026,Paraná Pesquisas,Senador,Ceará,1,Cenário 1,Capitão Wagner,União Brasil,"44,70","2,6",22/01/2026,https://paranapesquisas.com.br/pesquisas/parana-pesquisas-regista-pesquisa-no-estado-do-ceara-para-os-cargos-de-governador-e-senador-registro-tse-n-o-ce-05139-2026-janeiro-2026/
F,CE-05139/2026,Paraná Pesquisas,Senador,Ceará,1,Cenário 1,Eunício Oliveira,MDB,"35,20","2,6",22/01/2026,https://paranapesquisas.com.br/pesquisas/parana-pesquisas-regista-pesquisa-no-estado-do-ceara-para-os-cargos-de-governador-e-senador-registro-tse-n-o-ce-05139-2026-janeiro-2026/
F,CE-05139/2026,Paraná Pesquisas,Senador,Ceará,1,Cenário 1,Luizianne Lins,Rede,"25,10","2,6",22/01/2026,https://paranapesquisas.com.br/pesquisas/parana-pesquisas-regista-pesquisa-no-estado-do-ceara-para-os-cargos-de-governador-e-senador-registro-tse-n-o-ce-05139-2026-janeiro-2026/
F,CE-05139/2026,Paraná Pesquisas,Senador,Ceará,1,Cenário 1,Júnior Mano,PSB,"11,50","2,6",22/01/2026,https://paranapesquisas.com.br/pesquisas/parana-pesquisas-regista-pesquisa-no-estado-do-ceara-para-os-cargos-de-governador-e-senador-registro-tse-n-o-ce-05139-2026-janeiro-2026/
F,CE-05139/2026,Paraná Pesquisas,Senador,Ceará,1,Cenário 1,Pastor Alcides Fernandes,PL,"10,30","2,6",22/01/2026,https://paranapesquisas.com.br/pesquisas/parana-pesquisas-regista-pesquisa-no-estado-do-ceara-para-os-cargos-de-governador-e-senador-registro-tse-n-o-ce-05139-2026-janeiro-2026/
F,CE-05139/2026,Paraná Pesquisas,Senador,Ceará,1,Cenário 1,Moses Rodrigues,União Brasil,"7,70","2,6",22/01/2026,https://paranapesquisas.com.br/pesquisas/parana-pesquisas-regista-pesquisa-no-estado-do-ceara-para-os-cargos-de-governador-e-senador-registro-tse-n-o-ce-05139-2026-janeiro-2026/
F,CE-05139/2026,Paraná Pesquisas,Senador,Ceará,1,Cenário 1,General Theóphilo,Novo,"5,10","2,6",22/01/2026,https://paranapesquisas.com.br/pesquisas/parana-pesquisas-regista-pesquisa-no-estado-do-ceara-para-os-cargos-de-governador-e-senador-registro-tse-n-o-ce-05139-2026-janeiro-2026/
F,CE-05139/2026,Paraná Pesquisas,Senador,Ceará,1,Cenário 1,Nenhum/branco/nulo,,"10,90","2,6",22/01/2026,https://paranapesquisas.com.br/pesquisas/parana-pesquisas-regista-pesquisa-no-estado-do-ceara-para-os-cargos-de-governador-e-senador-registro-tse-n-o-ce-05139-2026-janeiro-2026/
F,CE-05139/2026,Paraná Pesquisas,Senador,Ceará,1,Cenário 1,Não Sabe/não respondeu,,"6,60","2,6",22/01/2026,https://paranapesquisas.com.br/pesquisas/parana-pesquisas-regista-pesquisa-no-estado-do-ceara-para-os-cargos-de-governador-e-senador-registro-tse-n-o-ce-05139-2026-janeiro-2026/
F,CE-05139/2026,Paraná Pesquisas,Senador,Ceará,1,Cenário 2,Eunício Oliveira,MDB,"37,60","2,6",22/01/2026,https://paranapesquisas.com.br/pesquisas/parana-pesquisas-regista-pesquisa-no-estado-do-ceara-para-os-cargos-de-governador-e-senador-registro-tse-n-o-ce-05139-2026-janeiro-2026/
F,CE-05139/2026,Paraná Pesquisas,Senador,Ceará,1,Cenário 2,Roberto Cláudio,União Brasil,"35,90","2,6",22/01/2026,https://paranapesquisas.com.br/pesquisas/parana-pesquisas-regista-pesquisa-no-estado-do-ceara-para-os-cargos-de-governador-e-senador-registro-tse-n-o-ce-05139-2026-janeiro-2026/
F,CE-05139/2026,Paraná Pesquisas,Senador,Ceará,1,Cenário 2,José Guimarães,PT,"17,80","2,6",22/01/2026,https://paranapesquisas.com.br/pesquisas/parana-pesquisas-regista-pesquisa-no-estado-do-ceara-para-os-cargos-de-governador-e-senador-registro-tse-n-o-ce-05139-2026-janeiro-2026/
F,CE-05139/2026,Paraná Pesquisas,Senador,Ceará,1,Cenário 2,Priscila Costa,PL,"14,00","2,6",22/01/2026,https://paranapesquisas.com.br/pesquisas/parana-pesquisas-regista-pesquisa-no-estado-do-ceara-para-os-cargos-de-governador-e-senador-registro-tse-n-o-ce-05139-2026-janeiro-2026/
F,CE-05139/2026,Paraná Pesquisas,Senador,Ceará,1,Cenário 2,Júnior Mano,PSB,"13,00","2,6",22/01/2026,https://paranapesquisas.com.br/pesquisas/parana-pesquisas-regista-pesquisa-no-estado-do-ceara-para-os-cargos-de-governador-e-senador-registro-tse-n-o-ce-05139-2026-janeiro-2026/
F,CE-05139/2026,Paraná Pesquisas,Senador,Ceará,1,Cenário 2,Chiquinho Feitosa,Republicanos,"7,00","2,6",22/01/2026,https://paranapesquisas.com.br/pesquisas/parana-pesquisas-regista-pesquisa-no-estado-do-ceara-para-os-cargos-de-governador-e-senador-registro-tse-n-o-ce-05139-2026-janeiro-2026/
F,CE-05139/2026,Paraná Pesquisas,Senador,Ceará,1,Cenário 2,General Theóphilo,Novo,"6,30","2,6",22/01/2026,https://paranapesquisas.com.br/pesquisas/parana-pesquisas-regista-pesquisa-no-estado-do-ceara-para-os-cargos-de-governador-e-senador-registro-tse-n-o-ce-05139-2026-janeiro-2026/
F,CE-05139/2026,Paraná Pesquisas,Senador,Ceará,1,Cenário 2,Nenhum/branco/nulo,,"14,60","2,6",22/01/2026,https://paranapesquisas.com.br/pesquisas/parana-pesquisas-regista-pesquisa-no-estado-do-ceara-para-os-cargos-de-governador-e-senador-registro-tse-n-o-ce-05139-2026-janeiro-2026/
F,CE-05139/2026,Paraná Pesquisas,Senador,Ceará,1,Cenário 2,Não Sabe/não respondeu,,"6,30","2,6",22/01/2026,https://paranapesquisas.com.br/pesquisas/parana-pesquisas-regista-pesquisa-no-estado-do-ceara-para-os-cargos-de-governador-e-senador-registro-tse-n-o-ce-05139-2026-janeiro-2026/
F,CE-05139/2026,Paraná Pesquisas,Senador,Ceará,1,Cenário 3,Capitão Wagner,União Brasil,"39,10","2,6",22/01/2026,https://paranapesquisas.com.br/pesquisas/parana-pesquisas-regista-pesquisa-no-estado-do-ceara-para-os-cargos-de-governador-e-senador-registro-tse-n-o-ce-05139-2026-janeiro-2026/
F,CE-05139/2026,Paraná Pesquisas,Senador,Ceará,1,Cenário 3,Eunício Oliveira,MDB,"26,40","2,6",22/01/2026,https://paranapesquisas.com.br/pesquisas/parana-pesquisas-regista-pesquisa-no-estado-do-ceara-para-os-cargos-de-governador-e-senador-registro-tse-n-o-ce-05139-2026-janeiro-2026/
F,CE-05139/2026,Paraná Pesquisas,Senador,Ceará,1,Cenário 3,Roberto Cláudio,União Brasil,"24,90","2,6",22/01/2026,https://paranapesquisas.com.br/pesquisas/parana-pesquisas-regista-pesquisa-no-estado-do-ceara-para-os-cargos-de-governador-e-senador-registro-tse-n-o-ce-05139-2026-janeiro-2026/
F,CE-05139/2026,Paraná Pesquisas,Senador,Ceará,1,Cenário 3,Luizianne Lins,Rede,"19,90","2,6",22/01/2026,https://paranapesquisas.com.br/pesquisas/parana-pesquisas-regista-pesquisa-no-estado-do-ceara-para-os-cargos-de-governador-e-senador-registro-tse-n-o-ce-05139-2026-janeiro-2026/
F,CE-05139/2026,Paraná Pesquisas,Senador,Ceará,1,Cenário 3,José Guimarães,PT,"13,40","2,6",22/01/2026,https://paranapesquisas.com.br/pesquisas/parana-pesquisas-regista-pesquisa-no-estado-do-ceara-para-os-cargos-de-governador-e-senador-registro-tse-n-o-ce-05139-2026-janeiro-2026/
F,CE-05139/2026,Paraná Pesquisas,Senador,Ceará,1,Cenário 3,Júnior Mano,PSB,"9,10","2,6",22/01/2026,https://paranapesquisas.com.br/pesquisas/parana-pesquisas-regista-pesquisa-no-estado-do-ceara-para-os-cargos-de-governador-e-senador-registro-tse-n-o-ce-05139-2026-janeiro-2026/
F,CE-05139/2026,Paraná Pesquisas,Senador,Ceará,1,Cenário 3,Pastor Alcides Fernandes,PL,"8,10","2,6",22/01/2026,https://paranapesquisas.com.br/pesquisas/parana-pesquisas-regista-pesquisa-no-estado-do-ceara-para-os-cargos-de-governador-e-senador-registro-tse-n-o-ce-05139-2026-janeiro-2026/
F,CE-05139/2026,Paraná Pesquisas,Senador,Ceará,1,Cenário 3,Priscila Costa,PL,"8,00","2,6",22/01/2026,https://paranapesquisas.com.br/pesquisas/parana-pesquisas-regista-pesquisa-no-estado-do-ceara-para-os-cargos-de-governador-e-senador-registro-tse-n-o-ce-05139-2026-janeiro-2026/
F,CE-05139/2026,Paraná Pesquisas,Senador,Ceará,1,Cenário 3,Chiquinho Feitosa,Republicanos,"4,30","2,6",22/01/2026,https://paranapesquisas.com.br/pesquisas/parana-pesquisas-regista-pesquisa-no-estado-do-ceara-para-os-cargos-de-governador-e-senador-registro-tse-n-o-ce-05139-2026-janeiro-2026/
F,CE-05139/2026,Paraná Pesquisas,Senador,Ceará,1,Cenário 3,Moses Rodrigues,União Brasil,"4,30","2,6",22/01/2026,https://paranapesquisas.com.br/pesquisas/parana-pesquisas-regista-pesquisa-no-estado-do-ceara-para-os-cargos-de-governador-e-senador-registro-tse-n-o-ce-05139-2026-janeiro-2026/
F,CE-05139/2026,Paraná Pesquisas,Senador,Ceará,1,Cenário 3,General Theóphilo,Novo,"3,50","2,6",22/01/2026,https://paranapesquisas.com.br/pesquisas/parana-pesquisas-regista-pesquisa-no-estado-do-ceara-para-os-cargos-de-governador-e-senador-registro-tse-n-o-ce-05139-2026-janeiro-2026/
F,CE-05139/2026,Paraná Pesquisas,Senador,Ceará,1,Cenário 3,Nenhum/branco/nulo,,"8,60","2,6",22/01/2026,https://paranapesquisas.com.br/pesquisas/parana-pesquisas-regista-pesquisa-no-estado-do-ceara-para-os-cargos-de-governador-e-senador-registro-tse-n-o-ce-05139-2026-janeiro-2026/
F,CE-05139/2026,Paraná Pesquisas,Senador,Ceará,1,Cenário 3,Não Sabe/não respondeu,,"5,30","2,6",22/01/2026,https://paranapesquisas.com.br/pesquisas/parana-pesquisas-regista-pesquisa-no-estado-do-ceara-para-os-cargos-de-governador-e-senador-registro-tse-n-o-ce-05139-2026-janeiro-2026/
F,CE-07935/2026,RealTime BigData,Governador,Ceará,1,Cenário 1,Elmano de Freitas,PT,"41,00",2,04/02/2026,https://www.cnnbrasil.com.br/eleicoes/real-time-big-data-no-ceara-elmano-e-ciro-empatam-para-governador/
F,CE-07935/2026,RealTime BigData,Governador,Ceará,1,Cenário 1,Ciro Gomes,PSDB,"38,00",2,04/02/2026,https://www.cnnbrasil.com.br/eleicoes/real-time-big-data-no-ceara-elmano-e-ciro-empatam-para-governador/
F,CE-07935/2026,RealTime BigData,Governador,Ceará,1,Cenário 1,Eduardo Girão,Novo,"15,00",2,04/02/2026,https://www.cnnbrasil.com.br/eleicoes/real-time-big-data-no-ceara-elmano-e-ciro-empatam-para-governador/
F,CE-07935/2026,RealTime BigData,Governador,Ceará,1,Cenário 1,Jarir Pereira,PSOL,"1,00",2,04/02/2026,https://www.cnnbrasil.com.br/eleicoes/real-time-big-data-no-ceara-elmano-e-ciro-empatam-para-governador/
F,CE-07935/2026,RealTime BigData,Governador,Ceará,1,Cenário 1,Branco/nulo,,"3,00",2,04/02/2026,https://www.cnnbrasil.com.br/eleicoes/real-time-big-data-no-ceara-elmano-e-ciro-empatam-para-governador/
F,CE-07935/2026,RealTime BigData,Governador,Ceará,1,Cenário 1,Não sabe/não respondeu,,"2,00",2,04/02/2026,https://www.cnnbrasil.com.br/eleicoes/real-time-big-data-no-ceara-elmano-e-ciro-empatam-para-governador/
F,CE-07935/2026,RealTime BigData,Governador,Ceará,1,Cenário 2,Elmano de Freitas,PT,"44,00",2,04/02/2026,https://www.cnnbrasil.com.br/eleicoes/real-time-big-data-no-ceara-elmano-e-ciro-empatam-para-governador/
F,CE-07935/2026,RealTime BigData,Governador,Ceará,1,Cenário 2,Roberto Cláudio,União Brasil,"26,00",2,04/02/2026,https://www.cnnbrasil.com.br/eleicoes/real-time-big-data-no-ceara-elmano-e-ciro-empatam-para-governador/
F,CE-07935/2026,RealTime BigData,Governador,Ceará,1,Cenário 2,Eduardo Girão,Novo,"16,00",2,04/02/2026,https://www.cnnbrasil.com.br/eleicoes/real-time-big-data-no-ceara-elmano-e-ciro-empatam-para-governador/
F,CE-07935/2026,RealTime BigData,Governador,Ceará,1,Cenário 2,Jarir Pereira,PSOL,"1,00",2,04/02/2026,https://www.cnnbrasil.com.br/eleicoes/real-time-big-data-no-ceara-elmano-e-ciro-empatam-para-governador/
F,CE-07935/2026,RealTime BigData,Governador,Ceará,1,Cenário 2,Branco/nulo,,"5,00",2,04/02/2026,https://www.cnnbrasil.com.br/eleicoes/real-time-big-data-no-ceara-elmano-e-ciro-empatam-para-governador/
F,CE-07935/2026,RealTime BigData,Governador,Ceará,1,Cenário 2,Não sabe/não respondeu,,"8,00",2,04/02/2026,https://www.cnnbrasil.com.br/eleicoes/real-time-big-data-no-ceara-elmano-e-ciro-empatam-para-governador/
F,CE-07935/2026,RealTime BigData,Governador,Ceará,1,Cenário 3,Elmano de Freitas,PT,"44,00",2,04/02/2026,https://www.cnnbrasil.com.br/eleicoes/real-time-big-data-no-ceara-elmano-e-ciro-empatam-para-governador/
F,CE-07935/2026,RealTime BigData,Governador,Ceará,1,Cenário 3,Ciro Gomes,PSDB,"44,00",2,04/02/2026,https://www.cnnbrasil.com.br/eleicoes/real-time-big-data-no-ceara-elmano-e-ciro-empatam-para-governador/
F,CE-07935/2026,RealTime BigData,Governador,Ceará,1,Cenário 3,Branco/nulo,,"6,00",2,04/02/2026,https://www.cnnbrasil.com.br/eleicoes/real-time-big-data-no-ceara-elmano-e-ciro-empatam-para-governador/
F,CE-07935/2026,RealTime BigData,Governador,Ceará,1,Cenário 3,Não sabe/não respondeu,,"6,00",2,04/02/2026,https://www.cnnbrasil.com.br/eleicoes/real-time-big-data-no-ceara-elmano-e-ciro-empatam-para-governador/
F,CE-07935/2026,RealTime BigData,Governador,Ceará,1,Cenário 4,Elmano de Freitas,PT,"48,00",2,04/02/2026,https://www.cnnbrasil.com.br/eleicoes/real-time-big-data-no-ceara-elmano-e-ciro-empatam-para-governador/
F,CE-07935/2026,RealTime BigData,Governador,Ceará,1,Cenário 4,Roberto Cláudio,União Brasil,"32,00",2,04/02/2026,https://www.cnnbrasil.com.br/eleicoes/real-time-big-data-no-ceara-elmano-e-ciro-empatam-para-governador/
F,CE-07935/2026,RealTime BigData,Governador,Ceará,1,Cenário 4,Branco/nulo,,"11,00",2,04/02/2026,https://www.cnnbrasil.com.br/eleicoes/real-time-big-data-no-ceara-elmano-e-ciro-empatam-para-governador/
F,CE-07935/2026,RealTime BigData,Governador,Ceará,1,Cenário 4,Não sabe/não respondeu,,"9,00",2,04/02/2026,https://www.cnnbrasil.com.br/eleicoes/real-time-big-data-no-ceara-elmano-e-ciro-empatam-para-governador/
F,CE-07935/2026,RealTime BigData,Senador,Ceará,1,Cenário 1,Capitão Wagner,União Brasil,"17,00",2,04/02/2026,https://www.cnnbrasil.com.br/eleicoes/real-time-big-data-no-ce-wagner-jr-mano-e-eunicio-lideram-para-senado/
F,CE-07935/2026,RealTime BigData,Senador,Ceará,1,Cenário 1,Júnior Mano,PSB,"15,00",2,04/02/2026,https://www.cnnbrasil.com.br/eleicoes/real-time-big-data-no-ce-wagner-jr-mano-e-eunicio-lideram-para-senado/
F,CE-07935/2026,RealTime BigData,Senador,Ceará,1,Cenário 1,Eunício Olveira,MDB,"13,00",2,04/02/2026,https://www.cnnbrasil.com.br/eleicoes/real-time-big-data-no-ce-wagner-jr-mano-e-eunicio-lideram-para-senado/
F,CE-07935/2026,RealTime BigData,Senador,Ceará,1,Cenário 1,José Guimarães,PT,"12,00",2,04/02/2026,https://www.cnnbrasil.com.br/eleicoes/real-time-big-data-no-ce-wagner-jr-mano-e-eunicio-lideram-para-senado/
F,CE-07935/2026,RealTime BigData,Senador,Ceará,1,Cenário 1,Pastor Alcides Fernandes,PL,"12,00",2,04/02/2026,https://www.cnnbrasil.com.br/eleicoes/real-time-big-data-no-ce-wagner-jr-mano-e-eunicio-lideram-para-senado/
F,CE-07935/2026,RealTime BigData,Senador,Ceará,1,Cenário 1,Chagas Vieira,Sem partido,"6,00",2,04/02/2026,https://www.cnnbrasil.com.br/eleicoes/real-time-big-data-no-ce-wagner-jr-mano-e-eunicio-lideram-para-senado/
F,CE-07935/2026,RealTime BigData,Senador,Ceará,1,Cenário 1,Priscila Costa,PL,"6,00",2,04/02/2026,https://www.cnnbrasil.com.br/eleicoes/real-time-big-data-no-ce-wagner-jr-mano-e-eunicio-lideram-para-senado/
F,CE-07935/2026,RealTime BigData,Senador,Ceará,1,Cenário 1,Chiquinho Feitosa,Republicanos,"5,00",2,04/02/2026,https://www.cnnbrasil.com.br/eleicoes/real-time-big-data-no-ce-wagner-jr-mano-e-eunicio-lideram-para-senado/
F,CE-07935/2026,RealTime BigData,Senador,Ceará,1,Cenário 1,General Theóphilo,Novo,"3,00",2,04/02/2026,https://www.cnnbrasil.com.br/eleicoes/real-time-big-data-no-ce-wagner-jr-mano-e-eunicio-lideram-para-senado/
F,CE-07935/2026,RealTime BigData,Senador,Ceará,1,Cenário 1,Cândido Albuquerque,PSDB,"2,00",2,04/02/2026,https://www.cnnbrasil.com.br/eleicoes/real-time-big-data-no-ce-wagner-jr-mano-e-eunicio-lideram-para-senado/
F,CE-07935/2026,RealTime BigData,Senador,Ceará,1,Cenário 1,Branco/nulo,,"4,00",2,04/02/2026,https://www.cnnbrasil.com.br/eleicoes/real-time-big-data-no-ce-wagner-jr-mano-e-eunicio-lideram-para-senado/
F,CE-07935/2026,RealTime BigData,Senador,Ceará,1,Cenário 1,Não sabe/não respondeu,,"5,00",2,04/02/2026,https://www.cnnbrasil.com.br/eleicoes/real-time-big-data-no-ce-wagner-jr-mano-e-eunicio-lideram-para-senado/
F,CE-07935/2026,RealTime BigData,Senador,Ceará,1,Cenário 2,Capitão Wagner,União Brasil,"26,00",2,04/02/2026,https://www.cnnbrasil.com.br/eleicoes/real-time-big-data-no-ce-wagner-jr-mano-e-eunicio-lideram-para-senado/
F,CE-07935/2026,RealTime BigData,Senador,Ceará,1,Cenário 2,Eunício Olveira,MDB,"18,00",2,04/02/2026,https://www.cnnbrasil.com.br/eleicoes/real-time-big-data-no-ce-wagner-jr-mano-e-eunicio-lideram-para-senado/
F,CE-07935/2026,RealTime BigData,Senador,Ceará,1,Cenário 2,José Guimarães,PT,"15,00",2,04/02/2026,https://www.cnnbrasil.com.br/eleicoes/real-time-big-data-no-ce-wagner-jr-mano-e-eunicio-lideram-para-senado/
F,CE-07935/2026,RealTime BigData,Senador,Ceará,1,Cenário 2,Pastor Alcides Fernandes,PL,"15,00",2,04/02/2026,https://www.cnnbrasil.com.br/eleicoes/real-time-big-data-no-ce-wagner-jr-mano-e-eunicio-lideram-para-senado/
F,CE-07935/2026,RealTime BigData,Senador,Ceará,1,Cenário 2,Branco/nulo,,"11,00",2,04/02/2026,https://www.cnnbrasil.com.br/eleicoes/real-time-big-data-no-ce-wagner-jr-mano-e-eunicio-lideram-para-senado/
F,CE-07935/2026,RealTime BigData,Senador,Ceará,1,Cenário 2,Não sabe/não respondeu,,"15,00",2,04/02/2026,https://www.cnnbrasil.com.br/eleicoes/real-time-big-data-no-ce-wagner-jr-mano-e-eunicio-lideram-para-senado/
F,CE-07935/2026,RealTime BigData,Senador,Ceará,1,Cenário 3,Capitão Wagner,União Brasil,"28,00",2,04/02/2026,https://www.cnnbrasil.com.br/eleicoes/real-time-big-data-no-ce-wagner-jr-mano-e-eunicio-lideram-para-senado/
F,CE-07935/2026,RealTime BigData,Senador,Ceará,1,Cenário 3,Eunício Olveira,MDB,"18,00",2,04/02/2026,https://www.cnnbrasil.com.br/eleicoes/real-time-big-data-no-ce-wagner-jr-mano-e-eunicio-lideram-para-senado/
F,CE-07935/2026,RealTime BigData,Senador,Ceará,1,Cenário 3,Priscila Costa,PL,"15,00",2,04/02/2026,https://www.cnnbrasil.com.br/eleicoes/real-time-big-data-no-ce-wagner-jr-mano-e-eunicio-lideram-para-senado/
F,CE-07935/2026,RealTime BigData,Senador,Ceará,1,Cenário 3,Chiquinho Feitosa,Republicanos,"10,00",2,04/02/2026,https://www.cnnbrasil.com.br/eleicoes/real-time-big-data-no-ce-wagner-jr-mano-e-eunicio-lideram-para-senado/
F,CE-07935/2026,RealTime BigData,Senador,Ceará,1,Cenário 3,Branco/nulo,,"12,00",2,04/02/2026,https://www.cnnbrasil.com.br/eleicoes/real-time-big-data-no-ce-wagner-jr-mano-e-eunicio-lideram-para-senado/
F,CE-07935/2026,RealTime BigData,Senador,Ceará,1,Cenário 3,Não sabe/não respondeu,,"17,00",2,04/02/2026,https://www.cnnbrasil.com.br/eleicoes/real-time-big-data-no-ce-wagner-jr-mano-e-eunicio-lideram-para-senado/
F,CE-07935/2026,RealTime BigData,Senador,Ceará,1,Cenário 4,Capitão Wagner,União Brasil,"25,00",2,04/02/2026,https://www.cnnbrasil.com.br/eleicoes/real-time-big-data-no-ce-wagner-jr-mano-e-eunicio-lideram-para-senado/
F,CE-07935/2026,RealTime BigData,Senador,Ceará,1,Cenário 4,Júnior Mano,PSB,"19,00",2,04/02/2026,https://www.cnnbrasil.com.br/eleicoes/real-time-big-data-no-ce-wagner-jr-mano-e-eunicio-lideram-para-senado/
F,CE-07935/2026,RealTime BigData,Senador,Ceará,1,Cenário 4,Pastor Alcides Fernandes,PL,"16,00",2,04/02/2026,https://www.cnnbrasil.com.br/eleicoes/real-time-big-data-no-ce-wagner-jr-mano-e-eunicio-lideram-para-senado/
F,CE-07935/2026,RealTime BigData,Senador,Ceará,1,Cenário 4,Chagas Vieira,Sem partido,"14,00",2,04/02/2026,https://www.cnnbrasil.com.br/eleicoes/real-time-big-data-no-ce-wagner-jr-mano-e-eunicio-lideram-para-senado/
F,CE-07935/2026,RealTime BigData,Senador,Ceará,1,Cenário 4,Branco/nulo,,"11,00",2,04/02/2026,https://www.cnnbrasil.com.br/eleicoes/real-time-big-data-no-ce-wagner-jr-mano-e-eunicio-lideram-para-senado/
F,CE-07935/2026,RealTime BigData,Senador,Ceará,1,Cenário 4,Não sabe/não respondeu,,"15,00",2,04/02/2026,https://www.cnnbrasil.com.br/eleicoes/real-time-big-data-no-ce-wagner-jr-mano-e-eunicio-lideram-para-senado/
F,CE-07935/2026,RealTime BigData,Senador,Ceará,1,Cenário 5,Capitão Wagner,União Brasil,"25,00",2,04/02/2026,https://www.cnnbrasil.com.br/eleicoes/real-time-big-data-no-ce-wagner-jr-mano-e-eunicio-lideram-para-senado/
F,CE-07935/2026,RealTime BigData,Senador,Ceará,1,Cenário 5,Júnior Mano,PSB,"19,00",2,04/02/2026,https://www.cnnbrasil.com.br/eleicoes/real-time-big-data-no-ce-wagner-jr-mano-e-eunicio-lideram-para-senado/
F,CE-07935/2026,RealTime BigData,Senador,Ceará,1,Cenário 5,José Guimarães,PT,"16,00",2,04/02/2026,https://www.cnnbrasil.com.br/eleicoes/real-time-big-data-no-ce-wagner-jr-mano-e-eunicio-lideram-para-senado/
F,CE-07935/2026,RealTime BigData,Senador,Ceará,1,Cenário 5,Priscila Costa,PL,"15,00",2,04/02/2026,https://www.cnnbrasil.com.br/eleicoes/real-time-big-data-no-ce-wagner-jr-mano-e-eunicio-lideram-para-senado/
F,CE-07935/2026,RealTime BigData,Senador,Ceará,1,Cenário 5,Branco/nulo,,"11,00",2,04/02/2026,https://www.cnnbrasil.com.br/eleicoes/real-time-big-data-no-ce-wagner-jr-mano-e-eunicio-lideram-para-senado/
F,CE-07935/2026,RealTime BigData,Senador,Ceará,1,Cenário 5,Não sabe/não respondeu,,"14,00",2,04/02/2026,https://www.cnnbrasil.com.br/eleicoes/real-time-big-data-no-ce-wagner-jr-mano-e-eunicio-lideram-para-senado/
F,AC-07815/2026,AtlasIntel,Governador,Acre,1,Cenário 1,Mailza Assis,PP,"35,20",3,03/08/2026,https://static.poder360.com.br/uploads/2026/08/Pesquisa-Atlas_AC24-Horas-Eleicoes-Acre-2026-260803.pdf
F,AC-07815/2026,AtlasIntel,Governador,Acre,1,Cenário 1,Alan Rick,Republicanos,"33,10",3,03/08/2026,https://static.poder360.com.br/uploads/2026/08/Pesquisa-Atlas_AC24-Horas-Eleicoes-Acre-2026-260803.pdf
F,AC-07815/2026,AtlasIntel,Governador,Acre,1,Cenário 1,Tião Bocalom,PSDB,"18,5",3,03/08/2026,https://static.poder360.com.br/uploads/2026/08/Pesquisa-Atlas_AC24-Horas-Eleicoes-Acre-2026-260803.pdf
F,AC-07815/2026,AtlasIntel,Governador,Acre,1,Cenário 1,Thor Dantas,PSB,"9,7",3,03/08/2026,https://static.poder360.com.br/uploads/2026/08/Pesquisa-Atlas_AC24-Horas-Eleicoes-Acre-2026-260803.pdf
F,AC-07815/2026,AtlasIntel,Governador,Acre,1,Cenário 1,Não sabe,,"2,60",3,03/08/2026,https://static.poder360.com.br/uploads/2026/08/Pesquisa-Atlas_AC24-Horas-Eleicoes-Acre-2026-260803.pdf
F,AC-07815/2026,AtlasIntel,Governador,Acre,1,Cenário 1,Branco/nulo,,"0,90",3,03/08/2026,https://static.poder360.com.br/uploads/2026/08/Pesquisa-Atlas_AC24-Horas-Eleicoes-Acre-2026-260803.pdf
F,AC-07815/2026,AtlasIntel,Governador,Acre,2,Cenário 1,Mailza Assis,PP,"44,50",3,03/08/2026,https://static.poder360.com.br/uploads/2026/08/Pesquisa-Atlas_AC24-Horas-Eleicoes-Acre-2026-260803.pdf
F,AC-07815/2026,AtlasIntel,Governador,Acre,2,Cenário 1,Alan Rick,Republicanos,"42,20",3,03/08/2026,https://static.poder360.com.br/uploads/2026/08/Pesquisa-Atlas_AC24-Horas-Eleicoes-Acre-2026-260803.pdf
F,AC-07815/2026,AtlasIntel,Governador,Acre,2,Cenário 1,Branco/nulo/não sabe,,"13,40",3,03/08/2026,https://static.poder360.com.br/uploads/2026/08/Pesquisa-Atlas_AC24-Horas-Eleicoes-Acre-2026-260803.pdf
F,AC-07815/2026,AtlasIntel,Governador,Acre,2,Cenário 2,Alan Rick,Republicanos,"42,60",3,03/08/2026,https://static.poder360.com.br/uploads/2026/08/Pesquisa-Atlas_AC24-Horas-Eleicoes-Acre-2026-260803.pdf
F,AC-07815/2026,AtlasIntel,Governador,Acre,2,Cenário 2,Tião Bocalom,PSDB,"36,90",3,03/08/2026,https://static.poder360.com.br/uploads/2026/08/Pesquisa-Atlas_AC24-Horas-Eleicoes-Acre-2026-260803.pdf
F,AC-07815/2026,AtlasIntel,Governador,Acre,2,Cenário 2,Branco/nulo/não sabe,,"20,50",3,03/08/2026,https://static.poder360.com.br/uploads/2026/08/Pesquisa-Atlas_AC24-Horas-Eleicoes-Acre-2026-260803.pdf
F,AC-07815/2026,AtlasIntel,Governador,Acre,2,Cenário 3,Alan Rick,Republicanos,"51,40",3,03/08/2026,https://static.poder360.com.br/uploads/2026/08/Pesquisa-Atlas_AC24-Horas-Eleicoes-Acre-2026-260803.pdf
F,AC-07815/2026,AtlasIntel,Governador,Acre,2,Cenário 3,Thor Dantas,PSB,"17,60",3,03/08/2026,https://static.poder360.com.br/uploads/2026/08/Pesquisa-Atlas_AC24-Horas-Eleicoes-Acre-2026-260803.pdf
F,AC-07815/2026,AtlasIntel,Governador,Acre,2,Cenário 3,Branco/nulo/não sabe,,"31,00",3,03/08/2026,https://static.poder360.com.br/uploads/2026/08/Pesquisa-Atlas_AC24-Horas-Eleicoes-Acre-2026-260803.pdf
F,AC-07815/2026,AtlasIntel,Senador,Acre,1,Cenário 1,Márcio Bittar,PL,"20,60",3,03/08/2026,https://static.poder360.com.br/uploads/2026/08/Pesquisa-Atlas_AC24-Horas-Eleicoes-Acre-2026-260803.pdf
F,AC-07815/2026,AtlasIntel,Senador,Acre,1,Cenário 1,Gladson Cameli,PP,"18,50",3,03/08/2026,https://static.poder360.com.br/uploads/2026/08/Pesquisa-Atlas_AC24-Horas-Eleicoes-Acre-2026-260803.pdf
F,AC-07815/2026,AtlasIntel,Senador,Acre,1,Cenário 1,Mara Rocha,Republicanos,"18,1",3,03/08/2026,https://static.poder360.com.br/uploads/2026/08/Pesquisa-Atlas_AC24-Horas-Eleicoes-Acre-2026-260803.pdf
F,AC-07815/2026,AtlasIntel,Senador,Acre,1,Cenário 1,Jorge Viana,PT,"11,4",3,03/08/2026,https://static.poder360.com.br/uploads/2026/08/Pesquisa-Atlas_AC24-Horas-Eleicoes-Acre-2026-260803.pdf
F,AC-07815/2026,AtlasIntel,Senador,Acre,1,Cenário 1,Sérgio Petecão,PSD,"9,90",3,03/08/2026,https://static.poder360.com.br/uploads/2026/08/Pesquisa-Atlas_AC24-Horas-Eleicoes-Acre-2026-260803.pdf
F,AC-07815/2026,AtlasIntel,Senador,Acre,1,Cenário 1,Eduardo Velloso,Solidariedade,"6,40",3,03/08/2026,https://static.poder360.com.br/uploads/2026/08/Pesquisa-Atlas_AC24-Horas-Eleicoes-Acre-2026-260803.pdf
F,AC-07815/2026,AtlasIntel,Senador,Acre,1,Cenário 1,Inácio Moreira,PSOL,"3,50",3,03/08/2026,https://static.poder360.com.br/uploads/2026/08/Pesquisa-Atlas_AC24-Horas-Eleicoes-Acre-2026-260803.pdf
F,AC-07815/2026,AtlasIntel,Senador,Acre,1,Cenário 1,Júnior Feitosa,DC,"0,70",3,03/08/2026,https://static.poder360.com.br/uploads/2026/08/Pesquisa-Atlas_AC24-Horas-Eleicoes-Acre-2026-260803.pdf
F,AC-07815/2026,AtlasIntel,Senador,Acre,1,Cenário 1,Não sabe,,"8,60",3,03/08/2026,https://static.poder360.com.br/uploads/2026/08/Pesquisa-Atlas_AC24-Horas-Eleicoes-Acre-2026-260803.pdf
F,AC-07815/2026,AtlasIntel,Senador,Acre,1,Cenário 1,Branco/nulo,,"2,30",3,03/08/2026,https://static.poder360.com.br/uploads/2026/08/Pesquisa-Atlas_AC24-Horas-Eleicoes-Acre-2026-260803.pdf
F,AC-07815/2026,AtlasIntel,Senador,Acre,1,Cenário 2,Mara Rocha,Republicanos,"23,70",3,03/08/2026,https://static.poder360.com.br/uploads/2026/08/Pesquisa-Atlas_AC24-Horas-Eleicoes-Acre-2026-260803.pdf
F,AC-07815/2026,AtlasIntel,Senador,Acre,1,Cenário 2,Márcio Bittar,PL,"22,50",3,03/08/2026,https://static.poder360.com.br/uploads/2026/08/Pesquisa-Atlas_AC24-Horas-Eleicoes-Acre-2026-260803.pdf
F,AC-07815/2026,AtlasIntel,Senador,Acre,1,Cenário 2,Jorge Viana,PT,"14,90",3,03/08/2026,https://static.poder360.com.br/uploads/2026/08/Pesquisa-Atlas_AC24-Horas-Eleicoes-Acre-2026-260803.pdf
F,AC-07815/2026,AtlasIntel,Senador,Acre,1,Cenário 2,Eduardo Velloso,Solidariedade,"12,50",3,03/08/2026,https://static.poder360.com.br/uploads/2026/08/Pesquisa-Atlas_AC24-Horas-Eleicoes-Acre-2026-260803.pdf
F,AC-07815/2026,AtlasIntel,Senador,Acre,1,Cenário 2,Sérgio Petecão,PSD,"10,20",3,03/08/2026,https://static.poder360.com.br/uploads/2026/08/Pesquisa-Atlas_AC24-Horas-Eleicoes-Acre-2026-260803.pdf
F,AC-07815/2026,AtlasIntel,Senador,Acre,1,Cenário 2,Inácio Moreira,PSOL,"3,10",3,03/08/2026,https://static.poder360.com.br/uploads/2026/08/Pesquisa-Atlas_AC24-Horas-Eleicoes-Acre-2026-260803.pdf
F,AC-07815/2026,AtlasIntel,Senador,Acre,1,Cenário 2,Júnior Feitosa,DC,"0,9",3,03/08/2026,https://static.poder360.com.br/uploads/2026/08/Pesquisa-Atlas_AC24-Horas-Eleicoes-Acre-2026-260803.pdf
F,AC-07815/2026,AtlasIntel,Senador,Acre,1,Cenário 2,Não sabe,,"6,6",3,03/08/2026,https://static.poder360.com.br/uploads/2026/08/Pesquisa-Atlas_AC24-Horas-Eleicoes-Acre-2026-260803.pdf
F,AC-07815/2026,AtlasIntel,Senador,Acre,1,Cenário 2,Branco/nulo,,"5,70",3,03/08/2026,https://static.poder360.com.br/uploads/2026/08/Pesquisa-Atlas_AC24-Horas-Eleicoes-Acre-2026-260803.pdf
F,BR-09332/2026,AtlasIntel,Presidente,Acre,1,Cenário 1,Flávio Bolsonaro,PL,"51,00",3,03/08/2026,https://static.poder360.com.br/uploads/2026/08/Pesquisa-Atlas_AC24-Horas-Eleicoes-Acre-2026-260803.pdf
F,BR-09332/2026,AtlasIntel,Presidente,Acre,1,Cenário 1,Lula,PT,"26,60",3,03/08/2026,https://static.poder360.com.br/uploads/2026/08/Pesquisa-Atlas_AC24-Horas-Eleicoes-Acre-2026-260803.pdf
F,BR-09332/2026,AtlasIntel,Presidente,Acre,1,Cenário 1,Ronaldo Caiado,PSD,6,3,03/08/2026,https://static.poder360.com.br/uploads/2026/08/Pesquisa-Atlas_AC24-Horas-Eleicoes-Acre-2026-260803.pdf
F,BR-09332/2026,AtlasIntel,Presidente,Acre,1,Cenário 1,Renan Santos,Missão,"4,3",3,03/08/2026,https://static.poder360.com.br/uploads/2026/08/Pesquisa-Atlas_AC24-Horas-Eleicoes-Acre-2026-260803.pdf
F,BR-09332/2026,AtlasIntel,Presidente,Acre,1,Cenário 1,Romeu Zema,Novo,"2,00",3,03/08/2026,https://static.poder360.com.br/uploads/2026/08/Pesquisa-Atlas_AC24-Horas-Eleicoes-Acre-2026-260803.pdf
F,BR-09332/2026,AtlasIntel,Presidente,Acre,1,Cenário 1,Samara Martins,UP,"1,10",3,03/08/2026,https://static.poder360.com.br/uploads/2026/08/Pesquisa-Atlas_AC24-Horas-Eleicoes-Acre-2026-260803.pdf
F,BR-09332/2026,AtlasIntel,Presidente,Acre,1,Cenário 1,Augusto Cury,Avante,"0,30",3,03/08/2026,https://static.poder360.com.br/uploads/2026/08/Pesquisa-Atlas_AC24-Horas-Eleicoes-Acre-2026-260803.pdf
F,BR-09332/2026,AtlasIntel,Presidente,Acre,1,Cenário 1,Não sabe,,"5,50",3,03/08/2026,https://static.poder360.com.br/uploads/2026/08/Pesquisa-Atlas_AC24-Horas-Eleicoes-Acre-2026-260803.pdf
F,BR-09332/2026,AtlasIntel,Presidente,Acre,1,Cenário 1,Branco/nulo,,"3,20",3,03/08/2026,https://static.poder360.com.br/uploads/2026/08/Pesquisa-Atlas_AC24-Horas-Eleicoes-Acre-2026-260803.pdf
F,BR-09332/2026,AtlasIntel,Presidente,Acre,2,Cenário 1,Flávio Bolsonaro,PL,"65,80",3,03/08/2026,https://static.poder360.com.br/uploads/2026/08/Pesquisa-Atlas_AC24-Horas-Eleicoes-Acre-2026-260803.pdf
F,BR-09332/2026,AtlasIntel,Presidente,Acre,2,Cenário 1,Lula,PT,"28,00",3,03/08/2026,https://static.poder360.com.br/uploads/2026/08/Pesquisa-Atlas_AC24-Horas-Eleicoes-Acre-2026-260803.pdf
F,BR-09332/2026,AtlasIntel,Presidente,Acre,2,Cenário 1,Branco/nulo/não sabe,,"6,20",3,03/08/2026,https://static.poder360.com.br/uploads/2026/08/Pesquisa-Atlas_AC24-Horas-Eleicoes-Acre-2026-260803.pdf
F,BR-09332/2026,AtlasIntel,Presidente,Acre,2,Cenário 2,Ronaldo Caiado,PSD,"50,00",3,03/08/2026,https://static.poder360.com.br/uploads/2026/08/Pesquisa-Atlas_AC24-Horas-Eleicoes-Acre-2026-260803.pdf
F,BR-09332/2026,AtlasIntel,Presidente,Acre,2,Cenário 2,Lula,PT,"30,60",3,03/08/2026,https://static.poder360.com.br/uploads/2026/08/Pesquisa-Atlas_AC24-Horas-Eleicoes-Acre-2026-260803.pdf
F,BR-09332/2026,AtlasIntel,Presidente,Acre,2,Cenário 2,Branco/nulo/não sabe,,"19,40",3,03/08/2026,https://static.poder360.com.br/uploads/2026/08/Pesquisa-Atlas_AC24-Horas-Eleicoes-Acre-2026-260803.pdf
F,BR-09332/2026,AtlasIntel,Presidente,Acre,2,Cenário 3,Romeu Zema,Novo,"50,30",3,03/08/2026,https://static.poder360.com.br/uploads/2026/08/Pesquisa-Atlas_AC24-Horas-Eleicoes-Acre-2026-260803.pdf
F,BR-09332/2026,AtlasIntel,Presidente,Acre,2,Cenário 3,Lula,PT,"31,1",3,03/08/2026,https://static.poder360.com.br/uploads/2026/08/Pesquisa-Atlas_AC24-Horas-Eleicoes-Acre-2026-260803.pdf
F,BR-09332/2026,AtlasIntel,Presidente,Acre,2,Cenário 3,Branco/nulo/não sabe,,"18,6",3,03/08/2026,https://static.poder360.com.br/uploads/2026/08/Pesquisa-Atlas_AC24-Horas-Eleicoes-Acre-2026-260803.pdf
F,BR-09332/2026,AtlasIntel,Presidente,Acre,2,Cenário 4,Lula,PT,"32,60",3,03/08/2026,https://static.poder360.com.br/uploads/2026/08/Pesquisa-Atlas_AC24-Horas-Eleicoes-Acre-2026-260803.pdf
F,BR-09332/2026,AtlasIntel,Presidente,Acre,2,Cenário 4,Renan Santos,Missão,"32,30",3,03/08/2026,https://static.poder360.com.br/uploads/2026/08/Pesquisa-Atlas_AC24-Horas-Eleicoes-Acre-2026-260803.pdf
F,BR-09332/2026,AtlasIntel,Presidente,Acre,2,Cenário 4,Branco/nulo/não sabe,,"35,10",3,03/08/2026,https://static.poder360.com.br/uploads/2026/08/Pesquisa-Atlas_AC24-Horas-Eleicoes-Acre-2026-260803.pdf
F,TO-02848/2026,Brasmarket,Governador,Tocantins,1,Cenário 1,Professora Dorinha,União Brasil,"36,30","2,84",03/08/2026,https://atitudeto.com.br/noticias/pesquisa-brasmarket-aponta-professora-dorinha-com-363-e-vicentinho-junior-com-241-na-corrida-ao-governo-do-tocantins/
F,TO-02848/2026,Brasmarket,Governador,Tocantins,1,Cenário 1,Vicentinho Júnior,PSDB,"24,10","2,84",03/08/2026,https://atitudeto.com.br/noticias/pesquisa-brasmarket-aponta-professora-dorinha-com-363-e-vicentinho-junior-com-241-na-corrida-ao-governo-do-tocantins/
F,TO-02848/2026,Brasmarket,Governador,Tocantins,1,Cenário 1,Ataídes de Oliveira,Novo,"9,3","2,84",03/08/2026,https://atitudeto.com.br/noticias/pesquisa-brasmarket-aponta-professora-dorinha-com-363-e-vicentinho-junior-com-241-na-corrida-ao-governo-do-tocantins/
F,TO-02848/2026,Brasmarket,Governador,Tocantins,1,Cenário 1,Laurez Moreira,PSD,"8,3","2,84",03/08/2026,https://atitudeto.com.br/noticias/pesquisa-brasmarket-aponta-professora-dorinha-com-363-e-vicentinho-junior-com-241-na-corrida-ao-governo-do-tocantins/
F,TO-02848/2026,Brasmarket,Governador,Tocantins,1,Cenário 1,Não sabe,,"12,40","2,84",03/08/2026,https://atitudeto.com.br/noticias/pesquisa-brasmarket-aponta-professora-dorinha-com-363-e-vicentinho-junior-com-241-na-corrida-ao-governo-do-tocantins/
F,TO-02848/2026,Brasmarket,Governador,Tocantins,1,Cenário 1,Branco/nulo,,"9,50","2,84",03/08/2026,https://atitudeto.com.br/noticias/pesquisa-brasmarket-aponta-professora-dorinha-com-363-e-vicentinho-junior-com-241-na-corrida-ao-governo-do-tocantins/
F,TO-02848/2026,Brasmarket,Senador,Tocantins,1,Cenário 1,Eduardo Gomes,PL,"37,10","2,84",03/08/2026,https://redetvto.com.br/pesquisa-mostra-dorinha-na-lideranca-para-o-governo-do-tocantins-e-eduardo-gomes-a-frente-na-disputa-pelo-senado/
F,TO-02848/2026,Brasmarket,Senador,Tocantins,1,Cenário 1,Carlos Gaguim,União Brasil,"23,20","2,84",03/08/2026,https://redetvto.com.br/pesquisa-mostra-dorinha-na-lideranca-para-o-governo-do-tocantins-e-eduardo-gomes-a-frente-na-disputa-pelo-senado/
F,TO-02848/2026,Brasmarket,Senador,Tocantins,1,Cenário 1,Irajá Abreu,PSD,"17,8","2,84",03/08/2026,https://redetvto.com.br/pesquisa-mostra-dorinha-na-lideranca-para-o-governo-do-tocantins-e-eduardo-gomes-a-frente-na-disputa-pelo-senado/
F,TO-02848/2026,Brasmarket,Senador,Tocantins,1,Cenário 1,Ronaldo Dimas,Podemos,"16,70","2,84",03/08/2026,https://redetvto.com.br/pesquisa-mostra-dorinha-na-lideranca-para-o-governo-do-tocantins-e-eduardo-gomes-a-frente-na-disputa-pelo-senado/
F,TO-02848/2026,Brasmarket,Senador,Tocantins,1,Cenário 1,Eli Borges,Republicanos,"15,20","2,84",03/08/2026,https://redetvto.com.br/pesquisa-mostra-dorinha-na-lideranca-para-o-governo-do-tocantins-e-eduardo-gomes-a-frente-na-disputa-pelo-senado/
F,TO-02848/2026,Brasmarket,Senador,Tocantins,1,Cenário 1,Vanderlei Luxemburgo,Podemos,"14,80","2,84",03/08/2026,https://redetvto.com.br/pesquisa-mostra-dorinha-na-lideranca-para-o-governo-do-tocantins-e-eduardo-gomes-a-frente-na-disputa-pelo-senado/
F,TO-02848/2026,Brasmarket,Senador,Tocantins,1,Cenário 1,Alexandre Guimarães,MDB,"14,60","2,84",03/08/2026,https://redetvto.com.br/pesquisa-mostra-dorinha-na-lideranca-para-o-governo-do-tocantins-e-eduardo-gomes-a-frente-na-disputa-pelo-senado/
F,TO-02848/2026,Brasmarket,Senador,Tocantins,1,Cenário 1,Paulo Mourão,PT,"14,30","2,84",03/08/2026,https://redetvto.com.br/pesquisa-mostra-dorinha-na-lideranca-para-o-governo-do-tocantins-e-eduardo-gomes-a-frente-na-disputa-pelo-senado/
F,TO-02848/2026,Brasmarket,Senador,Tocantins,1,Cenário 1,Não sabe,,"26,10","2,84",03/08/2026,https://redetvto.com.br/pesquisa-mostra-dorinha-na-lideranca-para-o-governo-do-tocantins-e-eduardo-gomes-a-frente-na-disputa-pelo-senado/
F,TO-02848/2026,Brasmarket,Senador,Tocantins,1,Cenário 1,Branco/nulo,,"25,70","2,84",03/08/2026,https://redetvto.com.br/pesquisa-mostra-dorinha-na-lideranca-para-o-governo-do-tocantins-e-eduardo-gomes-a-frente-na-disputa-pelo-senado/
F,PI-07910/2026,Instituto Data AZ,Governador,Piauí,1,Cenário 1,Rafael Fonteles,PT,"53,08","2,48",03/08/2026,https://www.portalaz.com.br/noticia/amp/geral/96920/pesquisa-data-az-aponta-lideranca-de-rafael-com-mais-de-78-dos-votos-validos/
F,PI-07910/2026,Instituto Data AZ,Governador,Piauí,1,Cenário 1,Joel Rodrigues,PP,"12,83","2,48",03/08/2026,https://www.portalaz.com.br/noticia/amp/geral/96920/pesquisa-data-az-aponta-lideranca-de-rafael-com-mais-de-78-dos-votos-validos/
F,PI-07910/2026,Instituto Data AZ,Governador,Piauí,1,Cenário 1,Eliseu Aguiar,Novo,"0,83","2,48",03/08/2026,https://www.portalaz.com.br/noticia/amp/geral/96920/pesquisa-data-az-aponta-lideranca-de-rafael-com-mais-de-78-dos-votos-validos/
F,PI-07910/2026,Instituto Data AZ,Governador,Piauí,1,Cenário 1,Ravenna Castro,Democrata,"0,33","2,48",03/08/2026,https://www.portalaz.com.br/noticia/amp/geral/96920/pesquisa-data-az-aponta-lideranca-de-rafael-com-mais-de-78-dos-votos-validos/
F,PI-07910/2026,Instituto Data AZ,Governador,Piauí,1,Cenário 1,"José Maia Filho, Mainha",Podemos,"0,25","2,48",03/08/2026,https://www.portalaz.com.br/noticia/amp/geral/96920/pesquisa-data-az-aponta-lideranca-de-rafael-com-mais-de-78-dos-votos-validos/
F,PI-07910/2026,Instituto Data AZ,Governador,Piauí,1,Cenário 1,Geraldo Carvalho,PSTU,"0,17","2,48",03/08/2026,https://www.portalaz.com.br/noticia/amp/geral/96920/pesquisa-data-az-aponta-lideranca-de-rafael-com-mais-de-78-dos-votos-validos/
F,PI-07910/2026,Instituto Data AZ,Governador,Piauí,1,Cenário 1,Jesus Rodrigues,Cidadania,"0,17","2,48",03/08/2026,https://www.portalaz.com.br/noticia/amp/geral/96920/pesquisa-data-az-aponta-lideranca-de-rafael-com-mais-de-78-dos-votos-validos/
F,PI-07910/2026,Instituto Data AZ,Governador,Piauí,1,Cenário 1,Toni Rodrigues,PL,"0,17","2,48",03/08/2026,https://www.portalaz.com.br/noticia/amp/geral/96920/pesquisa-data-az-aponta-lideranca-de-rafael-com-mais-de-78-dos-votos-validos/
F,PI-07910/2026,Instituto Data AZ,Governador,Piauí,1,Cenário 1,Francisco Juriti,DC,"0,00","2,48",03/08/2026,https://www.portalaz.com.br/noticia/amp/geral/96920/pesquisa-data-az-aponta-lideranca-de-rafael-com-mais-de-78-dos-votos-validos/
F,PI-07910/2026,Instituto Data AZ,Governador,Piauí,1,Cenário 1,Lúcia Santos,PSDB,"0,00","2,48",03/08/2026,https://www.portalaz.com.br/noticia/amp/geral/96920/pesquisa-data-az-aponta-lideranca-de-rafael-com-mais-de-78-dos-votos-validos/
F,PI-07910/2026,Instituto Data AZ,Governador,Piauí,1,Cenário 1,Não sabe,,"19,58","2,48",03/08/2026,https://www.portalaz.com.br/noticia/amp/geral/96920/pesquisa-data-az-aponta-lideranca-de-rafael-com-mais-de-78-dos-votos-validos/
F,PI-07910/2026,Instituto Data AZ,Governador,Piauí,1,Cenário 1,Branco/nulo,,"12,58","2,48",03/08/2026,https://www.portalaz.com.br/noticia/amp/geral/96920/pesquisa-data-az-aponta-lideranca-de-rafael-com-mais-de-78-dos-votos-validos/
F,BR-05908/2026,Instituto Data AZ,Presidente,Piauí,1,Cenário 1,Lula,PT,"56,58","2,48",03/08/2026,https://www.portalaz.com.br/noticia/amp/geral/96920/pesquisa-data-az-aponta-lideranca-de-rafael-com-mais-de-78-dos-votos-validos/
F,BR-05908/2026,Instituto Data AZ,Presidente,Piauí,1,Cenário 1,Flávio Bolsonaro,PL,"15,17","2,48",03/08/2026,https://www.portalaz.com.br/noticia/amp/geral/96920/pesquisa-data-az-aponta-lideranca-de-rafael-com-mais-de-78-dos-votos-validos/
F,BR-05908/2026,Instituto Data AZ,Presidente,Piauí,1,Cenário 1,Ronaldo Caiado,PSD,"2,42","2,48",03/08/2026,https://www.portalaz.com.br/noticia/amp/geral/96920/pesquisa-data-az-aponta-lideranca-de-rafael-com-mais-de-78-dos-votos-validos/
F,BR-05908/2026,Instituto Data AZ,Presidente,Piauí,1,Cenário 1,Renan Santos,Missão,"1,17","2,48",03/08/2026,https://www.portalaz.com.br/noticia/amp/geral/96920/pesquisa-data-az-aponta-lideranca-de-rafael-com-mais-de-78-dos-votos-validos/
F,BR-05908/2026,Instituto Data AZ,Presidente,Piauí,1,Cenário 1,Augusto Cury,Avante,"0,58","2,48",03/08/2026,https://www.portalaz.com.br/noticia/amp/geral/96920/pesquisa-data-az-aponta-lideranca-de-rafael-com-mais-de-78-dos-votos-validos/
F,BR-05908/2026,Instituto Data AZ,Presidente,Piauí,1,Cenário 1,Samara Martins,UP,"0,25","2,48",03/08/2026,https://www.portalaz.com.br/noticia/amp/geral/96920/pesquisa-data-az-aponta-lideranca-de-rafael-com-mais-de-78-dos-votos-validos/
F,BR-05908/2026,Instituto Data AZ,Presidente,Piauí,1,Cenário 1,Romeu Zema,Novo,"0,17","2,48",03/08/2026,https://www.portalaz.com.br/noticia/amp/geral/96920/pesquisa-data-az-aponta-lideranca-de-rafael-com-mais-de-78-dos-votos-validos/
F,BR-05908/2026,Instituto Data AZ,Presidente,Piauí,1,Cenário 1,Hertz Dias,PSTU,"0,08","2,48",03/08/2026,https://www.portalaz.com.br/noticia/amp/geral/96920/pesquisa-data-az-aponta-lideranca-de-rafael-com-mais-de-78-dos-votos-validos/
F,BR-05908/2026,Instituto Data AZ,Presidente,Piauí,1,Cenário 1,Aldo Rebelo,DC,"0,00","2,48",03/08/2026,https://www.portalaz.com.br/noticia/amp/geral/96920/pesquisa-data-az-aponta-lideranca-de-rafael-com-mais-de-78-dos-votos-validos/
F,BR-05908/2026,Instituto Data AZ,Presidente,Piauí,1,Cenário 1,Cabo Daciolo,Mobiliza,"0,00","2,48",03/08/2026,https://www.portalaz.com.br/noticia/amp/geral/96920/pesquisa-data-az-aponta-lideranca-de-rafael-com-mais-de-78-dos-votos-validos/
F,BR-05908/2026,Instituto Data AZ,Presidente,Piauí,1,Cenário 1,Edmilson Costa,PCB,"0,00","2,48",03/08/2026,https://www.portalaz.com.br/noticia/amp/geral/96920/pesquisa-data-az-aponta-lideranca-de-rafael-com-mais-de-78-dos-votos-validos/
F,BR-05908/2026,Instituto Data AZ,Presidente,Piauí,1,Cenário 1,Rui Pimenta,PCO,"0,00","2,48",03/08/2026,https://www.portalaz.com.br/noticia/amp/geral/96920/pesquisa-data-az-aponta-lideranca-de-rafael-com-mais-de-78-dos-votos-validos/
F,BR-05908/2026,Instituto Data AZ,Presidente,Piauí,1,Cenário 1,Branco/nulo,,"13,00","2,48",03/08/2026,https://www.portalaz.com.br/noticia/amp/geral/96920/pesquisa-data-az-aponta-lideranca-de-rafael-com-mais-de-78-dos-votos-validos/
F,BR-05908/2026,Instituto Data AZ,Presidente,Piauí,1,Cenário 1,Não sabe,,"10,58","2,48",03/08/2026,https://www.portalaz.com.br/noticia/amp/geral/96920/pesquisa-data-az-aponta-lideranca-de-rafael-com-mais-de-78-dos-votos-validos/
F,SE-07327/2026,RealTime BigData,Governador,Sergipe,1,Cenário 1,Fábio Mitidieri,PSD,"43,00",2,03/08/2026,https://static.poder360.com.br/uploads/2026/08/Sergipe-SE-07327_2026_Ago26.pdf
F,SE-07327/2026,RealTime BigData,Governador,Sergipe,1,Cenário 1,Valmir de Francisquinho,Republicanos,"40,00",2,03/08/2026,https://static.poder360.com.br/uploads/2026/08/Sergipe-SE-07327_2026_Ago26.pdf
F,SE-07327/2026,RealTime BigData,Governador,Sergipe,1,Cenário 1,Ricardo Marques,PL,6,2,03/08/2026,https://static.poder360.com.br/uploads/2026/08/Sergipe-SE-07327_2026_Ago26.pdf
F,SE-07327/2026,RealTime BigData,Governador,Sergipe,1,Cenário 1,Emanuel Cacho,PSDB,"2,00",2,03/08/2026,https://static.poder360.com.br/uploads/2026/08/Sergipe-SE-07327_2026_Ago26.pdf
F,SE-07327/2026,RealTime BigData,Governador,Sergipe,1,Cenário 1,Dr. Helton Monteiro,PSOL,"1,00",2,03/08/2026,https://static.poder360.com.br/uploads/2026/08/Sergipe-SE-07327_2026_Ago26.pdf
F,SE-07327/2026,RealTime BigData,Governador,Sergipe,1,Cenário 1,Branco/nulo,,"4,00",2,03/08/2026,https://static.poder360.com.br/uploads/2026/08/Sergipe-SE-07327_2026_Ago26.pdf
F,SE-07327/2026,RealTime BigData,Governador,Sergipe,1,Cenário 1,Não sabe/não respondeu,,"4,00",2,03/08/2026,https://static.poder360.com.br/uploads/2026/08/Sergipe-SE-07327_2026_Ago26.pdf
F,SE-07327/2026,RealTime BigData,Governador,Sergipe,2,Cenário 1,Fábio Mitidieri,PSD,"46,00",2,03/08/2026,https://static.poder360.com.br/uploads/2026/08/Sergipe-SE-07327_2026_Ago26.pdf
F,SE-07327/2026,RealTime BigData,Governador,Sergipe,2,Cenário 1,Valmir de Francisquinho,Republicanos,"44,00",2,03/08/2026,https://static.poder360.com.br/uploads/2026/08/Sergipe-SE-07327_2026_Ago26.pdf
F,SE-07327/2026,RealTime BigData,Governador,Sergipe,2,Cenário 1,Branco/nulo,,"5,00",2,03/08/2026,https://static.poder360.com.br/uploads/2026/08/Sergipe-SE-07327_2026_Ago26.pdf
F,SE-07327/2026,RealTime BigData,Governador,Sergipe,2,Cenário 1,Não sabe/não respondeu,,"5,00",2,03/08/2026,https://static.poder360.com.br/uploads/2026/08/Sergipe-SE-07327_2026_Ago26.pdf
F,SE-07327/2026,RealTime BigData,Senador,Sergipe,1,Cenário 1,Delegado André David,Republicanos,"17,00",2,03/08/2026,https://static.poder360.com.br/uploads/2026/08/Sergipe-SE-07327_2026_Ago26.pdf
F,SE-07327/2026,RealTime BigData,Senador,Sergipe,1,Cenário 1,André Moura,União Brasil,"14,00",2,03/08/2026,https://static.poder360.com.br/uploads/2026/08/Sergipe-SE-07327_2026_Ago26.pdf
F,SE-07327/2026,RealTime BigData,Senador,Sergipe,1,Cenário 1,Dr. Eduardo Amorim,Republicanos,13,2,03/08/2026,https://static.poder360.com.br/uploads/2026/08/Sergipe-SE-07327_2026_Ago26.pdf
F,SE-07327/2026,RealTime BigData,Senador,Sergipe,1,Cenário 1,Rodrigo Valadares,PL,"12,00",2,03/08/2026,https://static.poder360.com.br/uploads/2026/08/Sergipe-SE-07327_2026_Ago26.pdf
F,SE-07327/2026,RealTime BigData,Senador,Sergipe,1,Cenário 1,Alessandro Vieira,MDB,"9,00",2,03/08/2026,https://static.poder360.com.br/uploads/2026/08/Sergipe-SE-07327_2026_Ago26.pdf
F,SE-07327/2026,RealTime BigData,Senador,Sergipe,1,Cenário 1,Rogério Carvalho,PT,"9,00",2,03/08/2026,https://static.poder360.com.br/uploads/2026/08/Sergipe-SE-07327_2026_Ago26.pdf
F,SE-07327/2026,RealTime BigData,Senador,Sergipe,1,Cenário 1,Edvaldo Nogueira,PDT,"8,00",2,03/08/2026,https://static.poder360.com.br/uploads/2026/08/Sergipe-SE-07327_2026_Ago26.pdf
F,SE-07327/2026,RealTime BigData,Senador,Sergipe,1,Cenário 1,Coronel Rocha,PL,"6,00",2,03/08/2026,https://static.poder360.com.br/uploads/2026/08/Sergipe-SE-07327_2026_Ago26.pdf
F,SE-07327/2026,RealTime BigData,Senador,Sergipe,1,Cenário 1,Adailton Sousa,Podemos,"5,00",2,03/08/2026,https://static.poder360.com.br/uploads/2026/08/Sergipe-SE-07327_2026_Ago26.pdf
F,SE-07327/2026,RealTime BigData,Senador,Sergipe,1,Cenário 1,Iran Barbosa,PSOL,"1,00",2,03/08/2026,https://static.poder360.com.br/uploads/2026/08/Sergipe-SE-07327_2026_Ago26.pdf
F,SE-07327/2026,RealTime BigData,Senador,Sergipe,1,Cenário 1,Branco/nulo,,"3,00",2,03/08/2026,https://static.poder360.com.br/uploads/2026/08/Sergipe-SE-07327_2026_Ago26.pdf
F,SE-07327/2026,RealTime BigData,Senador,Sergipe,1,Cenário 1,Não sabe/não recebeu,,"3,00",2,03/08/2026,https://static.poder360.com.br/uploads/2026/08/Sergipe-SE-07327_2026_Ago26.pdf
F,BR-07696/2026,RealTime BigData,Presidente,Sergipe,1,Cenário 1,Lula,PT,"60,00",2,03/08/2026,https://static.poder360.com.br/uploads/2026/08/Sergipe-BR-07696_2026_Ago26-1.pdf
F,BR-07696/2026,RealTime BigData,Presidente,Sergipe,1,Cenário 1,Flávio Bolsonaro,PL,"23,00",2,03/08/2026,https://static.poder360.com.br/uploads/2026/08/Sergipe-BR-07696_2026_Ago26-1.pdf
F,BR-07696/2026,RealTime BigData,Presidente,Sergipe,1,Cenário 1,Renan Santos,Missão,5,2,03/08/2026,https://static.poder360.com.br/uploads/2026/08/Sergipe-BR-07696_2026_Ago26-1.pdf
F,BR-07696/2026,RealTime BigData,Presidente,Sergipe,1,Cenário 1,Ronaldo Caiado,PSD,"3,00",2,03/08/2026,https://static.poder360.com.br/uploads/2026/08/Sergipe-BR-07696_2026_Ago26-1.pdf
F,BR-07696/2026,RealTime BigData,Presidente,Sergipe,1,Cenário 1,Romeu Zema,Novo,"1,00",2,03/08/2026,https://static.poder360.com.br/uploads/2026/08/Sergipe-BR-07696_2026_Ago26-1.pdf
F,BR-07696/2026,RealTime BigData,Presidente,Sergipe,1,Cenário 1,Augusto Cury,Avante,"1,00",2,03/08/2026,https://static.poder360.com.br/uploads/2026/08/Sergipe-BR-07696_2026_Ago26-1.pdf
F,BR-07696/2026,RealTime BigData,Presidente,Sergipe,1,Cenário 1,Outros,,"1,00",2,03/08/2026,https://static.poder360.com.br/uploads/2026/08/Sergipe-BR-07696_2026_Ago26-1.pdf
F,BR-07696/2026,RealTime BigData,Presidente,Sergipe,1,Cenário 1,Branco/nulo,,"3,00",2,03/08/2026,https://static.poder360.com.br/uploads/2026/08/Sergipe-BR-07696_2026_Ago26-1.pdf
F,BR-07696/2026,RealTime BigData,Presidente,Sergipe,1,Cenário 1,Não sabe/não respondeu,,"3,00",2,03/08/2026,https://static.poder360.com.br/uploads/2026/08/Sergipe-BR-07696_2026_Ago26-1.pdf
F,BR-07696/2026,RealTime BigData,Presidente,Sergipe,2,Cenário 1,Lula,PT,"63,00",2,03/08/2026,https://static.poder360.com.br/uploads/2026/08/Sergipe-BR-07696_2026_Ago26-1.pdf
F,BR-07696/2026,RealTime BigData,Presidente,Sergipe,2,Cenário 1,Flávio Bolsonaro,PL,"27,00",2,03/08/2026,https://static.poder360.com.br/uploads/2026/08/Sergipe-BR-07696_2026_Ago26-1.pdf
F,BR-07696/2026,RealTime BigData,Presidente,Sergipe,2,Cenário 1,Branco/nulo,,"6,00",2,03/08/2026,https://static.poder360.com.br/uploads/2026/08/Sergipe-BR-07696_2026_Ago26-1.pdf
F,BR-07696/2026,RealTime BigData,Presidente,Sergipe,2,Cenário 1,Não sabe/não respondeu,,"4,00",2,03/08/2026,https://static.poder360.com.br/uploads/2026/08/Sergipe-BR-07696_2026_Ago26-1.pdf
F,BA-03043/2026,Paraná Pesquisas,Governador,Bahia,1,Cenário 1,ACM Neto,União Brasil,"48,90","2,7",03/08/2026,https://static.poder360.com.br/uploads/2026/08/parana-pesquisas-bahia-3ago2026.pdf
F,BA-03043/2026,Paraná Pesquisas,Governador,Bahia,1,Cenário 1,Jerônimo Rodrigues,PT,"38,70","2,7",03/08/2026,https://static.poder360.com.br/uploads/2026/08/parana-pesquisas-bahia-3ago2026.pdf
F,BA-03043/2026,Paraná Pesquisas,Governador,Bahia,1,Cenário 1,Ronaldo Mansur,PSOL,"0,7","2,7",03/08/2026,https://static.poder360.com.br/uploads/2026/08/parana-pesquisas-bahia-3ago2026.pdf
F,BA-03043/2026,Paraná Pesquisas,Governador,Bahia,1,Cenário 1,Aroldo Félix,UP,"0,10","2,7",03/08/2026,https://static.poder360.com.br/uploads/2026/08/parana-pesquisas-bahia-3ago2026.pdf
F,BA-03043/2026,Paraná Pesquisas,Governador,Bahia,1,Cenário 1,José Estevão,DC,"0,10","2,7",03/08/2026,https://static.poder360.com.br/uploads/2026/08/parana-pesquisas-bahia-3ago2026.pdf
F,BA-03043/2026,Paraná Pesquisas,Governador,Bahia,1,Cenário 1,Branco/nulo,,"7,00","2,7",03/08/2026,https://static.poder360.com.br/uploads/2026/08/parana-pesquisas-bahia-3ago2026.pdf
F,BA-03043/2026,Paraná Pesquisas,Governador,Bahia,1,Cenário 1,Não sabe,,"4,40","2,7",03/08/2026,https://static.poder360.com.br/uploads/2026/08/parana-pesquisas-bahia-3ago2026.pdf
F,BA-03043/2026,Paraná Pesquisas,Governador,Bahia,2,Cenário 1,ACM Neto,União Brasil,"50,90","2,7",03/08/2026,https://static.poder360.com.br/uploads/2026/08/parana-pesquisas-bahia-3ago2026.pdf
F,BA-03043/2026,Paraná Pesquisas,Governador,Bahia,2,Cenário 1,Jerônimo Rodrigues,PT,"40,00","2,7",03/08/2026,https://static.poder360.com.br/uploads/2026/08/parana-pesquisas-bahia-3ago2026.pdf
F,BA-03043/2026,Paraná Pesquisas,Governador,Bahia,2,Cenário 1,Branco/nulo,,"6,10","2,7",03/08/2026,https://static.poder360.com.br/uploads/2026/08/parana-pesquisas-bahia-3ago2026.pdf
F,BA-03043/2026,Paraná Pesquisas,Governador,Bahia,2,Cenário 1,Não sabe,,"2,90","2,7",03/08/2026,https://static.poder360.com.br/uploads/2026/08/parana-pesquisas-bahia-3ago2026.pdf
F,BA-03043/2026,Paraná Pesquisas,Senador,Bahia,1,Cenário 1,Rui Costa,PT,"44,60","2,7",03/08/2026,https://static.poder360.com.br/uploads/2026/08/parana-pesquisas-bahia-3ago2026.pdf
F,BA-03043/2026,Paraná Pesquisas,Senador,Bahia,1,Cenário 1,Jaques Wagner,PT,"35,10","2,7",03/08/2026,https://static.poder360.com.br/uploads/2026/08/parana-pesquisas-bahia-3ago2026.pdf
F,BA-03043/2026,Paraná Pesquisas,Senador,Bahia,1,Cenário 1,João Roma,PL,"24,1","2,7",03/08/2026,https://static.poder360.com.br/uploads/2026/08/parana-pesquisas-bahia-3ago2026.pdf
F,BA-03043/2026,Paraná Pesquisas,Senador,Bahia,1,Cenário 1,Angelo Coronel,Republicanos,"21,90","2,7",03/08/2026,https://static.poder360.com.br/uploads/2026/08/parana-pesquisas-bahia-3ago2026.pdf
F,BA-03043/2026,Paraná Pesquisas,Senador,Bahia,1,Cenário 1,Professora Delliana,PSOL,"6,40","2,7",03/08/2026,https://static.poder360.com.br/uploads/2026/08/parana-pesquisas-bahia-3ago2026.pdf
F,BA-03043/2026,Paraná Pesquisas,Senador,Bahia,1,Cenário 1,Marcelo Santtana,DC,"2,10","2,7",03/08/2026,https://static.poder360.com.br/uploads/2026/08/parana-pesquisas-bahia-3ago2026.pdf
F,BA-03043/2026,Paraná Pesquisas,Senador,Bahia,1,Cenário 1,Marcelo Carvalho,Rede,"1,80","2,7",03/08/2026,https://static.poder360.com.br/uploads/2026/08/parana-pesquisas-bahia-3ago2026.pdf
F,BA-03043/2026,Paraná Pesquisas,Senador,Bahia,1,Cenário 1,Gregorio Gould,UP,"1,60","2,7",03/08/2026,https://static.poder360.com.br/uploads/2026/08/parana-pesquisas-bahia-3ago2026.pdf
F,BA-03043/2026,Paraná Pesquisas,Senador,Bahia,1,Cenário 1,Branco/nulo,,"13,40","2,7",03/08/2026,https://static.poder360.com.br/uploads/2026/08/parana-pesquisas-bahia-3ago2026.pdf
F,BA-03043/2026,Paraná Pesquisas,Senador,Bahia,1,Cenário 1,Não sabe,,"6,90","2,7",03/08/2026,https://static.poder360.com.br/uploads/2026/08/parana-pesquisas-bahia-3ago2026.pdf
F,BR-01327/2026,Futura,Presidente,Bahia,1,Cenário 1,Lula,PT,"50,60","3,1",03/08/2026,https://www.poder360.com.br/poder-eleicoes-2026/lula-tem-568-e-flavio-332-no-2o-turno-na-bahia-diz-pesquisa/
F,BR-01327/2026,Futura,Presidente,Bahia,1,Cenário 1,Flávio Bolsonaro,PL,"27,10","3,1",03/08/2026,https://www.poder360.com.br/poder-eleicoes-2026/lula-tem-568-e-flavio-332-no-2o-turno-na-bahia-diz-pesquisa/
F,BR-01327/2026,Futura,Presidente,Bahia,1,Cenário 1,Ronaldo Caiado,PSD,"7,1","3,1",03/08/2026,https://www.poder360.com.br/poder-eleicoes-2026/lula-tem-568-e-flavio-332-no-2o-turno-na-bahia-diz-pesquisa/
F,BR-01327/2026,Futura,Presidente,Bahia,1,Cenário 1,Renan Santos,Missão,"2,80","3,1",03/08/2026,https://www.poder360.com.br/poder-eleicoes-2026/lula-tem-568-e-flavio-332-no-2o-turno-na-bahia-diz-pesquisa/
F,BR-01327/2026,Futura,Presidente,Bahia,1,Cenário 1,Augusto Cury,Avante,"1,20","3,1",03/08/2026,https://www.poder360.com.br/poder-eleicoes-2026/lula-tem-568-e-flavio-332-no-2o-turno-na-bahia-diz-pesquisa/
F,BR-01327/2026,Futura,Presidente,Bahia,1,Cenário 1,Romeu Zema,Novo,"1,10","3,1",03/08/2026,https://www.poder360.com.br/poder-eleicoes-2026/lula-tem-568-e-flavio-332-no-2o-turno-na-bahia-diz-pesquisa/
F,BR-01327/2026,Futura,Presidente,Bahia,1,Cenário 1,Cabo Daciolo,Mobiliza,"1,00","3,1",03/08/2026,https://www.poder360.com.br/poder-eleicoes-2026/lula-tem-568-e-flavio-332-no-2o-turno-na-bahia-diz-pesquisa/
F,BR-01327/2026,Futura,Presidente,Bahia,1,Cenário 1,Branco/nulo,,"5,40","3,1",03/08/2026,https://www.poder360.com.br/poder-eleicoes-2026/lula-tem-568-e-flavio-332-no-2o-turno-na-bahia-diz-pesquisa/
F,BR-01327/2026,Futura,Presidente,Bahia,1,Cenário 1,Não sabe,,"3,80","3,1",03/08/2026,https://www.poder360.com.br/poder-eleicoes-2026/lula-tem-568-e-flavio-332-no-2o-turno-na-bahia-diz-pesquisa/
F,BR-01327/2026,Futura,Presidente,Bahia,2,Cenário 1,Lula,PT,"56,80","3,1",03/08/2026,https://www.poder360.com.br/poder-eleicoes-2026/lula-tem-568-e-flavio-332-no-2o-turno-na-bahia-diz-pesquisa/
F,BR-01327/2026,Futura,Presidente,Bahia,2,Cenário 1,Flávio Bolsonaro,PL,"33,20","3,1",03/08/2026,https://www.poder360.com.br/poder-eleicoes-2026/lula-tem-568-e-flavio-332-no-2o-turno-na-bahia-diz-pesquisa/
F,BR-01327/2026,Futura,Presidente,Bahia,2,Cenário 1,Branco/nulo,,"8,6","3,1",03/08/2026,https://www.poder360.com.br/poder-eleicoes-2026/lula-tem-568-e-flavio-332-no-2o-turno-na-bahia-diz-pesquisa/
F,BR-01327/2026,Futura,Presidente,Bahia,2,Cenário 1,Não sabe,,"1,50","3,1",03/08/2026,https://www.poder360.com.br/poder-eleicoes-2026/lula-tem-568-e-flavio-332-no-2o-turno-na-bahia-diz-pesquisa/
F,BA-07924/2026,Futura,Governador,Bahia,1,Cenário 1,ACM Neto,União Brasil,"53,00","3,1",03/08/2026,https://www.poder360.com.br/poder-eleicoes-2026/acm-neto-lidera-disputa-pelo-governo-da-ba-diz-pesquisa/
F,BA-07924/2026,Futura,Governador,Bahia,1,Cenário 1,Jerônimo Rodrigues,PT,"39,80","3,1",03/08/2026,https://www.poder360.com.br/poder-eleicoes-2026/acm-neto-lidera-disputa-pelo-governo-da-ba-diz-pesquisa/
F,BA-07924/2026,Futura,Governador,Bahia,1,Cenário 1,Ronaldo Mansur,PSOL,"1,2","3,1",03/08/2026,https://www.poder360.com.br/poder-eleicoes-2026/acm-neto-lidera-disputa-pelo-governo-da-ba-diz-pesquisa/
F,BA-07924/2026,Futura,Governador,Bahia,1,Cenário 1,Branco/nulo,,"3,90","3,1",03/08/2026,https://www.poder360.com.br/poder-eleicoes-2026/acm-neto-lidera-disputa-pelo-governo-da-ba-diz-pesquisa/
F,BA-07924/2026,Futura,Governador,Bahia,1,Cenário 1,Não sabe,,"2,10","3,1",03/08/2026,https://www.poder360.com.br/poder-eleicoes-2026/acm-neto-lidera-disputa-pelo-governo-da-ba-diz-pesquisa/
F,BA-07924/2026,Futura,Governador,Bahia,2,Cenário 1,ACM Neto,União Brasil,"54,10","3,1",03/08/2026,https://www.poder360.com.br/poder-eleicoes-2026/acm-neto-lidera-disputa-pelo-governo-da-ba-diz-pesquisa/
F,BA-07924/2026,Futura,Governador,Bahia,2,Cenário 1,Jerônimo Rodrigues,PT,"41,40","3,1",03/08/2026,https://www.poder360.com.br/poder-eleicoes-2026/acm-neto-lidera-disputa-pelo-governo-da-ba-diz-pesquisa/
F,BA-07924/2026,Futura,Governador,Bahia,2,Cenário 1,Branco/nulo,,"3,4","3,1",03/08/2026,https://www.poder360.com.br/poder-eleicoes-2026/acm-neto-lidera-disputa-pelo-governo-da-ba-diz-pesquisa/
F,BA-07924/2026,Futura,Governador,Bahia,2,Cenário 1,Não sabe,,"1,10","3,1",03/08/2026,https://www.poder360.com.br/poder-eleicoes-2026/acm-neto-lidera-disputa-pelo-governo-da-ba-diz-pesquisa/
F,BA-07924/2026,Futura,Senador,Bahia,1,Cenário 1,Rui Costa,PT,"47,50","3,1",03/08/2026,https://www.poder360.com.br/poder-eleicoes-2026/rui-costa-e-jaques-wagner-lideram-corrida-ao-senado-na-bahia-4/
F,BA-07924/2026,Futura,Senador,Bahia,1,Cenário 1,Jaques Wagner,PT,"36,00","3,1",03/08/2026,https://www.poder360.com.br/poder-eleicoes-2026/rui-costa-e-jaques-wagner-lideram-corrida-ao-senado-na-bahia-4/
F,BA-07924/2026,Futura,Senador,Bahia,1,Cenário 1,João Roma,PL,"26,7","3,1",03/08/2026,https://www.poder360.com.br/poder-eleicoes-2026/rui-costa-e-jaques-wagner-lideram-corrida-ao-senado-na-bahia-4/
F,BA-07924/2026,Futura,Senador,Bahia,1,Cenário 1,Ângelo Coronel,Republicanos,"24,00","3,1",03/08/2026,https://www.poder360.com.br/poder-eleicoes-2026/rui-costa-e-jaques-wagner-lideram-corrida-ao-senado-na-bahia-4/
F,BA-07924/2026,Futura,Senador,Bahia,1,Cenário 1,Professora Delliana,PSOL,"5,60","3,1",03/08/2026,https://www.poder360.com.br/poder-eleicoes-2026/rui-costa-e-jaques-wagner-lideram-corrida-ao-senado-na-bahia-4/
F,BA-07924/2026,Futura,Senador,Bahia,1,Cenário 1,Marcelo Santtana,Democrata,"2,50","3,1",03/08/2026,https://www.poder360.com.br/poder-eleicoes-2026/rui-costa-e-jaques-wagner-lideram-corrida-ao-senado-na-bahia-4/
F,BA-07924/2026,Futura,Senador,Bahia,1,Cenário 1,Gregório Gould,UP,"1,50","3,1",03/08/2026,https://www.poder360.com.br/poder-eleicoes-2026/rui-costa-e-jaques-wagner-lideram-corrida-ao-senado-na-bahia-4/
F,BA-07924/2026,Futura,Senador,Bahia,1,Cenário 1,Branco/nulo,,"31,10","3,1",03/08/2026,https://www.poder360.com.br/poder-eleicoes-2026/rui-costa-e-jaques-wagner-lideram-corrida-ao-senado-na-bahia-4/
F,BA-07924/2026,Futura,Senador,Bahia,1,Cenário 1,Não sabe,,"24,90","3,1",03/08/2026,https://www.poder360.com.br/poder-eleicoes-2026/rui-costa-e-jaques-wagner-lideram-corrida-ao-senado-na-bahia-4/
F,RJ-02770/2026,Prefab Future,Governador,Rio de Janeiro,1,Cenário 1,Eduardo Paes,PSD,"34,50","2,19",03/08/2026,https://static.poder360.com.br/uploads/2026/08/PrefabEstadualImprensa2026.pdf
F,RJ-02770/2026,Prefab Future,Governador,Rio de Janeiro,1,Cenário 1,Douglas Ruas,PL,"10,90","2,19",03/08/2026,https://static.poder360.com.br/uploads/2026/08/PrefabEstadualImprensa2026.pdf
F,RJ-02770/2026,Prefab Future,Governador,Rio de Janeiro,1,Cenário 1,Anthony Garotinho,Republicanos,"10,8","2,19",03/08/2026,https://static.poder360.com.br/uploads/2026/08/PrefabEstadualImprensa2026.pdf
F,RJ-02770/2026,Prefab Future,Governador,Rio de Janeiro,1,Cenário 1,Wilson Witzel,Democrata,"3,60","2,19",03/08/2026,https://static.poder360.com.br/uploads/2026/08/PrefabEstadualImprensa2026.pdf
F,RJ-02770/2026,Prefab Future,Governador,Rio de Janeiro,1,Cenário 1,Coronel Busnello,Missão,"2,80","2,19",03/08/2026,https://static.poder360.com.br/uploads/2026/08/PrefabEstadualImprensa2026.pdf
F,RJ-02770/2026,Prefab Future,Governador,Rio de Janeiro,1,Cenário 1,William Siri,PSOL,"1,80","2,19",03/08/2026,https://static.poder360.com.br/uploads/2026/08/PrefabEstadualImprensa2026.pdf
F,RJ-02770/2026,Prefab Future,Governador,Rio de Janeiro,1,Cenário 1,André do Marinho,Novo,"1,80","2,19",03/08/2026,https://static.poder360.com.br/uploads/2026/08/PrefabEstadualImprensa2026.pdf
F,RJ-02770/2026,Prefab Future,Governador,Rio de Janeiro,1,Cenário 1,Cyro Garcia,PSTU,"1,00","2,19",03/08/2026,https://static.poder360.com.br/uploads/2026/08/PrefabEstadualImprensa2026.pdf
F,RJ-02770/2026,Prefab Future,Governador,Rio de Janeiro,1,Cenário 1,Juliete Pantoja,UP,"0,80","2,19",03/08/2026,https://static.poder360.com.br/uploads/2026/08/PrefabEstadualImprensa2026.pdf
F,RJ-02770/2026,Prefab Future,Governador,Rio de Janeiro,1,Cenário 1,Luan Monteiro,PCO,"0,50","2,19",03/08/2026,https://static.poder360.com.br/uploads/2026/08/PrefabEstadualImprensa2026.pdf
F,RJ-02770/2026,Prefab Future,Governador,Rio de Janeiro,1,Cenário 1,Branco/nulo,,"12,10","2,19",03/08/2026,https://static.poder360.com.br/uploads/2026/08/PrefabEstadualImprensa2026.pdf
F,RJ-02770/2026,Prefab Future,Governador,Rio de Janeiro,1,Cenário 1,Não sabe,,"19,40","2,19",03/08/2026,https://static.poder360.com.br/uploads/2026/08/PrefabEstadualImprensa2026.pdf
F,RJ-02770/2026,Prefab Future,Senador,Rio de Janeiro,1,Cenário 1,Benedita da Silva,PT,"16,10","2,19",03/08/2026,https://static.poder360.com.br/uploads/2026/08/PrefabEstadualImprensa2026.pdf
F,RJ-02770/2026,Prefab Future,Senador,Rio de Janeiro,1,Cenário 1,Marcelo Crivella,Republicanos,"10,60","2,19",03/08/2026,https://static.poder360.com.br/uploads/2026/08/PrefabEstadualImprensa2026.pdf
F,RJ-02770/2026,Prefab Future,Senador,Rio de Janeiro,1,Cenário 1,Márcio Canella,União Brasil,"9,4","2,19",03/08/2026,https://static.poder360.com.br/uploads/2026/08/PrefabEstadualImprensa2026.pdf
F,RJ-02770/2026,Prefab Future,Senador,Rio de Janeiro,1,Cenário 1,Waguinho,Republicanos,"7,30","2,19",03/08/2026,https://static.poder360.com.br/uploads/2026/08/PrefabEstadualImprensa2026.pdf
F,RJ-02770/2026,Prefab Future,Senador,Rio de Janeiro,1,Cenário 1,Pedro Paulo,PSD,"6,90","2,19",03/08/2026,https://static.poder360.com.br/uploads/2026/08/PrefabEstadualImprensa2026.pdf
F,RJ-02770/2026,Prefab Future,Senador,Rio de Janeiro,1,Cenário 1,Miro Teixeira,PDT,"4,50","2,19",03/08/2026,https://static.poder360.com.br/uploads/2026/08/PrefabEstadualImprensa2026.pdf
F,RJ-02770/2026,Prefab Future,Senador,Rio de Janeiro,1,Cenário 1,Mônica Benício,PSOL,"3,80","2,19",03/08/2026,https://static.poder360.com.br/uploads/2026/08/PrefabEstadualImprensa2026.pdf
F,RJ-02770/2026,Prefab Future,Senador,Rio de Janeiro,1,Cenário 1,Mauro Campos,Novo,"3,10","2,19",03/08/2026,https://static.poder360.com.br/uploads/2026/08/PrefabEstadualImprensa2026.pdf
F,RJ-02770/2026,Prefab Future,Senador,Rio de Janeiro,1,Cenário 1,Carlos Portinho,PL,"3,00","2,19",03/08/2026,https://static.poder360.com.br/uploads/2026/08/PrefabEstadualImprensa2026.pdf
F,RJ-02770/2026,Prefab Future,Senador,Rio de Janeiro,1,Cenário 1,Marcos Dias,Podemos,"2,40","2,19",03/08/2026,https://static.poder360.com.br/uploads/2026/08/PrefabEstadualImprensa2026.pdf
F,RJ-02770/2026,Prefab Future,Senador,Rio de Janeiro,1,Cenário 1,Luciana Boiteux,PSOL,"2,30","2,19",03/08/2026,https://static.poder360.com.br/uploads/2026/08/PrefabEstadualImprensa2026.pdf
F,RJ-02770/2026,Prefab Future,Senador,Rio de Janeiro,1,Cenário 1,Léo Rodrigues,Novo,"2,10","2,19",03/08/2026,https://static.poder360.com.br/uploads/2026/08/PrefabEstadualImprensa2026.pdf
F,RJ-02770/2026,Prefab Future,Senador,Rio de Janeiro,1,Cenário 1,Hélio Secco,Missão,"1,10","2,19",03/08/2026,https://static.poder360.com.br/uploads/2026/08/PrefabEstadualImprensa2026.pdf
F,RJ-02770/2026,Prefab Future,Presidente,Rio de Janeiro,1,Cenário 1,Flávio Bolsonaro,PL,"31,40","2,19",03/08/2026,https://static.poder360.com.br/uploads/2026/08/PrefabEstadualImprensa2026.pdf
F,RJ-02770/2026,Prefab Future,Presidente,Rio de Janeiro,1,Cenário 1,Lula,PT,"31,00","2,19",03/08/2026,https://static.poder360.com.br/uploads/2026/08/PrefabEstadualImprensa2026.pdf
F,RJ-02770/2026,Prefab Future,Presidente,Rio de Janeiro,1,Cenário 1,Ronaldo Caiado,PSD,"2,1","2,19",03/08/2026,https://static.poder360.com.br/uploads/2026/08/PrefabEstadualImprensa2026.pdf
F,RJ-02770/2026,Prefab Future,Presidente,Rio de Janeiro,1,Cenário 1,Renan Santos,Missão,"2,10","2,19",03/08/2026,https://static.poder360.com.br/uploads/2026/08/PrefabEstadualImprensa2026.pdf
F,RJ-02770/2026,Prefab Future,Presidente,Rio de Janeiro,1,Cenário 1,Cabo Daciolo,Mobiliza,"2,00","2,19",03/08/2026,https://static.poder360.com.br/uploads/2026/08/PrefabEstadualImprensa2026.pdf
F,RJ-02770/2026,Prefab Future,Presidente,Rio de Janeiro,1,Cenário 1,Romeu Zema,Novo,"1,50","2,19",03/08/2026,https://static.poder360.com.br/uploads/2026/08/PrefabEstadualImprensa2026.pdf
F,RJ-02770/2026,Prefab Future,Presidente,Rio de Janeiro,1,Cenário 1,Augusto Cury,Avante,"1,40","2,19",03/08/2026,https://static.poder360.com.br/uploads/2026/08/PrefabEstadualImprensa2026.pdf
F,RJ-02770/2026,Prefab Future,Presidente,Rio de Janeiro,1,Cenário 1,Samara Martins,UP,"1,40","2,19",03/08/2026,https://static.poder360.com.br/uploads/2026/08/PrefabEstadualImprensa2026.pdf
F,RJ-02770/2026,Prefab Future,Presidente,Rio de Janeiro,1,Cenário 1,Edmilson Costa,PCB,"0,20","2,19",03/08/2026,https://static.poder360.com.br/uploads/2026/08/PrefabEstadualImprensa2026.pdf
F,RJ-02770/2026,Prefab Future,Presidente,Rio de Janeiro,1,Cenário 1,Hertz Dias,PSTU,"0,20","2,19",03/08/2026,https://static.poder360.com.br/uploads/2026/08/PrefabEstadualImprensa2026.pdf
F,RJ-02770/2026,Prefab Future,Presidente,Rio de Janeiro,1,Cenário 1,Branco/nulo,,"12,60","2,19",03/08/2026,https://static.poder360.com.br/uploads/2026/08/PrefabEstadualImprensa2026.pdf
F,RJ-02770/2026,Prefab Future,Presidente,Rio de Janeiro,1,Cenário 1,Não sabe,,"14,10","2,19",03/08/2026,https://static.poder360.com.br/uploads/2026/08/PrefabEstadualImprensa2026.pdf
F,BR-05425/2026,Futura,Presidente,Rio de Janeiro,1,Cenário 1,Lula,PT,"39,30","3,1",03/08/2026,https://www.poder360.com.br/poder-eleicoes-2026/lula-e-flavio-empatam-em-2o-turno-no-rj-diz-pesquisa/
F,BR-05425/2026,Futura,Presidente,Rio de Janeiro,1,Cenário 1,Flávio Bolsonaro,PL,"36,30","3,1",03/08/2026,https://www.poder360.com.br/poder-eleicoes-2026/lula-e-flavio-empatam-em-2o-turno-no-rj-diz-pesquisa/
F,BR-05425/2026,Futura,Presidente,Rio de Janeiro,1,Cenário 1,Ronaldo Caiado,PSD,"3,5","3,1",03/08/2026,https://www.poder360.com.br/poder-eleicoes-2026/lula-e-flavio-empatam-em-2o-turno-no-rj-diz-pesquisa/
F,BR-05425/2026,Futura,Presidente,Rio de Janeiro,1,Cenário 1,Renan Santos,Missão,"3,30","3,1",03/08/2026,https://www.poder360.com.br/poder-eleicoes-2026/lula-e-flavio-empatam-em-2o-turno-no-rj-diz-pesquisa/
F,BR-05425/2026,Futura,Presidente,Rio de Janeiro,1,Cenário 1,Romeu Zema,Novo,"3,20","3,1",03/08/2026,https://www.poder360.com.br/poder-eleicoes-2026/lula-e-flavio-empatam-em-2o-turno-no-rj-diz-pesquisa/
F,BR-05425/2026,Futura,Presidente,Rio de Janeiro,1,Cenário 1,Augusto Cury,Avante,"1,40","3,1",03/08/2026,https://www.poder360.com.br/poder-eleicoes-2026/lula-e-flavio-empatam-em-2o-turno-no-rj-diz-pesquisa/
F,BR-05425/2026,Futura,Presidente,Rio de Janeiro,1,Cenário 1,Cabo Daciolo,Mobiliza,"1,40","3,1",03/08/2026,https://www.poder360.com.br/poder-eleicoes-2026/lula-e-flavio-empatam-em-2o-turno-no-rj-diz-pesquisa/
F,BR-05425/2026,Futura,Presidente,Rio de Janeiro,1,Cenário 1,Branco/nulo,,"7,40","3,1",03/08/2026,https://www.poder360.com.br/poder-eleicoes-2026/lula-e-flavio-empatam-em-2o-turno-no-rj-diz-pesquisa/
F,BR-05425/2026,Futura,Presidente,Rio de Janeiro,1,Cenário 1,Não sabe,,"4,10","3,1",03/08/2026,https://www.poder360.com.br/poder-eleicoes-2026/lula-e-flavio-empatam-em-2o-turno-no-rj-diz-pesquisa/
F,BR-05425/2026,Futura,Presidente,Rio de Janeiro,2,Cenário 1,Lula,PT,"44,90","3,1",03/08/2026,https://www.poder360.com.br/poder-eleicoes-2026/lula-e-flavio-empatam-em-2o-turno-no-rj-diz-pesquisa/
F,BR-05425/2026,Futura,Presidente,Rio de Janeiro,2,Cenário 1,Flávio Bolsonaro,PL,"44,10","3,1",03/08/2026,https://www.poder360.com.br/poder-eleicoes-2026/lula-e-flavio-empatam-em-2o-turno-no-rj-diz-pesquisa/
F,BR-05425/2026,Futura,Presidente,Rio de Janeiro,2,Cenário 1,Branco/nulo,,"8,80","3,1",03/08/2026,https://www.poder360.com.br/poder-eleicoes-2026/lula-e-flavio-empatam-em-2o-turno-no-rj-diz-pesquisa/
F,BR-05425/2026,Futura,Presidente,Rio de Janeiro,2,Cenário 1,Não sabe,,"2,20","3,1",03/08/2026,https://www.poder360.com.br/poder-eleicoes-2026/lula-e-flavio-empatam-em-2o-turno-no-rj-diz-pesquisa/
F,BR-05425/2026,Futura,Presidente,Rio de Janeiro,2,Cenário 2,Lula,PT,"46,20","3,1",03/08/2026,https://www.poder360.com.br/poder-eleicoes-2026/lula-e-flavio-empatam-em-2o-turno-no-rj-diz-pesquisa/
F,BR-05425/2026,Futura,Presidente,Rio de Janeiro,2,Cenário 2,Romeu Zema,Novo,"37,40","3,1",03/08/2026,https://www.poder360.com.br/poder-eleicoes-2026/lula-e-flavio-empatam-em-2o-turno-no-rj-diz-pesquisa/
F,BR-05425/2026,Futura,Presidente,Rio de Janeiro,2,Cenário 2,Branco/nulo,,"14,20","3,1",03/08/2026,https://www.poder360.com.br/poder-eleicoes-2026/lula-e-flavio-empatam-em-2o-turno-no-rj-diz-pesquisa/
F,BR-05425/2026,Futura,Presidente,Rio de Janeiro,2,Cenário 2,Não sabe,,"2,20","3,1",03/08/2026,https://www.poder360.com.br/poder-eleicoes-2026/lula-e-flavio-empatam-em-2o-turno-no-rj-diz-pesquisa/
F,PA-08492/2026,RealTime BigData,Governador,Pará,1,Cenário 1,Hana Ghassan,MDB,"31,00",2,04/08/2026,https://static.poder360.com.br/uploads/2026/08/realtime-estadual-para-4ago26.pdf
F,PA-08492/2026,RealTime BigData,Governador,Pará,1,Cenário 1,Dr. Daniel Santos,Podemos,"29,00",2,04/08/2026,https://static.poder360.com.br/uploads/2026/08/realtime-estadual-para-4ago26.pdf
F,PA-08492/2026,RealTime BigData,Governador,Pará,1,Cenário 1,Mário Couto,DC,"12,00",2,04/08/2026,https://static.poder360.com.br/uploads/2026/08/realtime-estadual-para-4ago26.pdf
F,PA-08492/2026,RealTime BigData,Governador,Pará,1,Cenário 1,Araceli Lemos,PSOL,"4,00",2,04/08/2026,https://static.poder360.com.br/uploads/2026/08/realtime-estadual-para-4ago26.pdf
F,PA-08492/2026,RealTime BigData,Governador,Pará,1,Cenário 1,Cléber Rabelo,PSTU,"1,00",2,04/08/2026,https://static.poder360.com.br/uploads/2026/08/realtime-estadual-para-4ago26.pdf
F,PA-08492/2026,RealTime BigData,Governador,Pará,1,Cenário 1,Raquel Brício,UP,"0,00",2,04/08/2026,https://static.poder360.com.br/uploads/2026/08/realtime-estadual-para-4ago26.pdf
F,PA-08492/2026,RealTime BigData,Governador,Pará,1,Cenário 1,Branco/nulo,,"7,00",2,04/08/2026,https://static.poder360.com.br/uploads/2026/08/realtime-estadual-para-4ago26.pdf
F,PA-08492/2026,RealTime BigData,Governador,Pará,1,Cenário 1,Não sabe,,"16,00",2,04/08/2026,https://static.poder360.com.br/uploads/2026/08/realtime-estadual-para-4ago26.pdf
F,PA-08492/2026,RealTime BigData,Governador,Pará,2,Cenário 1,Dr. Daniel Santos,Podemos,"38,00",2,04/08/2026,https://static.poder360.com.br/uploads/2026/08/realtime-estadual-para-4ago26.pdf
F,PA-08492/2026,RealTime BigData,Governador,Pará,2,Cenário 1,Hana Ghassan,MDB,"36,00",2,04/08/2026,https://static.poder360.com.br/uploads/2026/08/realtime-estadual-para-4ago26.pdf
F,PA-08492/2026,RealTime BigData,Governador,Pará,2,Cenário 1,Branco/nulo,,12,2,04/08/2026,https://static.poder360.com.br/uploads/2026/08/realtime-estadual-para-4ago26.pdf
F,PA-08492/2026,RealTime BigData,Governador,Pará,2,Cenário 1,Não sabe,,14,2,04/08/2026,https://static.poder360.com.br/uploads/2026/08/realtime-estadual-para-4ago26.pdf
F,PA-08492/2026,RealTime BigData,Senador,Pará,1,Cenário 1,Hélder Barbalho,MDB,"40,00",2,04/08/2026,https://static.poder360.com.br/uploads/2026/08/realtime-estadual-para-4ago26.pdf
F,PA-08492/2026,RealTime BigData,Senador,Pará,1,Cenário 1,Delegado Éder Mauro,PL,"16,00",2,04/08/2026,https://static.poder360.com.br/uploads/2026/08/realtime-estadual-para-4ago26.pdf
F,PA-08492/2026,RealTime BigData,Senador,Pará,1,Cenário 1,Celso Sabino,PDT,"12,00",2,04/08/2026,https://static.poder360.com.br/uploads/2026/08/realtime-estadual-para-4ago26.pdf
F,PA-08492/2026,RealTime BigData,Senador,Pará,1,Cenário 1,Zequinha Marinho,Podemos,"11,00",2,04/08/2026,https://static.poder360.com.br/uploads/2026/08/realtime-estadual-para-4ago26.pdf
F,PA-08492/2026,RealTime BigData,Senador,Pará,1,Cenário 1,Chicão Melo,União Brasil,"10,00",2,04/08/2026,https://static.poder360.com.br/uploads/2026/08/realtime-estadual-para-4ago26.pdf
F,PA-08492/2026,RealTime BigData,Senador,Pará,1,Cenário 1,Breno Guimarães,Novo,"1,00",2,04/08/2026,https://static.poder360.com.br/uploads/2026/08/realtime-estadual-para-4ago26.pdf
F,PA-08492/2026,RealTime BigData,Senador,Pará,1,Cenário 1,Gizelle Freitas,PSOL,"1,00",2,04/08/2026,https://static.poder360.com.br/uploads/2026/08/realtime-estadual-para-4ago26.pdf
F,PA-08492/2026,RealTime BigData,Senador,Pará,1,Cenário 1,Lívia Noronha,SDD,"1,00",2,04/08/2026,https://static.poder360.com.br/uploads/2026/08/realtime-estadual-para-4ago26.pdf
F,PA-08492/2026,RealTime BigData,Senador,Pará,1,Cenário 1,Gal Leite,UP,"0,00",2,04/08/2026,https://static.poder360.com.br/uploads/2026/08/realtime-estadual-para-4ago26.pdf
F,PA-08492/2026,RealTime BigData,Senador,Pará,1,Cenário 1,Marcelino Conti,PSOL,"0,00",2,04/08/2026,https://static.poder360.com.br/uploads/2026/08/realtime-estadual-para-4ago26.pdf
F,PA-08492/2026,RealTime BigData,Senador,Pará,1,Cenário 1,Branco/nulo,,"3,00",2,04/08/2026,https://static.poder360.com.br/uploads/2026/08/realtime-estadual-para-4ago26.pdf
F,PA-08492/2026,RealTime BigData,Senador,Pará,1,Cenário 1,Não sabe,,5,2,04/08/2026,https://static.poder360.com.br/uploads/2026/08/realtime-estadual-para-4ago26.pdf
F,BR-09650/2026,RealTime BigData,Presidente,Pará,1,Cenário 1,Lula,PT,"43,00",2,04/08/2026,https://static.poder360.com.br/uploads/2026/08/realtime-presidencial-para-4ago26.pdf
F,BR-09650/2026,RealTime BigData,Presidente,Pará,1,Cenário 1,Flávio Bolsonaro,PL,"33,00",2,04/08/2026,https://static.poder360.com.br/uploads/2026/08/realtime-presidencial-para-4ago26.pdf
F,BR-09650/2026,RealTime BigData,Presidente,Pará,1,Cenário 1,Renan Santos,Missão,"2,00",2,04/08/2026,https://static.poder360.com.br/uploads/2026/08/realtime-presidencial-para-4ago26.pdf
F,BR-09650/2026,RealTime BigData,Presidente,Pará,1,Cenário 1,Ronaldo Caiado,PSD,"2,00",2,04/08/2026,https://static.poder360.com.br/uploads/2026/08/realtime-presidencial-para-4ago26.pdf
F,BR-09650/2026,RealTime BigData,Presidente,Pará,1,Cenário 1,Romeu Zema,Novo,"1,00",2,04/08/2026,https://static.poder360.com.br/uploads/2026/08/realtime-presidencial-para-4ago26.pdf
F,BR-09650/2026,RealTime BigData,Presidente,Pará,1,Cenário 1,Augusto Cury,Avante,"1,00",2,04/08/2026,https://static.poder360.com.br/uploads/2026/08/realtime-presidencial-para-4ago26.pdf
F,BR-09650/2026,RealTime BigData,Presidente,Pará,1,Cenário 1,Outros,,"1,00",2,04/08/2026,https://static.poder360.com.br/uploads/2026/08/realtime-presidencial-para-4ago26.pdf
F,BR-09650/2026,RealTime BigData,Presidente,Pará,1,Cenário 1,Branco/nulo,,"8,00",2,04/08/2026,https://static.poder360.com.br/uploads/2026/08/realtime-presidencial-para-4ago26.pdf
F,BR-09650/2026,RealTime BigData,Presidente,Pará,1,Cenário 1,Não sabe,,"9,00",2,04/08/2026,https://static.poder360.com.br/uploads/2026/08/realtime-presidencial-para-4ago26.pdf
F,BR-09650/2026,RealTime BigData,Presidente,Pará,2,Cenário 1,Lula,PT,"45,00",2,04/08/2026,https://static.poder360.com.br/uploads/2026/08/realtime-presidencial-para-4ago26.pdf
F,BR-09650/2026,RealTime BigData,Presidente,Pará,2,Cenário 1,Flávio Bolsonaro,PL,36,2,04/08/2026,https://static.poder360.com.br/uploads/2026/08/realtime-presidencial-para-4ago26.pdf
F,BR-09650/2026,RealTime BigData,Presidente,Pará,2,Cenário 1,Branco/nulo,,9,2,04/08/2026,https://static.poder360.com.br/uploads/2026/08/realtime-presidencial-para-4ago26.pdf
F,BR-09650/2026,RealTime BigData,Presidente,Pará,2,Cenário 1,Não sabe,,"10,00",2,04/08/2026,https://static.poder360.com.br/uploads/2026/08/realtime-presidencial-para-4ago26.pdf
F,TO-01056/2026,Voz e Pesquisa - VOPE,Governador,Tocantins,1,Cenário 1,Professora Dorinha,União Brasil,"36,00","2,8",04/08/2026,https://jornalprimeirapaginato.com/evolucao-dorinha-cresce-4-pontos-e-vai-a-36-vicentinho-cai-2-pontos-e-passa-a-ter-27-conforme-2a-rodada-do-vope-jornal-primeira-pagina/
F,TO-01056/2026,Voz e Pesquisa - VOPE,Governador,Tocantins,1,Cenário 1,Vicentinho Júnior,PSDB,"27,00","2,8",04/08/2026,https://jornalprimeirapaginato.com/evolucao-dorinha-cresce-4-pontos-e-vai-a-36-vicentinho-cai-2-pontos-e-passa-a-ter-27-conforme-2a-rodada-do-vope-jornal-primeira-pagina/
F,TO-01056/2026,Voz e Pesquisa - VOPE,Governador,Tocantins,1,Cenário 1,Laurez Moreira,PSD,"13,00","2,8",04/08/2026,https://jornalprimeirapaginato.com/evolucao-dorinha-cresce-4-pontos-e-vai-a-36-vicentinho-cai-2-pontos-e-passa-a-ter-27-conforme-2a-rodada-do-vope-jornal-primeira-pagina/
F,TO-01056/2026,Voz e Pesquisa - VOPE,Governador,Tocantins,1,Cenário 1,Ataídes Oliveira,Novo,"6,00","2,8",04/08/2026,https://jornalprimeirapaginato.com/evolucao-dorinha-cresce-4-pontos-e-vai-a-36-vicentinho-cai-2-pontos-e-passa-a-ter-27-conforme-2a-rodada-do-vope-jornal-primeira-pagina/
F,TO-01056/2026,Voz e Pesquisa - VOPE,Governador,Tocantins,1,Cenário 1,Witer Fonseca,PSOL,"2,00","2,8",04/08/2026,https://jornalprimeirapaginato.com/evolucao-dorinha-cresce-4-pontos-e-vai-a-36-vicentinho-cai-2-pontos-e-passa-a-ter-27-conforme-2a-rodada-do-vope-jornal-primeira-pagina/
F,TO-01056/2026,Voz e Pesquisa - VOPE,Governador,Tocantins,1,Cenário 1,Branco/nulo,,"6,00","2,8",04/08/2026,https://jornalprimeirapaginato.com/evolucao-dorinha-cresce-4-pontos-e-vai-a-36-vicentinho-cai-2-pontos-e-passa-a-ter-27-conforme-2a-rodada-do-vope-jornal-primeira-pagina/
F,TO-01056/2026,Voz e Pesquisa - VOPE,Governador,Tocantins,1,Cenário 1,Não sabe,,"10,00","2,8",04/08/2026,https://jornalprimeirapaginato.com/evolucao-dorinha-cresce-4-pontos-e-vai-a-36-vicentinho-cai-2-pontos-e-passa-a-ter-27-conforme-2a-rodada-do-vope-jornal-primeira-pagina/
F,TO-01056/2026,Voz e Pesquisa - VOPE,Senador,Tocantins,1,Cenário 1,Eduardo Gomes,PL,"38,00","2,8",04/08/2026,https://jornalprimeirapaginato.com/segunda-rodada-do-vope-traz-eduardo-gomes-liderando-no-1o-e-no-2o-voto-para-o-senado/
F,TO-01056/2026,Voz e Pesquisa - VOPE,Senador,Tocantins,1,Cenário 1,Alexandre Guimarães,MDB,"26,00","2,8",04/08/2026,https://jornalprimeirapaginato.com/segunda-rodada-do-vope-traz-eduardo-gomes-liderando-no-1o-e-no-2o-voto-para-o-senado/
F,TO-01056/2026,Voz e Pesquisa - VOPE,Senador,Tocantins,1,Cenário 1,Carlos Gaguim,União Brasil,"21,00","2,8",04/08/2026,https://jornalprimeirapaginato.com/segunda-rodada-do-vope-traz-eduardo-gomes-liderando-no-1o-e-no-2o-voto-para-o-senado/
F,TO-01056/2026,Voz e Pesquisa - VOPE,Senador,Tocantins,1,Cenário 1,Vanderlei Luxemburgo,Podemos,"20,00","2,8",04/08/2026,https://jornalprimeirapaginato.com/segunda-rodada-do-vope-traz-eduardo-gomes-liderando-no-1o-e-no-2o-voto-para-o-senado/
F,TO-01056/2026,Voz e Pesquisa - VOPE,Senador,Tocantins,1,Cenário 1,Eli Borges,Republicanos,"14,00","2,8",04/08/2026,https://jornalprimeirapaginato.com/segunda-rodada-do-vope-traz-eduardo-gomes-liderando-no-1o-e-no-2o-voto-para-o-senado/
F,TO-01056/2026,Voz e Pesquisa - VOPE,Senador,Tocantins,1,Cenário 1,Ronaldo Dimas,Podemos,"13,00","2,8",04/08/2026,https://jornalprimeirapaginato.com/segunda-rodada-do-vope-traz-eduardo-gomes-liderando-no-1o-e-no-2o-voto-para-o-senado/
F,TO-01056/2026,Voz e Pesquisa - VOPE,Senador,Tocantins,1,Cenário 1,Paulo Mourão,PT,"10,00","2,8",04/08/2026,https://jornalprimeirapaginato.com/segunda-rodada-do-vope-traz-eduardo-gomes-liderando-no-1o-e-no-2o-voto-para-o-senado/
F,TO-01056/2026,Voz e Pesquisa - VOPE,Senador,Tocantins,1,Cenário 1,Irajá Abreu,PSD,"10,00","2,8",04/08/2026,https://jornalprimeirapaginato.com/segunda-rodada-do-vope-traz-eduardo-gomes-liderando-no-1o-e-no-2o-voto-para-o-senado/
F,TO-01056/2026,Voz e Pesquisa - VOPE,Senador,Tocantins,1,Cenário 1,Pastor Carlos Velozo,Agir,"8,00","2,8",04/08/2026,https://jornalprimeirapaginato.com/segunda-rodada-do-vope-traz-eduardo-gomes-liderando-no-1o-e-no-2o-voto-para-o-senado/
F,TO-01056/2026,Voz e Pesquisa - VOPE,Senador,Tocantins,1,Cenário 1,Professor Oswaldo,PSOL,"5,00","2,8",04/08/2026,https://jornalprimeirapaginato.com/segunda-rodada-do-vope-traz-eduardo-gomes-liderando-no-1o-e-no-2o-voto-para-o-senado/
F,TO-01056/2026,Voz e Pesquisa - VOPE,Senador,Tocantins,1,Cenário 1,Fábio Ribeiro,Rede,"3,00","2,8",04/08/2026,https://jornalprimeirapaginato.com/segunda-rodada-do-vope-traz-eduardo-gomes-liderando-no-1o-e-no-2o-voto-para-o-senado/
F,TO-01056/2026,Voz e Pesquisa - VOPE,Senador,Tocantins,1,Cenário 1,Branco/nulo,,11,"2,8",04/08/2026,https://jornalprimeirapaginato.com/segunda-rodada-do-vope-traz-eduardo-gomes-liderando-no-1o-e-no-2o-voto-para-o-senado/
F,TO-01056/2026,Voz e Pesquisa - VOPE,Senador,Tocantins,1,Cenário 1,Não sabe,,21,"2,8",04/08/2026,https://jornalprimeirapaginato.com/segunda-rodada-do-vope-traz-eduardo-gomes-liderando-no-1o-e-no-2o-voto-para-o-senado/
F,AC-01069/2026,RealTime BigData,Governador,Acre,1,Cenário 1,Alan Rick,Republicanos,"38,00",2,27/07/2026,https://static.poder360.com.br/uploads/2026/07/real-time-big-data-acre-estadual-27jul.pdf
F,AC-01069/2026,RealTime BigData,Governador,Acre,1,Cenário 1,Mailza Assis,PP,"28,00",2,27/07/2026,https://static.poder360.com.br/uploads/2026/07/real-time-big-data-acre-estadual-27jul.pdf
F,AC-01069/2026,RealTime BigData,Governador,Acre,1,Cenário 1,Tião Bocalom,PSDB,"17,00",2,27/07/2026,https://static.poder360.com.br/uploads/2026/07/real-time-big-data-acre-estadual-27jul.pdf
F,AC-01069/2026,RealTime BigData,Governador,Acre,1,Cenário 1,Thor Dantas,PSB,"7,00",2,27/07/2026,https://static.poder360.com.br/uploads/2026/07/real-time-big-data-acre-estadual-27jul.pdf
F,AC-01069/2026,RealTime BigData,Governador,Acre,1,Cenário 1,Jamyr Rosas,PSOL,"1,00",2,27/07/2026,https://static.poder360.com.br/uploads/2026/07/real-time-big-data-acre-estadual-27jul.pdf
F,AC-01069/2026,RealTime BigData,Governador,Acre,1,Cenário 1,Branco/nulo,,"6,00",2,27/07/2026,https://static.poder360.com.br/uploads/2026/07/real-time-big-data-acre-estadual-27jul.pdf
F,AC-01069/2026,RealTime BigData,Governador,Acre,1,Cenário 1,Não sabe,,"3,00",2,27/07/2026,https://static.poder360.com.br/uploads/2026/07/real-time-big-data-acre-estadual-27jul.pdf
F,AC-01069/2026,RealTime BigData,Governador,Acre,2,Cenário 1,Alan Rick,Republicanos,"45,00",2,27/07/2026,https://static.poder360.com.br/uploads/2026/07/real-time-big-data-acre-estadual-27jul.pdf
F,AC-01069/2026,RealTime BigData,Governador,Acre,2,Cenário 1,Mailza Assis,PP,"36,00",2,27/07/2026,https://static.poder360.com.br/uploads/2026/07/real-time-big-data-acre-estadual-27jul.pdf
F,AC-01069/2026,RealTime BigData,Governador,Acre,2,Cenário 1,Branco/nulo,,"10,00",2,27/07/2026,https://static.poder360.com.br/uploads/2026/07/real-time-big-data-acre-estadual-27jul.pdf
F,AC-01069/2026,RealTime BigData,Governador,Acre,2,Cenário 1,Não sabe,,9,2,27/07/2026,https://static.poder360.com.br/uploads/2026/07/real-time-big-data-acre-estadual-27jul.pdf
F,AC-01069/2026,RealTime BigData,Governador,Acre,2,Cenário 2,Alan Rick,Republicanos,"54,00",2,27/07/2026,https://static.poder360.com.br/uploads/2026/07/real-time-big-data-acre-estadual-27jul.pdf
F,AC-01069/2026,RealTime BigData,Governador,Acre,2,Cenário 2,Tião Bocalom,PSDB,"26,00",2,27/07/2026,https://static.poder360.com.br/uploads/2026/07/real-time-big-data-acre-estadual-27jul.pdf
F,AC-01069/2026,RealTime BigData,Governador,Acre,2,Cenário 2,Branco/nulo,,"11,00",2,27/07/2026,https://static.poder360.com.br/uploads/2026/07/real-time-big-data-acre-estadual-27jul.pdf
F,AC-01069/2026,RealTime BigData,Governador,Acre,2,Cenário 2,Não sabe,,9,2,27/07/2026,https://static.poder360.com.br/uploads/2026/07/real-time-big-data-acre-estadual-27jul.pdf
F,AC-01069/2026,RealTime BigData,Governador,Acre,2,Cenário 3,Mailza Assis,PP,"42,00",2,27/07/2026,https://static.poder360.com.br/uploads/2026/07/real-time-big-data-acre-estadual-27jul.pdf
F,AC-01069/2026,RealTime BigData,Governador,Acre,2,Cenário 3,Tião Bocalom,PSDB,"28,00",2,27/07/2026,https://static.poder360.com.br/uploads/2026/07/real-time-big-data-acre-estadual-27jul.pdf
F,AC-01069/2026,RealTime BigData,Governador,Acre,2,Cenário 3,Branco/nulo,,"10,00",2,27/07/2026,https://static.poder360.com.br/uploads/2026/07/real-time-big-data-acre-estadual-27jul.pdf
F,AC-01069/2026,RealTime BigData,Governador,Acre,2,Cenário 3,Não sabe,,20,2,27/07/2026,https://static.poder360.com.br/uploads/2026/07/real-time-big-data-acre-estadual-27jul.pdf
F,AC-01069/2026,RealTime BigData,Senador,Acre,1,Cenário 1,Gladson Cameli,PP,"25,00",2,27/07/2026,https://static.poder360.com.br/uploads/2026/07/real-time-big-data-acre-estadual-27jul.pdf
F,AC-01069/2026,RealTime BigData,Senador,Acre,1,Cenário 1,Márcio Bittar,PL,"20,00",2,27/07/2026,https://static.poder360.com.br/uploads/2026/07/real-time-big-data-acre-estadual-27jul.pdf
F,AC-01069/2026,RealTime BigData,Senador,Acre,1,Cenário 1,Jorge Viana,PT,"16,00",2,27/07/2026,https://static.poder360.com.br/uploads/2026/07/real-time-big-data-acre-estadual-27jul.pdf
F,AC-01069/2026,RealTime BigData,Senador,Acre,1,Cenário 1,Mara Rocha,Republicanos,"13,00",2,27/07/2026,https://static.poder360.com.br/uploads/2026/07/real-time-big-data-acre-estadual-27jul.pdf
F,AC-01069/2026,RealTime BigData,Senador,Acre,1,Cenário 1,Sérgio Petecão,PSD,"5,00",2,27/07/2026,https://static.poder360.com.br/uploads/2026/07/real-time-big-data-acre-estadual-27jul.pdf
F,AC-01069/2026,RealTime BigData,Senador,Acre,1,Cenário 1,Eduardo Velloso,Solidariedade,"5,00",2,27/07/2026,https://static.poder360.com.br/uploads/2026/07/real-time-big-data-acre-estadual-27jul.pdf
F,AC-01069/2026,RealTime BigData,Senador,Acre,1,Cenário 1,Inácio Moreira,PSOL,"3,00",2,27/07/2026,https://static.poder360.com.br/uploads/2026/07/real-time-big-data-acre-estadual-27jul.pdf
F,AC-01069/2026,RealTime BigData,Senador,Acre,1,Cenário 1,Dr. Júnior Feitosa,DC,"1,00",2,27/07/2026,https://static.poder360.com.br/uploads/2026/07/real-time-big-data-acre-estadual-27jul.pdf
F,AC-01069/2026,RealTime BigData,Senador,Acre,1,Cenário 1,Branco/nulo,,"6,00",2,27/07/2026,https://static.poder360.com.br/uploads/2026/07/real-time-big-data-acre-estadual-27jul.pdf
F,AC-01069/2026,RealTime BigData,Senador,Acre,1,Cenário 1,Não sabe,,"6,00",2,27/07/2026,https://static.poder360.com.br/uploads/2026/07/real-time-big-data-acre-estadual-27jul.pdf
F,AC-01069/2026,RealTime BigData,Senador,Acre,1,Cenário 2,Márcio Bittar,PL,"25,00",2,27/07/2026,https://static.poder360.com.br/uploads/2026/07/real-time-big-data-acre-estadual-27jul.pdf
F,AC-01069/2026,RealTime BigData,Senador,Acre,1,Cenário 2,Jorge Viana,PT,"19,00",2,27/07/2026,https://static.poder360.com.br/uploads/2026/07/real-time-big-data-acre-estadual-27jul.pdf
F,AC-01069/2026,RealTime BigData,Senador,Acre,1,Cenário 2,Mara Rocha,Republicanos,"16,00",2,27/07/2026,https://static.poder360.com.br/uploads/2026/07/real-time-big-data-acre-estadual-27jul.pdf
F,AC-01069/2026,RealTime BigData,Senador,Acre,1,Cenário 2,Sérgio Petecão,PSD,"8,00",2,27/07/2026,https://static.poder360.com.br/uploads/2026/07/real-time-big-data-acre-estadual-27jul.pdf
F,AC-01069/2026,RealTime BigData,Senador,Acre,1,Cenário 2,Eduardo Velloso,Solidariedade,"8,00",2,27/07/2026,https://static.poder360.com.br/uploads/2026/07/real-time-big-data-acre-estadual-27jul.pdf
F,AC-01069/2026,RealTime BigData,Senador,Acre,1,Cenário 2,Inácio Moreira,PSOL,"3,00",2,27/07/2026,https://static.poder360.com.br/uploads/2026/07/real-time-big-data-acre-estadual-27jul.pdf
F,AC-01069/2026,RealTime BigData,Senador,Acre,1,Cenário 2,Dr. Júnior Feitosa,DC,"1,00",2,27/07/2026,https://static.poder360.com.br/uploads/2026/07/real-time-big-data-acre-estadual-27jul.pdf
F,AC-01069/2026,RealTime BigData,Senador,Acre,1,Cenário 2,Branco/nulo,,"8,00",2,27/07/2026,https://static.poder360.com.br/uploads/2026/07/real-time-big-data-acre-estadual-27jul.pdf
F,AC-01069/2026,RealTime BigData,Senador,Acre,1,Cenário 2,Não sabe,,"12,00",2,27/07/2026,https://static.poder360.com.br/uploads/2026/07/real-time-big-data-acre-estadual-27jul.pdf
F,AC-05387/2026,Instituto Delta,Governador,Acre,1,Cenário 1,Alan Rick,Republicanos,"38,27","3,1",17/07/2026,https://oriobranco.net/pesquisa-eleitoral-aponta-lideranca-do-senador-alan-rick-na-disputa-pelo-governo-do-acre/
F,AC-05387/2026,Instituto Delta,Governador,Acre,1,Cenário 1,Mailza Assis,PP,"19,48","3,1",17/07/2026,https://oriobranco.net/pesquisa-eleitoral-aponta-lideranca-do-senador-alan-rick-na-disputa-pelo-governo-do-acre/
F,AC-05387/2026,Instituto Delta,Governador,Acre,1,Cenário 1,Tião Bocalom,PSDB,"19,28","3,1",17/07/2026,https://oriobranco.net/pesquisa-eleitoral-aponta-lideranca-do-senador-alan-rick-na-disputa-pelo-governo-do-acre/
F,AC-05387/2026,Instituto Delta,Governador,Acre,1,Cenário 1,Thor Dantas,PSB,"1,79","3,1",17/07/2026,https://oriobranco.net/pesquisa-eleitoral-aponta-lideranca-do-senador-alan-rick-na-disputa-pelo-governo-do-acre/
F,AC-05387/2026,Instituto Delta,Governador,Acre,1,Cenário 1,Branco/nulo,,"4,08","3,1",17/07/2026,https://oriobranco.net/pesquisa-eleitoral-aponta-lideranca-do-senador-alan-rick-na-disputa-pelo-governo-do-acre/
F,AC-05387/2026,Instituto Delta,Governador,Acre,1,Cenário 1,Não sabe,,"17,10","3,1",17/07/2026,https://oriobranco.net/pesquisa-eleitoral-aponta-lideranca-do-senador-alan-rick-na-disputa-pelo-governo-do-acre/
F,AC-05387/2026,Instituto Delta,Governador,Acre,2,Cenário 1,Alan Rick,Republicanos,"53,68","3,1",17/07/2026,https://oriobranco.net/pesquisa-eleitoral-aponta-lideranca-do-senador-alan-rick-na-disputa-pelo-governo-do-acre/
F,AC-05387/2026,Instituto Delta,Governador,Acre,2,Cenário 1,Mailza Assis,PP,"27,63","3,1",17/07/2026,https://oriobranco.net/pesquisa-eleitoral-aponta-lideranca-do-senador-alan-rick-na-disputa-pelo-governo-do-acre/
F,AC-05387/2026,Instituto Delta,Governador,Acre,2,Cenário 1,Branco/nulo,,"4,27","3,1",17/07/2026,https://oriobranco.net/pesquisa-eleitoral-aponta-lideranca-do-senador-alan-rick-na-disputa-pelo-governo-do-acre/
F,AC-05387/2026,Instituto Delta,Governador,Acre,2,Cenário 1,Não sabe,,"14,41","3,1",17/07/2026,https://oriobranco.net/pesquisa-eleitoral-aponta-lideranca-do-senador-alan-rick-na-disputa-pelo-governo-do-acre/
F,AC-05387/2026,Instituto Delta,Governador,Acre,2,Cenário 2,Alan Rick,Republicanos,"56,26","3,1",17/07/2026,https://oriobranco.net/pesquisa-eleitoral-aponta-lideranca-do-senador-alan-rick-na-disputa-pelo-governo-do-acre/
F,AC-05387/2026,Instituto Delta,Governador,Acre,2,Cenário 2,Tião Bocalom,PSDB,"25,05","3,1",17/07/2026,https://oriobranco.net/pesquisa-eleitoral-aponta-lideranca-do-senador-alan-rick-na-disputa-pelo-governo-do-acre/
F,AC-05387/2026,Instituto Delta,Governador,Acre,2,Cenário 2,Branco/nulo,,"4,87","3,1",17/07/2026,https://oriobranco.net/pesquisa-eleitoral-aponta-lideranca-do-senador-alan-rick-na-disputa-pelo-governo-do-acre/
F,AC-05387/2026,Instituto Delta,Governador,Acre,2,Cenário 2,Não sabe,,"13,82","3,1",17/07/2026,https://oriobranco.net/pesquisa-eleitoral-aponta-lideranca-do-senador-alan-rick-na-disputa-pelo-governo-do-acre/
F,AC-05387/2026,Instituto Delta,Governador,Acre,2,Cenário 3,Mailza Assis,PP,"44,04","3,1",17/07/2026,https://oriobranco.net/pesquisa-eleitoral-aponta-lideranca-do-senador-alan-rick-na-disputa-pelo-governo-do-acre/
F,AC-05387/2026,Instituto Delta,Governador,Acre,2,Cenário 3,Tião Bocalom,PSDB,"33,20","3,1",17/07/2026,https://oriobranco.net/pesquisa-eleitoral-aponta-lideranca-do-senador-alan-rick-na-disputa-pelo-governo-do-acre/
F,AC-05387/2026,Instituto Delta,Governador,Acre,2,Cenário 3,Branco/nulo,,"8,45","3,1",17/07/2026,https://oriobranco.net/pesquisa-eleitoral-aponta-lideranca-do-senador-alan-rick-na-disputa-pelo-governo-do-acre/
F,AC-05387/2026,Instituto Delta,Governador,Acre,2,Cenário 3,Não sabe,,"14,31","3,1",17/07/2026,https://oriobranco.net/pesquisa-eleitoral-aponta-lideranca-do-senador-alan-rick-na-disputa-pelo-governo-do-acre/
F,AC-00718/2026,Instituto Delta,Governador,Acre,1,Cenário 1,Alan Rick,Republicanos,"41,25","3,5",04/07/2026,https://opoder.ncnews.com.br/2026/07/05/alan-rick-lidera-disputa-pelo-governo-do-acre-com-41-aponta-pesquisa-delta/
F,AC-00718/2026,Instituto Delta,Governador,Acre,1,Cenário 1,Tião Bocalom,PSDB,"19,50","3,5",04/07/2026,https://opoder.ncnews.com.br/2026/07/05/alan-rick-lidera-disputa-pelo-governo-do-acre-com-41-aponta-pesquisa-delta/
F,AC-00718/2026,Instituto Delta,Governador,Acre,1,Cenário 1,Mailza Assis,PP,"19,25","3,5",04/07/2026,https://opoder.ncnews.com.br/2026/07/05/alan-rick-lidera-disputa-pelo-governo-do-acre-com-41-aponta-pesquisa-delta/
F,AC-00718/2026,Instituto Delta,Governador,Acre,1,Cenário 1,Thor Dantas,PSB,"2,50","3,5",04/07/2026,https://opoder.ncnews.com.br/2026/07/05/alan-rick-lidera-disputa-pelo-governo-do-acre-com-41-aponta-pesquisa-delta/
F,AC-00718/2026,Instituto Delta,Governador,Acre,1,Cenário 1,Branco/nulo,,"4,00","3,5",04/07/2026,https://opoder.ncnews.com.br/2026/07/05/alan-rick-lidera-disputa-pelo-governo-do-acre-com-41-aponta-pesquisa-delta/
F,AC-00718/2026,Instituto Delta,Governador,Acre,1,Cenário 1,Não sabe,,"13,50","3,5",04/07/2026,https://opoder.ncnews.com.br/2026/07/05/alan-rick-lidera-disputa-pelo-governo-do-acre-com-41-aponta-pesquisa-delta/
F,AC-04914/2026,RealTime BigData,Governador,Acre,1,Cenário 1,Alan Rick,Republicanos,"39,00",2,18/06/2026,https://noticias.uol.com.br/politica/ultimas-noticias/2026/06/18/realtime-big-data-alan-rick-lidera-corrida-pelo-governo-do-acre.ghtm
F,AC-04914/2026,RealTime BigData,Governador,Acre,1,Cenário 1,Mailza Assis,PP,"26,00",2,18/06/2026,https://noticias.uol.com.br/politica/ultimas-noticias/2026/06/18/realtime-big-data-alan-rick-lidera-corrida-pelo-governo-do-acre.ghtm
F,AC-04914/2026,RealTime BigData,Governador,Acre,1,Cenário 1,Tião Bocalom,PSDB,"18,00",2,18/06/2026,https://noticias.uol.com.br/politica/ultimas-noticias/2026/06/18/realtime-big-data-alan-rick-lidera-corrida-pelo-governo-do-acre.ghtm
F,AC-04914/2026,RealTime BigData,Governador,Acre,1,Cenário 1,Thor Dantas,PSB,"5,00",2,18/06/2026,https://noticias.uol.com.br/politica/ultimas-noticias/2026/06/18/realtime-big-data-alan-rick-lidera-corrida-pelo-governo-do-acre.ghtm
F,AC-04914/2026,RealTime BigData,Governador,Acre,1,Cenário 1,Eudo Raffael,PCB,"0,00",2,18/06/2026,https://noticias.uol.com.br/politica/ultimas-noticias/2026/06/18/realtime-big-data-alan-rick-lidera-corrida-pelo-governo-do-acre.ghtm
F,AC-04914/2026,RealTime BigData,Governador,Acre,1,Cenário 1,Branco/nulo,,"6,00",2,18/06/2026,https://noticias.uol.com.br/politica/ultimas-noticias/2026/06/18/realtime-big-data-alan-rick-lidera-corrida-pelo-governo-do-acre.ghtm
F,AC-04914/2026,RealTime BigData,Governador,Acre,1,Cenário 1,Não sabe,,"6,00",2,18/06/2026,https://noticias.uol.com.br/politica/ultimas-noticias/2026/06/18/realtime-big-data-alan-rick-lidera-corrida-pelo-governo-do-acre.ghtm
F,AC-04914/2026,RealTime BigData,Governador,Acre,2,Cenário 1,Alan Rick,Republicanos,"46,00",2,18/06/2026,https://noticias.uol.com.br/politica/ultimas-noticias/2026/06/18/realtime-big-data-alan-rick-lidera-corrida-pelo-governo-do-acre.ghtm
F,AC-04914/2026,RealTime BigData,Governador,Acre,2,Cenário 1,Mailza Assis,PP,"35,00",2,18/06/2026,https://noticias.uol.com.br/politica/ultimas-noticias/2026/06/18/realtime-big-data-alan-rick-lidera-corrida-pelo-governo-do-acre.ghtm
F,AC-04914/2026,RealTime BigData,Governador,Acre,2,Cenário 1,Branco/nulo,,10,2,18/06/2026,https://noticias.uol.com.br/politica/ultimas-noticias/2026/06/18/realtime-big-data-alan-rick-lidera-corrida-pelo-governo-do-acre.ghtm
F,AC-04914/2026,RealTime BigData,Governador,Acre,2,Cenário 1,Não sabe,,9,2,18/06/2026,https://noticias.uol.com.br/politica/ultimas-noticias/2026/06/18/realtime-big-data-alan-rick-lidera-corrida-pelo-governo-do-acre.ghtm
F,AC-04914/2026,RealTime BigData,Governador,Acre,2,Cenário 2,Alan Rick,Republicanos,"55,00",2,18/06/2026,https://noticias.uol.com.br/politica/ultimas-noticias/2026/06/18/realtime-big-data-alan-rick-lidera-corrida-pelo-governo-do-acre.ghtm
F,AC-04914/2026,RealTime BigData,Governador,Acre,2,Cenário 2,Tião Bocalom,PSDB,"26,00",2,18/06/2026,https://noticias.uol.com.br/politica/ultimas-noticias/2026/06/18/realtime-big-data-alan-rick-lidera-corrida-pelo-governo-do-acre.ghtm
F,AC-04914/2026,RealTime BigData,Governador,Acre,2,Cenário 2,Branco/nulo,,11,2,18/06/2026,https://noticias.uol.com.br/politica/ultimas-noticias/2026/06/18/realtime-big-data-alan-rick-lidera-corrida-pelo-governo-do-acre.ghtm
F,AC-04914/2026,RealTime BigData,Governador,Acre,2,Cenário 2,Não sabe,,8,2,18/06/2026,https://noticias.uol.com.br/politica/ultimas-noticias/2026/06/18/realtime-big-data-alan-rick-lidera-corrida-pelo-governo-do-acre.ghtm
F,AC-04914/2026,RealTime BigData,Governador,Acre,2,Cenário 3,Mailza Assis,PP,"40,00",2,18/06/2026,https://noticias.uol.com.br/politica/ultimas-noticias/2026/06/18/realtime-big-data-alan-rick-lidera-corrida-pelo-governo-do-acre.ghtm
F,AC-04914/2026,RealTime BigData,Governador,Acre,2,Cenário 3,Tião Bocalom,PSDB,"28,00",2,18/06/2026,https://noticias.uol.com.br/politica/ultimas-noticias/2026/06/18/realtime-big-data-alan-rick-lidera-corrida-pelo-governo-do-acre.ghtm
F,AC-04914/2026,RealTime BigData,Governador,Acre,2,Cenário 3,Branco/nulo,,12,2,18/06/2026,https://noticias.uol.com.br/politica/ultimas-noticias/2026/06/18/realtime-big-data-alan-rick-lidera-corrida-pelo-governo-do-acre.ghtm
F,AC-04914/2026,RealTime BigData,Governador,Acre,2,Cenário 3,Não sabe,,20,2,18/06/2026,https://noticias.uol.com.br/politica/ultimas-noticias/2026/06/18/realtime-big-data-alan-rick-lidera-corrida-pelo-governo-do-acre.ghtm
F,AC-09056/2026,Instituto Delta,Governador,Acre,1,Cenário 1,Alan Rick,Republicanos,"39,55",3,09/06/2026,https://portalacre.com.br/2026/06/delta-tv-gazeta-alan-39-mailza-com-19-bocalom-17-e-thor-dantas-com-2/
F,AC-09056/2026,Instituto Delta,Governador,Acre,1,Cenário 1,Mailza Assis,PP,"19,40",3,09/06/2026,https://portalacre.com.br/2026/06/delta-tv-gazeta-alan-39-mailza-com-19-bocalom-17-e-thor-dantas-com-2/
F,AC-09056/2026,Instituto Delta,Governador,Acre,1,Cenário 1,Tião Bocalom,PSDB,"17,07",3,09/06/2026,https://portalacre.com.br/2026/06/delta-tv-gazeta-alan-39-mailza-com-19-bocalom-17-e-thor-dantas-com-2/
F,AC-09056/2026,Instituto Delta,Governador,Acre,1,Cenário 1,Thor Dantas,PSB,"2,00",3,09/06/2026,https://portalacre.com.br/2026/06/delta-tv-gazeta-alan-39-mailza-com-19-bocalom-17-e-thor-dantas-com-2/
F,AC-09056/2026,Instituto Delta,Governador,Acre,1,Cenário 1,Branco/nulo,,"2,58",3,09/06/2026,https://portalacre.com.br/2026/06/delta-tv-gazeta-alan-39-mailza-com-19-bocalom-17-e-thor-dantas-com-2/
F,AC-09056/2026,Instituto Delta,Governador,Acre,1,Cenário 1,Não sabe,,"19,40",3,09/06/2026,https://portalacre.com.br/2026/06/delta-tv-gazeta-alan-39-mailza-com-19-bocalom-17-e-thor-dantas-com-2/
F,AC-09056/2026,Instituto Delta,Governador,Acre,1,Cenário 2,Alan Rick,Republicanos,"54,62",3,09/06/2026,https://portalacre.com.br/2026/06/delta-tv-gazeta-alan-39-mailza-com-19-bocalom-17-e-thor-dantas-com-2/
F,AC-09056/2026,Instituto Delta,Governador,Acre,1,Cenário 2,Tião Bocalom,PSDB,"22,98",3,09/06/2026,https://portalacre.com.br/2026/06/delta-tv-gazeta-alan-39-mailza-com-19-bocalom-17-e-thor-dantas-com-2/
F,AC-09056/2026,Instituto Delta,Governador,Acre,1,Cenário 2,Branco/nulo,,"5,50",3,09/06/2026,https://portalacre.com.br/2026/06/delta-tv-gazeta-alan-39-mailza-com-19-bocalom-17-e-thor-dantas-com-2/
F,AC-09056/2026,Instituto Delta,Governador,Acre,1,Cenário 2,Não sabe,,"16,90",3,09/06/2026,https://portalacre.com.br/2026/06/delta-tv-gazeta-alan-39-mailza-com-19-bocalom-17-e-thor-dantas-com-2/
F,AC-09056/2026,Instituto Delta,Governador,Acre,1,Cenário 3,Alan Rick,Republicanos,"50,87",3,09/06/2026,https://portalacre.com.br/2026/06/delta-tv-gazeta-alan-39-mailza-com-19-bocalom-17-e-thor-dantas-com-2/
F,AC-09056/2026,Instituto Delta,Governador,Acre,1,Cenário 3,Mailza Assis,PP,"27,14",3,09/06/2026,https://portalacre.com.br/2026/06/delta-tv-gazeta-alan-39-mailza-com-19-bocalom-17-e-thor-dantas-com-2/
F,AC-09056/2026,Instituto Delta,Governador,Acre,1,Cenário 3,Branco/nulo,,"5,08",3,09/06/2026,https://portalacre.com.br/2026/06/delta-tv-gazeta-alan-39-mailza-com-19-bocalom-17-e-thor-dantas-com-2/
F,AC-09056/2026,Instituto Delta,Governador,Acre,1,Cenário 3,Não sabe,,"16,90",3,09/06/2026,https://portalacre.com.br/2026/06/delta-tv-gazeta-alan-39-mailza-com-19-bocalom-17-e-thor-dantas-com-2/
F,AC-09056/2026,Instituto Delta,Governador,Acre,1,Cenário 4,Mailza Assis,PP,"43,13",3,09/06/2026,https://portalacre.com.br/2026/06/delta-tv-gazeta-alan-39-mailza-com-19-bocalom-17-e-thor-dantas-com-2/
F,AC-09056/2026,Instituto Delta,Governador,Acre,1,Cenário 4,Tião Bocalom,PSDB,"27,48",3,09/06/2026,https://portalacre.com.br/2026/06/delta-tv-gazeta-alan-39-mailza-com-19-bocalom-17-e-thor-dantas-com-2/
F,AC-09056/2026,Instituto Delta,Governador,Acre,1,Cenário 4,Branco/nulo,,"10,24",3,09/06/2026,https://portalacre.com.br/2026/06/delta-tv-gazeta-alan-39-mailza-com-19-bocalom-17-e-thor-dantas-com-2/
F,AC-09056/2026,Instituto Delta,Governador,Acre,1,Cenário 4,Não sabe,,"19,45",3,09/06/2026,https://portalacre.com.br/2026/06/delta-tv-gazeta-alan-39-mailza-com-19-bocalom-17-e-thor-dantas-com-2/
F,AC-01182/2026,Paraná Pesquisas,Governador,Acre,1,Cenário 1,Alan Rick,Republicanos,"41,20","3,2",03/06/2026,https://www.poder360.com.br/poder-eleicoes/alan-rick-lidera-no-1o-e-2o-turnos-para-o-governo-do-acre/
F,AC-01182/2026,Paraná Pesquisas,Governador,Acre,1,Cenário 1,Mailza Assis,PP,"24,40","3,2",03/06/2026,https://www.poder360.com.br/poder-eleicoes/alan-rick-lidera-no-1o-e-2o-turnos-para-o-governo-do-acre/
F,AC-01182/2026,Paraná Pesquisas,Governador,Acre,1,Cenário 1,Tião Bocalom,PSDB,"16,10","3,2",03/06/2026,https://www.poder360.com.br/poder-eleicoes/alan-rick-lidera-no-1o-e-2o-turnos-para-o-governo-do-acre/
F,AC-01182/2026,Paraná Pesquisas,Governador,Acre,1,Cenário 1,Thor Dantas,PSB,"3,80","3,2",03/06/2026,https://www.poder360.com.br/poder-eleicoes/alan-rick-lidera-no-1o-e-2o-turnos-para-o-governo-do-acre/
F,AC-01182/2026,Paraná Pesquisas,Governador,Acre,1,Cenário 1,Eudo Raffael,PCB,"0,80","3,2",03/06/2026,https://www.poder360.com.br/poder-eleicoes/alan-rick-lidera-no-1o-e-2o-turnos-para-o-governo-do-acre/
F,AC-01182/2026,Paraná Pesquisas,Governador,Acre,1,Cenário 1,Branco/nulo,,"7,80","3,2",03/06/2026,https://www.poder360.com.br/poder-eleicoes/alan-rick-lidera-no-1o-e-2o-turnos-para-o-governo-do-acre/
F,AC-01182/2026,Paraná Pesquisas,Governador,Acre,1,Cenário 1,Não sabe,,"5,90","3,2",03/06/2026,https://www.poder360.com.br/poder-eleicoes/alan-rick-lidera-no-1o-e-2o-turnos-para-o-governo-do-acre/
F,AC-01182/2026,Paraná Pesquisas,Governador,Acre,2,Cenário 1,Alan Rick,Republicanos,"58,50","3,2",03/06/2026,https://www.poder360.com.br/poder-eleicoes/alan-rick-lidera-no-1o-e-2o-turnos-para-o-governo-do-acre/
F,AC-01182/2026,Paraná Pesquisas,Governador,Acre,2,Cenário 1,Tião Bocalom,PSDB,"26,90","3,2",03/06/2026,https://www.poder360.com.br/poder-eleicoes/alan-rick-lidera-no-1o-e-2o-turnos-para-o-governo-do-acre/
F,AC-01182/2026,Paraná Pesquisas,Governador,Acre,2,Cenário 1,Branco/nulo,,"9,3","3,2",03/06/2026,https://www.poder360.com.br/poder-eleicoes/alan-rick-lidera-no-1o-e-2o-turnos-para-o-governo-do-acre/
F,AC-01182/2026,Paraná Pesquisas,Governador,Acre,2,Cenário 1,Não sabe,,"5,3","3,2",03/06/2026,https://www.poder360.com.br/poder-eleicoes/alan-rick-lidera-no-1o-e-2o-turnos-para-o-governo-do-acre/
F,AC-01182/2026,Paraná Pesquisas,Governador,Acre,2,Cenário 2,Alan Rick,Republicanos,"53,80","3,2",03/06/2026,https://www.poder360.com.br/poder-eleicoes/alan-rick-lidera-no-1o-e-2o-turnos-para-o-governo-do-acre/
F,AC-01182/2026,Paraná Pesquisas,Governador,Acre,2,Cenário 2,Mailza Assis,PP,"33,20","3,2",03/06/2026,https://www.poder360.com.br/poder-eleicoes/alan-rick-lidera-no-1o-e-2o-turnos-para-o-governo-do-acre/
F,AC-01182/2026,Paraná Pesquisas,Governador,Acre,2,Cenário 2,Branco/nulo,,"7,9","3,2",03/06/2026,https://www.poder360.com.br/poder-eleicoes/alan-rick-lidera-no-1o-e-2o-turnos-para-o-governo-do-acre/
F,AC-01182/2026,Paraná Pesquisas,Governador,Acre,2,Cenário 2,Não sabe,,"5,1","3,2",03/06/2026,https://www.poder360.com.br/poder-eleicoes/alan-rick-lidera-no-1o-e-2o-turnos-para-o-governo-do-acre/
F,AC-01182/2026,Paraná Pesquisas,Senador,Acre,1,Cenário 1,Jorge Viana,PT,"34,70","3,2",03/06/2026,https://www.poder360.com.br/poder-eleicoes/viana-cameli-e-bittar-empatam-por-vagas-ao-senado-no-ac/
F,AC-01182/2026,Paraná Pesquisas,Senador,Acre,1,Cenário 1,Gladson Cameli,PP,"32,60","3,2",03/06/2026,https://www.poder360.com.br/poder-eleicoes/viana-cameli-e-bittar-empatam-por-vagas-ao-senado-no-ac/
F,AC-01182/2026,Paraná Pesquisas,Senador,Acre,1,Cenário 1,Márcio Bittar,PL,"29,9","3,2",03/06/2026,https://www.poder360.com.br/poder-eleicoes/viana-cameli-e-bittar-empatam-por-vagas-ao-senado-no-ac/
F,AC-01182/2026,Paraná Pesquisas,Senador,Acre,1,Cenário 1,Coronel Ulysses,União Brasil,"21,9","3,2",03/06/2026,https://www.poder360.com.br/poder-eleicoes/viana-cameli-e-bittar-empatam-por-vagas-ao-senado-no-ac/
F,AC-01182/2026,Paraná Pesquisas,Senador,Acre,1,Cenário 1,Mara Rocha,Republicanos,"21,60","3,2",03/06/2026,https://www.poder360.com.br/poder-eleicoes/viana-cameli-e-bittar-empatam-por-vagas-ao-senado-no-ac/
F,AC-01182/2026,Paraná Pesquisas,Senador,Acre,1,Cenário 1,Sérgio Petecão,PSD,"13,90","3,2",03/06/2026,https://www.poder360.com.br/poder-eleicoes/viana-cameli-e-bittar-empatam-por-vagas-ao-senado-no-ac/
F,AC-01182/2026,Paraná Pesquisas,Senador,Acre,1,Cenário 1,Jéssica Sales,MDB,"11,30","3,2",03/06/2026,https://www.poder360.com.br/poder-eleicoes/viana-cameli-e-bittar-empatam-por-vagas-ao-senado-no-ac/
F,AC-01182/2026,Paraná Pesquisas,Senador,Acre,1,Cenário 1,Dr. Eduado Velloso,Solidariedade,"9,00","3,2",03/06/2026,https://www.poder360.com.br/poder-eleicoes/viana-cameli-e-bittar-empatam-por-vagas-ao-senado-no-ac/
F,AC-01182/2026,Paraná Pesquisas,Senador,Acre,1,Cenário 1,Júnior Feitosa,DC,"1,60","3,2",03/06/2026,https://www.poder360.com.br/poder-eleicoes/viana-cameli-e-bittar-empatam-por-vagas-ao-senado-no-ac/
F,AC-01182/2026,Paraná Pesquisas,Senador,Acre,1,Cenário 1,Branco/nulo,,"5,20","3,2",03/06/2026,https://www.poder360.com.br/poder-eleicoes/viana-cameli-e-bittar-empatam-por-vagas-ao-senado-no-ac/
F,AC-01182/2026,Paraná Pesquisas,Senador,Acre,1,Cenário 1,Não sabe,,"3,80","3,2",03/06/2026,https://www.poder360.com.br/poder-eleicoes/viana-cameli-e-bittar-empatam-por-vagas-ao-senado-no-ac/
F,AC-01182/2026,Paraná Pesquisas,Senador,Acre,1,Cenário 2,Jorge Viana,PT,"35,10","3,2",03/06/2026,https://www.poder360.com.br/poder-eleicoes/viana-cameli-e-bittar-empatam-por-vagas-ao-senado-no-ac/
F,AC-01182/2026,Paraná Pesquisas,Senador,Acre,1,Cenário 2,Márcio Bittar,PL,33,"3,2",03/06/2026,https://www.poder360.com.br/poder-eleicoes/viana-cameli-e-bittar-empatam-por-vagas-ao-senado-no-ac/
F,AC-01182/2026,Paraná Pesquisas,Senador,Acre,1,Cenário 2,Coronel Ulysses,União Brasil,25,"3,2",03/06/2026,https://www.poder360.com.br/poder-eleicoes/viana-cameli-e-bittar-empatam-por-vagas-ao-senado-no-ac/
F,AC-01182/2026,Paraná Pesquisas,Senador,Acre,1,Cenário 2,Mara Rocha,Republicanos,"23,80","3,2",03/06/2026,https://www.poder360.com.br/poder-eleicoes/viana-cameli-e-bittar-empatam-por-vagas-ao-senado-no-ac/
F,AC-01182/2026,Paraná Pesquisas,Senador,Acre,1,Cenário 2,Sérgio Petecão,PSD,"16,40","3,2",03/06/2026,https://www.poder360.com.br/poder-eleicoes/viana-cameli-e-bittar-empatam-por-vagas-ao-senado-no-ac/
F,AC-01182/2026,Paraná Pesquisas,Senador,Acre,1,Cenário 2,Jéssica Sales,MDB,"13,00","3,2",03/06/2026,https://www.poder360.com.br/poder-eleicoes/viana-cameli-e-bittar-empatam-por-vagas-ao-senado-no-ac/
F,AC-01182/2026,Paraná Pesquisas,Senador,Acre,1,Cenário 2,Dr. Eduado Velloso,Solidariedade,"11,10","3,2",03/06/2026,https://www.poder360.com.br/poder-eleicoes/viana-cameli-e-bittar-empatam-por-vagas-ao-senado-no-ac/
F,AC-01182/2026,Paraná Pesquisas,Senador,Acre,1,Cenário 2,Socorro Neri,PP,"14,60","3,2",03/06/2026,https://www.poder360.com.br/poder-eleicoes/viana-cameli-e-bittar-empatam-por-vagas-ao-senado-no-ac/
F,AC-01182/2026,Paraná Pesquisas,Senador,Acre,1,Cenário 2,Branco/nulo,,"5,60","3,2",03/06/2026,https://www.poder360.com.br/poder-eleicoes/viana-cameli-e-bittar-empatam-por-vagas-ao-senado-no-ac/
F,AC-01182/2026,Paraná Pesquisas,Senador,Acre,1,Cenário 2,Não sabe,,"4,30","3,2",03/06/2026,https://www.poder360.com.br/poder-eleicoes/viana-cameli-e-bittar-empatam-por-vagas-ao-senado-no-ac/
F,AC-01182/2026,Paraná Pesquisas,Senador,Acre,1,Cenário 3,Jorge Viana,PT,"37,10","3,2",03/06/2026,https://www.poder360.com.br/poder-eleicoes/viana-cameli-e-bittar-empatam-por-vagas-ao-senado-no-ac/
F,AC-01182/2026,Paraná Pesquisas,Senador,Acre,1,Cenário 3,Márcio Bittar,PL,"36,1","3,2",03/06/2026,https://www.poder360.com.br/poder-eleicoes/viana-cameli-e-bittar-empatam-por-vagas-ao-senado-no-ac/
F,AC-01182/2026,Paraná Pesquisas,Senador,Acre,1,Cenário 3,Coronel Ulysses,União Brasil,27,"3,2",03/06/2026,https://www.poder360.com.br/poder-eleicoes/viana-cameli-e-bittar-empatam-por-vagas-ao-senado-no-ac/
F,AC-01182/2026,Paraná Pesquisas,Senador,Acre,1,Cenário 3,Mara Rocha,Republicanos,"29,10","3,2",03/06/2026,https://www.poder360.com.br/poder-eleicoes/viana-cameli-e-bittar-empatam-por-vagas-ao-senado-no-ac/
F,AC-01182/2026,Paraná Pesquisas,Senador,Acre,1,Cenário 3,Sérgio Petecão,PSD,"19,90","3,2",03/06/2026,https://www.poder360.com.br/poder-eleicoes/viana-cameli-e-bittar-empatam-por-vagas-ao-senado-no-ac/
F,AC-01182/2026,Paraná Pesquisas,Senador,Acre,1,Cenário 3,Dr. Eduado Velloso,Solidariedade,"15,20","3,2",03/06/2026,https://www.poder360.com.br/poder-eleicoes/viana-cameli-e-bittar-empatam-por-vagas-ao-senado-no-ac/
F,AC-01182/2026,Paraná Pesquisas,Senador,Acre,1,Cenário 3,Branco/nulo,,"6,00","3,2",03/06/2026,https://www.poder360.com.br/poder-eleicoes/viana-cameli-e-bittar-empatam-por-vagas-ao-senado-no-ac/
F,AC-01182/2026,Paraná Pesquisas,Senador,Acre,1,Cenário 3,Não sabe,,"4,60","3,2",03/06/2026,https://www.poder360.com.br/poder-eleicoes/viana-cameli-e-bittar-empatam-por-vagas-ao-senado-no-ac/
F,AC-01182/2026,Paraná Pesquisas,Senador,Acre,1,Cenário 4,Jorge Viana,PT,"37,90","3,2",03/06/2026,https://www.poder360.com.br/poder-eleicoes/viana-cameli-e-bittar-empatam-por-vagas-ao-senado-no-ac/
F,AC-01182/2026,Paraná Pesquisas,Senador,Acre,1,Cenário 4,Márcio Bittar,PL,"38,2","3,2",03/06/2026,https://www.poder360.com.br/poder-eleicoes/viana-cameli-e-bittar-empatam-por-vagas-ao-senado-no-ac/
F,AC-01182/2026,Paraná Pesquisas,Senador,Acre,1,Cenário 4,Coronel Ulysses,União Brasil,"29,4","3,2",03/06/2026,https://www.poder360.com.br/poder-eleicoes/viana-cameli-e-bittar-empatam-por-vagas-ao-senado-no-ac/
F,AC-01182/2026,Paraná Pesquisas,Senador,Acre,1,Cenário 4,Mara Rocha,Republicanos,"32,00","3,2",03/06/2026,https://www.poder360.com.br/poder-eleicoes/viana-cameli-e-bittar-empatam-por-vagas-ao-senado-no-ac/
F,AC-01182/2026,Paraná Pesquisas,Senador,Acre,1,Cenário 4,Sérgio Petecão,PSD,"22,00","3,2",03/06/2026,https://www.poder360.com.br/poder-eleicoes/viana-cameli-e-bittar-empatam-por-vagas-ao-senado-no-ac/
F,AC-01182/2026,Paraná Pesquisas,Senador,Acre,1,Cenário 4,Branco/nulo,,"6,50","3,2",03/06/2026,https://www.poder360.com.br/poder-eleicoes/viana-cameli-e-bittar-empatam-por-vagas-ao-senado-no-ac/
F,AC-01182/2026,Paraná Pesquisas,Senador,Acre,1,Cenário 4,Não sabe,,"4,60","3,2",03/06/2026,https://www.poder360.com.br/poder-eleicoes/viana-cameli-e-bittar-empatam-por-vagas-ao-senado-no-ac/
F,BR-05580/2026,RealTime BigData,Presidente,Rondônia,1,Cenário 1,Lula,PT,25,2,16/07/2026,https://www.cartacapital.com.br/politica/as-intencoes-de-voto-para-presidente-entre-os-eleitores-de-rondonia-segundo-nova-pesquisa/
F,BR-05580/2026,RealTime BigData,Presidente,Rondônia,1,Cenário 1,Flávio Bolsonaro,PL,"58,00",2,16/07/2026,https://www.cartacapital.com.br/politica/as-intencoes-de-voto-para-presidente-entre-os-eleitores-de-rondonia-segundo-nova-pesquisa/
F,BR-05580/2026,RealTime BigData,Presidente,Rondônia,1,Cenário 1,Ronaldo Caiado,PSD,"5,00",2,16/07/2026,https://www.cartacapital.com.br/politica/as-intencoes-de-voto-para-presidente-entre-os-eleitores-de-rondonia-segundo-nova-pesquisa/
F,BR-05580/2026,RealTime BigData,Presidente,Rondônia,1,Cenário 1,Renan Santos,Missão,"3,00",2,16/07/2026,https://www.cartacapital.com.br/politica/as-intencoes-de-voto-para-presidente-entre-os-eleitores-de-rondonia-segundo-nova-pesquisa/
F,BR-05580/2026,RealTime BigData,Presidente,Rondônia,1,Cenário 1,Romeu Zema,Novo,"2,00",2,16/07/2026,https://www.cartacapital.com.br/politica/as-intencoes-de-voto-para-presidente-entre-os-eleitores-de-rondonia-segundo-nova-pesquisa/
F,BR-05580/2026,RealTime BigData,Presidente,Rondônia,1,Cenário 1,Augusto Cury,Avante,"1,00",2,16/07/2026,https://www.cartacapital.com.br/politica/as-intencoes-de-voto-para-presidente-entre-os-eleitores-de-rondonia-segundo-nova-pesquisa/
F,BR-05580/2026,RealTime BigData,Presidente,Rondônia,1,Cenário 1,Cabo Daciolo,Mobiliza,"1,00",2,16/07/2026,https://www.cartacapital.com.br/politica/as-intencoes-de-voto-para-presidente-entre-os-eleitores-de-rondonia-segundo-nova-pesquisa/
F,BR-05580/2026,RealTime BigData,Presidente,Rondônia,1,Cenário 1,Branco/nulo,,"2,00",2,16/07/2026,https://www.cartacapital.com.br/politica/as-intencoes-de-voto-para-presidente-entre-os-eleitores-de-rondonia-segundo-nova-pesquisa/
F,BR-05580/2026,RealTime BigData,Presidente,Rondônia,1,Cenário 1,Não sabe,,"1,00",2,16/07/2026,https://www.cartacapital.com.br/politica/as-intencoes-de-voto-para-presidente-entre-os-eleitores-de-rondonia-segundo-nova-pesquisa/
F,BR-05580/2026,RealTime BigData,Presidente,Rondônia,2,Cenário 1,Lula,PT,"66,00",2,16/07/2026,https://www.cartacapital.com.br/politica/as-intencoes-de-voto-para-presidente-entre-os-eleitores-de-rondonia-segundo-nova-pesquisa/
F,BR-05580/2026,RealTime BigData,Presidente,Rondônia,2,Cenário 1,Flávio Bolsonaro,PL,"24,00",2,16/07/2026,https://www.cartacapital.com.br/politica/as-intencoes-de-voto-para-presidente-entre-os-eleitores-de-rondonia-segundo-nova-pesquisa/
F,BR-05580/2026,RealTime BigData,Presidente,Rondônia,2,Cenário 1,Branco/nulo,,"4,00",2,16/07/2026,https://www.cartacapital.com.br/politica/as-intencoes-de-voto-para-presidente-entre-os-eleitores-de-rondonia-segundo-nova-pesquisa/
F,BR-05580/2026,RealTime BigData,Presidente,Rondônia,2,Cenário 1,Não sabe,,"3,00",2,16/07/2026,https://www.cartacapital.com.br/politica/as-intencoes-de-voto-para-presidente-entre-os-eleitores-de-rondonia-segundo-nova-pesquisa/
F,RO-05454/2026,Veritá,Presidente,Rondônia,1,Cenário 1,Lula,PT,"18,1",3,24/03/2026,https://www.cnnbrasil.com.br/politica/verita-governo-lula-e-desaprovado-por-501-em-ro-16-aprovam/
F,RO-05454/2026,Veritá,Presidente,Rondônia,1,Cenário 1,Flávio Bolsonaro,PL,"48,70",3,24/03/2026,https://www.cnnbrasil.com.br/politica/verita-governo-lula-e-desaprovado-por-501-em-ro-16-aprovam/
F,RO-05454/2026,Veritá,Presidente,Rondônia,1,Cenário 1,Ronaldo Caiado,PSD,"2,00",3,24/03/2026,https://www.cnnbrasil.com.br/politica/verita-governo-lula-e-desaprovado-por-501-em-ro-16-aprovam/
F,RO-05454/2026,Veritá,Presidente,Rondônia,1,Cenário 1,Renan Santos,Missão,"2,20",3,24/03/2026,https://www.cnnbrasil.com.br/politica/verita-governo-lula-e-desaprovado-por-501-em-ro-16-aprovam/
F,RO-05454/2026,Veritá,Presidente,Rondônia,1,Cenário 1,Romeu Zema,Novo,"1,30",3,24/03/2026,https://www.cnnbrasil.com.br/politica/verita-governo-lula-e-desaprovado-por-501-em-ro-16-aprovam/
F,RO-05454/2026,Veritá,Presidente,Rondônia,1,Cenário 1,Branco/nulo,,"2,60",3,24/03/2026,https://www.cnnbrasil.com.br/politica/verita-governo-lula-e-desaprovado-por-501-em-ro-16-aprovam/
F,RO-05454/2026,Veritá,Presidente,Rondônia,1,Cenário 1,Não sabe,,"19,10",3,24/03/2026,https://www.cnnbrasil.com.br/politica/verita-governo-lula-e-desaprovado-por-501-em-ro-16-aprovam/
F,RO-05454/2026,Veritá,Presidente,Rondônia,2,Cenário 1,Lula,PT,"22,00",3,24/03/2026,https://www.cnnbrasil.com.br/politica/verita-governo-lula-e-desaprovado-por-501-em-ro-16-aprovam/
F,RO-05454/2026,Veritá,Presidente,Rondônia,2,Cenário 1,Flávio Bolsonaro,PL,"58,20",3,24/03/2026,https://www.cnnbrasil.com.br/politica/verita-governo-lula-e-desaprovado-por-501-em-ro-16-aprovam/
F,RO-05454/2026,Veritá,Presidente,Rondônia,2,Cenário 1,Branco/nulo,,"3,70",3,24/03/2026,https://www.cnnbrasil.com.br/politica/verita-governo-lula-e-desaprovado-por-501-em-ro-16-aprovam/
F,RO-05454/2026,Veritá,Presidente,Rondônia,2,Cenário 1,Não sabe,,"19,70",3,24/03/2026,https://www.cnnbrasil.com.br/politica/verita-governo-lula-e-desaprovado-por-501-em-ro-16-aprovam/
F,BR-01656/2026,Quaest,Presidente,Paraná,1,Cenário 1,Flávio Bolsonaro,PL,"42,00",3,27/07/2026,https://g1.globo.com/pr/parana/noticia/2026/07/27/quaest-parana-presidente-julho.ghtml
F,BR-01656/2026,Quaest,Presidente,Paraná,1,Cenário 1,Lula,PT,"24,00",3,27/07/2026,https://g1.globo.com/pr/parana/noticia/2026/07/27/quaest-parana-presidente-julho.ghtml
F,BR-01656/2026,Quaest,Presidente,Paraná,1,Cenário 1,Ronaldo Caiado,PSD,"2,00",3,27/07/2026,https://g1.globo.com/pr/parana/noticia/2026/07/27/quaest-parana-presidente-julho.ghtml
F,BR-01656/2026,Quaest,Presidente,Paraná,1,Cenário 1,Renan Santos,Missão,"2,00",3,27/07/2026,https://g1.globo.com/pr/parana/noticia/2026/07/27/quaest-parana-presidente-julho.ghtml
F,BR-01656/2026,Quaest,Presidente,Paraná,1,Cenário 1,Romeu Zema,Novo,"2,00",3,27/07/2026,https://g1.globo.com/pr/parana/noticia/2026/07/27/quaest-parana-presidente-julho.ghtml
F,BR-01656/2026,Quaest,Presidente,Paraná,1,Cenário 1,Augusto Cury,Avante,"2,00",3,27/07/2026,https://g1.globo.com/pr/parana/noticia/2026/07/27/quaest-parana-presidente-julho.ghtml
F,BR-01656/2026,Quaest,Presidente,Paraná,1,Cenário 1,Samara Martins,UP,"2,00",3,27/07/2026,https://g1.globo.com/pr/parana/noticia/2026/07/27/quaest-parana-presidente-julho.ghtml
F,BR-01656/2026,Quaest,Presidente,Paraná,1,Cenário 1,Cabo Daciolo,Mobiliza,"1,00",3,27/07/2026,https://g1.globo.com/pr/parana/noticia/2026/07/27/quaest-parana-presidente-julho.ghtml
F,BR-01656/2026,Quaest,Presidente,Paraná,1,Cenário 1,Branco/nulo,,"9,00",3,27/07/2026,https://g1.globo.com/pr/parana/noticia/2026/07/27/quaest-parana-presidente-julho.ghtml
F,BR-01656/2026,Quaest,Presidente,Paraná,1,Cenário 1,Não sabe,,"14,00",3,27/07/2026,https://g1.globo.com/pr/parana/noticia/2026/07/27/quaest-parana-presidente-julho.ghtml
F,BR-01656/2026,Quaest,Presidente,Paraná,2,Cenário 1,Lula,PT,"50,00",3,27/07/2026,https://g1.globo.com/pr/parana/noticia/2026/07/27/quaest-parana-presidente-julho.ghtml
F,BR-01656/2026,Quaest,Presidente,Paraná,2,Cenário 1,Flávio Bolsonaro,PL,"29,00",3,27/07/2026,https://g1.globo.com/pr/parana/noticia/2026/07/27/quaest-parana-presidente-julho.ghtml
F,BR-01656/2026,Quaest,Presidente,Paraná,2,Cenário 1,Branco/nulo,,"26,00",3,27/07/2026,https://g1.globo.com/pr/parana/noticia/2026/07/27/quaest-parana-presidente-julho.ghtml
F,BR-01656/2026,Quaest,Presidente,Paraná,2,Cenário 1,Não sabe,,"12,00",3,27/07/2026,https://g1.globo.com/pr/parana/noticia/2026/07/27/quaest-parana-presidente-julho.ghtml
F,BR-01656/2026,Quaest,Presidente,Paraná,2,Cenário 1,Lula,PT,"29,00",3,27/07/2026,https://g1.globo.com/pr/parana/noticia/2026/07/27/quaest-parana-presidente-julho.ghtml
F,BR-01656/2026,Quaest,Presidente,Paraná,2,Cenário 1,Ronaldo Caiado,PSD,"33,00",3,27/07/2026,https://g1.globo.com/pr/parana/noticia/2026/07/27/quaest-parana-presidente-julho.ghtml
F,BR-01656/2026,Quaest,Presidente,Paraná,2,Cenário 1,Branco/nulo,,"26,00",3,27/07/2026,https://g1.globo.com/pr/parana/noticia/2026/07/27/quaest-parana-presidente-julho.ghtml
F,BR-01656/2026,Quaest,Presidente,Paraná,2,Cenário 1,Não sabe,,"12,00",3,27/07/2026,https://g1.globo.com/pr/parana/noticia/2026/07/27/quaest-parana-presidente-julho.ghtml
F,BR-01656/2026,Quaest,Presidente,Paraná,2,Cenário 1,Lula,PT,"30,00",3,27/07/2026,https://g1.globo.com/pr/parana/noticia/2026/07/27/quaest-parana-presidente-julho.ghtml
F,BR-01656/2026,Quaest,Presidente,Paraná,2,Cenário 1,Romeu Zema,Novo,"32,00",3,27/07/2026,https://g1.globo.com/pr/parana/noticia/2026/07/27/quaest-parana-presidente-julho.ghtml
F,BR-01656/2026,Quaest,Presidente,Paraná,2,Cenário 1,Branco/nulo,,"27,00",3,27/07/2026,https://g1.globo.com/pr/parana/noticia/2026/07/27/quaest-parana-presidente-julho.ghtml
F,BR-01656/2026,Quaest,Presidente,Paraná,2,Cenário 1,Não sabe,,"11,00",3,27/07/2026,https://g1.globo.com/pr/parana/noticia/2026/07/27/quaest-parana-presidente-julho.ghtml
F,BR-01656/2026,Quaest,Presidente,Paraná,2,Cenário 1,Lula,PT,"30,00",3,27/07/2026,https://g1.globo.com/pr/parana/noticia/2026/07/27/quaest-parana-presidente-julho.ghtml
F,BR-01656/2026,Quaest,Presidente,Paraná,2,Cenário 1,Renan Santos,Missão,"27,00",3,27/07/2026,https://g1.globo.com/pr/parana/noticia/2026/07/27/quaest-parana-presidente-julho.ghtml
F,BR-01656/2026,Quaest,Presidente,Paraná,2,Cenário 1,Branco/nulo,,"32,00",3,27/07/2026,https://g1.globo.com/pr/parana/noticia/2026/07/27/quaest-parana-presidente-julho.ghtml
F,BR-01656/2026,Quaest,Presidente,Paraná,2,Cenário 1,Não sabe,,"11,00",3,27/07/2026,https://g1.globo.com/pr/parana/noticia/2026/07/27/quaest-parana-presidente-julho.ghtml
F,BR-07801/2026,RealTime BigData,Presidente,Alagoas,1,Cenário 1,Lula,PT,"51,00",2,01/07/2026,https://www.poder360.com.br/poder-pesquisas/lula-tem-54-contra-37-de-flavio-no-2o-turno-em-alagoas-diz-pesquisa/
F,BR-07801/2026,RealTime BigData,Presidente,Alagoas,1,Cenário 1,Flávio Bolsonaro,PL,"30,00",2,01/07/2026,https://www.poder360.com.br/poder-pesquisas/lula-tem-54-contra-37-de-flavio-no-2o-turno-em-alagoas-diz-pesquisa/
F,BR-07801/2026,RealTime BigData,Presidente,Alagoas,1,Cenário 1,Ronaldo Caiado,PSD,"2,00",2,01/07/2026,https://www.poder360.com.br/poder-pesquisas/lula-tem-54-contra-37-de-flavio-no-2o-turno-em-alagoas-diz-pesquisa/
F,BR-07801/2026,RealTime BigData,Presidente,Alagoas,1,Cenário 1,Renan Santos,Missão,"4,00",2,01/07/2026,https://www.poder360.com.br/poder-pesquisas/lula-tem-54-contra-37-de-flavio-no-2o-turno-em-alagoas-diz-pesquisa/
F,BR-07801/2026,RealTime BigData,Presidente,Alagoas,1,Cenário 1,Romeu Zema,Novo,"1,00",2,01/07/2026,https://www.poder360.com.br/poder-pesquisas/lula-tem-54-contra-37-de-flavio-no-2o-turno-em-alagoas-diz-pesquisa/
F,BR-07801/2026,RealTime BigData,Presidente,Alagoas,1,Cenário 1,Branco/nulo,,"3,00",2,01/07/2026,https://www.poder360.com.br/poder-pesquisas/lula-tem-54-contra-37-de-flavio-no-2o-turno-em-alagoas-diz-pesquisa/
F,BR-07801/2026,RealTime BigData,Presidente,Alagoas,1,Cenário 1,Não sabe,,"3,00",2,01/07/2026,https://www.poder360.com.br/poder-pesquisas/lula-tem-54-contra-37-de-flavio-no-2o-turno-em-alagoas-diz-pesquisa/
F,BR-07801/2026,RealTime BigData,Presidente,Alagoas,2,Cenário 1,Lula,PT,"54,00",2,01/07/2026,https://www.poder360.com.br/poder-pesquisas/lula-tem-54-contra-37-de-flavio-no-2o-turno-em-alagoas-diz-pesquisa/
F,BR-07801/2026,RealTime BigData,Presidente,Alagoas,2,Cenário 1,Flávio Bolsonaro,PL,"37,00",2,01/07/2026,https://www.poder360.com.br/poder-pesquisas/lula-tem-54-contra-37-de-flavio-no-2o-turno-em-alagoas-diz-pesquisa/
F,BR-07801/2026,RealTime BigData,Presidente,Alagoas,2,Cenário 1,Branco/nulo,,"5,00",2,01/07/2026,https://www.poder360.com.br/poder-pesquisas/lula-tem-54-contra-37-de-flavio-no-2o-turno-em-alagoas-diz-pesquisa/
F,BR-07801/2026,RealTime BigData,Presidente,Alagoas,2,Cenário 1,Não sabe,,"4,00",2,01/07/2026,https://www.poder360.com.br/poder-pesquisas/lula-tem-54-contra-37-de-flavio-no-2o-turno-em-alagoas-diz-pesquisa/
F,BR-06776/2026,Instituto França,Presidente,Distrito Federal,1,Cenário 1,Lula,PT,"33,73",3,30/06/2026,https://static.poder360.com.br/uploads/2026/07/pesquisa-franca-bsb.pdf
F,BR-06776/2026,Instituto França,Presidente,Distrito Federal,1,Cenário 1,Flávio Bolsonaro,PL,"32,84",3,30/06/2026,https://static.poder360.com.br/uploads/2026/07/pesquisa-franca-bsb.pdf
F,BR-06776/2026,Instituto França,Presidente,Distrito Federal,1,Cenário 1,Ronaldo Caiado,PSD,"8,96",3,30/06/2026,https://static.poder360.com.br/uploads/2026/07/pesquisa-franca-bsb.pdf
F,BR-06776/2026,Instituto França,Presidente,Distrito Federal,1,Cenário 1,Renan Santos,Missão,"3,13",3,30/06/2026,https://static.poder360.com.br/uploads/2026/07/pesquisa-franca-bsb.pdf
F,BR-06776/2026,Instituto França,Presidente,Distrito Federal,1,Cenário 1,Romeu Zema,Novo,"1,34",3,30/06/2026,https://static.poder360.com.br/uploads/2026/07/pesquisa-franca-bsb.pdf
F,BR-06776/2026,Instituto França,Presidente,Distrito Federal,1,Cenário 1,Augusto Cury,Avante,"0,90",3,30/06/2026,https://static.poder360.com.br/uploads/2026/07/pesquisa-franca-bsb.pdf
F,BR-06776/2026,Instituto França,Presidente,Distrito Federal,1,Cenário 1,Cabo Daciolo,Mobiliza,"0,30",3,30/06/2026,https://static.poder360.com.br/uploads/2026/07/pesquisa-franca-bsb.pdf
F,BR-06776/2026,Instituto França,Presidente,Distrito Federal,1,Cenário 1,Samara Martins,UP,"0,30",3,30/06/2026,https://static.poder360.com.br/uploads/2026/07/pesquisa-franca-bsb.pdf
F,BR-06776/2026,Instituto França,Presidente,Distrito Federal,1,Cenário 1,Branco/nulo,,"5,37",3,30/06/2026,https://static.poder360.com.br/uploads/2026/07/pesquisa-franca-bsb.pdf
F,BR-06776/2026,Instituto França,Presidente,Distrito Federal,1,Cenário 1,Não sabe,,"11,79",3,30/06/2026,https://static.poder360.com.br/uploads/2026/07/pesquisa-franca-bsb.pdf
F,BR-06776/2026,Instituto França,Presidente,Distrito Federal,2,Cenário 1,Lula,PT,"39,70",3,30/06/2026,https://static.poder360.com.br/uploads/2026/07/pesquisa-franca-bsb.pdf
F,BR-06776/2026,Instituto França,Presidente,Distrito Federal,2,Cenário 1,Flávio Bolsonaro,PL,"41,49",3,30/06/2026,https://static.poder360.com.br/uploads/2026/07/pesquisa-franca-bsb.pdf
F,BR-06776/2026,Instituto França,Presidente,Distrito Federal,2,Cenário 1,Branco/nulo,,"12,84",3,30/06/2026,https://static.poder360.com.br/uploads/2026/07/pesquisa-franca-bsb.pdf
F,BR-06776/2026,Instituto França,Presidente,Distrito Federal,2,Cenário 1,Não sabe,,"5,97",3,30/06/2026,https://static.poder360.com.br/uploads/2026/07/pesquisa-franca-bsb.pdf
F,DF-09433/2026,Badra Comunicação,Governador,Distrito Federal,1,Cenário 1,Celina Leão,PP,"30,80",3,03/08/2026,https://badrapesquisas.com.br/
F,DF-09433/2026,Badra Comunicação,Governador,Distrito Federal,1,Cenário 1,Arruda,PSD,"24,20",3,03/08/2026,https://badrapesquisas.com.br/
F,DF-09433/2026,Badra Comunicação,Governador,Distrito Federal,1,Cenário 1,Leandro Grass,PT,"12,70",3,03/08/2026,https://badrapesquisas.com.br/
F,DF-09433/2026,Badra Comunicação,Governador,Distrito Federal,1,Cenário 1,Paula Belmonte,PSDB,"5,10",3,03/08/2026,https://badrapesquisas.com.br/
F,DF-09433/2026,Badra Comunicação,Governador,Distrito Federal,1,Cenário 1,Ricardo Capelli,PSB,"4,00",3,03/08/2026,https://badrapesquisas.com.br/
F,DF-09433/2026,Badra Comunicação,Governador,Distrito Federal,1,Cenário 1,Samara Mineiro,UP,"2,20",3,03/08/2026,https://badrapesquisas.com.br/
F,DF-09433/2026,Badra Comunicação,Governador,Distrito Federal,1,Cenário 1,Kiko Caputo,Novo,"1,10",3,03/08/2026,https://badrapesquisas.com.br/
F,DF-09433/2026,Badra Comunicação,Governador,Distrito Federal,1,Cenário 1,Ninguém,,"7,00",3,03/08/2026,https://badrapesquisas.com.br/
F,DF-09433/2026,Badra Comunicação,Governador,Distrito Federal,1,Cenário 1,Branco/nulo,,"4,80",3,03/08/2026,https://badrapesquisas.com.br/
F,DF-09433/2026,Badra Comunicação,Governador,Distrito Federal,1,Cenário 1,Não sabe,,"8,1",3,03/08/2026,https://badrapesquisas.com.br/
F,DF-09433/2026,Badra Comunicação,Senador,Distrito Federal,1,Cenário 1,Michelle Bolsonaro,PL,"24,10",3,03/08/2026,https://badrapesquisas.com.br/
F,DF-09433/2026,Badra Comunicação,Senador,Distrito Federal,1,Cenário 1,Érika Kokay,PT,"16,60",3,03/08/2026,https://badrapesquisas.com.br/
F,DF-09433/2026,Badra Comunicação,Senador,Distrito Federal,1,Cenário 1,Bia Kicis,PL,"16,30",3,03/08/2026,https://badrapesquisas.com.br/
F,DF-09433/2026,Badra Comunicação,Senador,Distrito Federal,1,Cenário 1,Leila do Vôlei,PDT,"14,20",3,03/08/2026,https://badrapesquisas.com.br/
F,DF-09433/2026,Badra Comunicação,Senador,Distrito Federal,1,Cenário 1,Rafael Prudente,MDB,"6,00",3,03/08/2026,https://badrapesquisas.com.br/
F,DF-09433/2026,Badra Comunicação,Senador,Distrito Federal,1,Cenário 1,Ibaneis Rocha,MDB,"3,40",3,03/08/2026,https://badrapesquisas.com.br/
F,DF-09433/2026,Badra Comunicação,Senador,Distrito Federal,1,Cenário 1,Paulo Octavio,PSD,"2,90",3,03/08/2026,https://badrapesquisas.com.br/
F,DF-09433/2026,Badra Comunicação,Senador,Distrito Federal,1,Cenário 1,Izalci Lucas,PL,"2,00",3,03/08/2026,https://badrapesquisas.com.br/
F,DF-09433/2026,Badra Comunicação,Senador,Distrito Federal,1,Cenário 1,Sebastião Coelho,Novo,"1,40",3,03/08/2026,https://badrapesquisas.com.br/
F,DF-09433/2026,Badra Comunicação,Senador,Distrito Federal,1,Cenário 1,Ninguém,,"5,5",3,03/08/2026,https://badrapesquisas.com.br/
F,DF-09433/2026,Badra Comunicação,Senador,Distrito Federal,1,Cenário 1,Branco/nulo,,"1,7",3,03/08/2026,https://badrapesquisas.com.br/
F,DF-09433/2026,Badra Comunicação,Senador,Distrito Federal,1,Cenário 1,Não sabe,,"6,00",3,03/08/2026,https://badrapesquisas.com.br/
F,BR-08246/2026,Badra Comunicação,Presidente,Distrito Federal,1,Cenário 1,Flávio Bolsonaro,PL,"33,80",3,03/08/2026,https://badrapesquisas.com.br/
F,BR-08246/2026,Badra Comunicação,Presidente,Distrito Federal,1,Cenário 1,Lula,PT,"29,30",3,03/08/2026,https://badrapesquisas.com.br/
F,BR-08246/2026,Badra Comunicação,Presidente,Distrito Federal,1,Cenário 1,Ronaldo Caiado,PSD,"11,00",3,03/08/2026,https://badrapesquisas.com.br/
F,BR-08246/2026,Badra Comunicação,Presidente,Distrito Federal,1,Cenário 1,Renan Santos,Missão,"2,10",3,03/08/2026,https://badrapesquisas.com.br/
F,BR-08246/2026,Badra Comunicação,Presidente,Distrito Federal,1,Cenário 1,Romeu Zema,Novo,"2,00",3,03/08/2026,https://badrapesquisas.com.br/
F,BR-08246/2026,Badra Comunicação,Presidente,Distrito Federal,1,Cenário 1,Samara Martins,UP,"0,30",3,03/08/2026,https://badrapesquisas.com.br/
F,BR-08246/2026,Badra Comunicação,Presidente,Distrito Federal,1,Cenário 1,Rui Costa Pimenta,PCO,"0,10",3,03/08/2026,https://badrapesquisas.com.br/
F,BR-08246/2026,Badra Comunicação,Presidente,Distrito Federal,1,Cenário 1,Augusto Cury,Avante,"0,10",3,03/08/2026,https://badrapesquisas.com.br/
F,BR-08246/2026,Badra Comunicação,Presidente,Distrito Federal,1,Cenário 1,Cabo Daciolo,Mobiliza,"0,10",3,03/08/2026,https://badrapesquisas.com.br/
F,BR-08246/2026,Badra Comunicação,Presidente,Distrito Federal,1,Cenário 1,Clariana Barão,DC,0,3,03/08/2026,https://badrapesquisas.com.br/
F,BR-08246/2026,Badra Comunicação,Presidente,Distrito Federal,1,Cenário 1,Hertz Dias,PSTU,0,3,03/08/2026,https://badrapesquisas.com.br/
F,BR-08246/2026,Badra Comunicação,Presidente,Distrito Federal,1,Cenário 1,Heró Bezerra,PRTB,"0,00",3,03/08/2026,https://badrapesquisas.com.br/
F,BR-08246/2026,Badra Comunicação,Presidente,Distrito Federal,1,Cenário 1,Edmilson Costa,PCB,"0,00",3,03/08/2026,https://badrapesquisas.com.br/
F,BR-08246/2026,Badra Comunicação,Presidente,Distrito Federal,1,Cenário 1,Ninguém,,"6,90",3,03/08/2026,https://badrapesquisas.com.br/
F,BR-08246/2026,Badra Comunicação,Presidente,Distrito Federal,1,Cenário 1,Branco/nulo,,"4,20",3,03/08/2026,https://badrapesquisas.com.br/
F,BR-08246/2026,Badra Comunicação,Presidente,Distrito Federal,1,Cenário 1,Não sabe,,"10,20",3,03/08/2026,https://badrapesquisas.com.br/
F,DF-04077/2026,Opinião Consultoria,Governador,Distrito Federal,1,Cenário 1,Celina Leão,PP,"32,40","3,3",05/08/2026,https://www.correiobraziliense.com.br/cidades-df/2026/08/7473952-pesquisa-correio-opiniao-celina-avanca-e-se-descola-de-arruda-na-disputa-pelo-gdf.html
F,DF-04077/2026,Opinião Consultoria,Governador,Distrito Federal,1,Cenário 1,Arruda,PSD,"24,00","3,3",05/08/2026,https://www.correiobraziliense.com.br/cidades-df/2026/08/7473952-pesquisa-correio-opiniao-celina-avanca-e-se-descola-de-arruda-na-disputa-pelo-gdf.html
F,DF-04077/2026,Opinião Consultoria,Governador,Distrito Federal,1,Cenário 1,Leandro Grass,PT,"9,80","3,3",05/08/2026,https://www.correiobraziliense.com.br/cidades-df/2026/08/7473952-pesquisa-correio-opiniao-celina-avanca-e-se-descola-de-arruda-na-disputa-pelo-gdf.html
F,DF-04077/2026,Opinião Consultoria,Governador,Distrito Federal,1,Cenário 1,Ricardo Cappelli,PSB,"4,30","3,3",05/08/2026,https://www.correiobraziliense.com.br/cidades-df/2026/08/7473952-pesquisa-correio-opiniao-celina-avanca-e-se-descola-de-arruda-na-disputa-pelo-gdf.html
F,DF-04077/2026,Opinião Consultoria,Governador,Distrito Federal,1,Cenário 1,Paula Belmonte,PSDB,"3,50","3,3",05/08/2026,https://www.correiobraziliense.com.br/cidades-df/2026/08/7473952-pesquisa-correio-opiniao-celina-avanca-e-se-descola-de-arruda-na-disputa-pelo-gdf.html
F,DF-04077/2026,Opinião Consultoria,Governador,Distrito Federal,1,Cenário 1,Samara Mineiro,UP,"0,90","3,3",05/08/2026,https://www.correiobraziliense.com.br/cidades-df/2026/08/7473952-pesquisa-correio-opiniao-celina-avanca-e-se-descola-de-arruda-na-disputa-pelo-gdf.html
F,DF-04077/2026,Opinião Consultoria,Governador,Distrito Federal,1,Cenário 1,Kiko Caputo,Novo,"0,80","3,3",05/08/2026,https://www.correiobraziliense.com.br/cidades-df/2026/08/7473952-pesquisa-correio-opiniao-celina-avanca-e-se-descola-de-arruda-na-disputa-pelo-gdf.html
F,DF-04077/2026,Opinião Consultoria,Governador,Distrito Federal,1,Cenário 1,Robson Raimundo,PSTU,"0,50","3,3",05/08/2026,https://www.correiobraziliense.com.br/cidades-df/2026/08/7473952-pesquisa-correio-opiniao-celina-avanca-e-se-descola-de-arruda-na-disputa-pelo-gdf.html
F,DF-04077/2026,Opinião Consultoria,Governador,Distrito Federal,1,Cenário 1,Branco/Nulo/Nenhum,,"12,20","3,3",05/08/2026,https://www.correiobraziliense.com.br/cidades-df/2026/08/7473952-pesquisa-correio-opiniao-celina-avanca-e-se-descola-de-arruda-na-disputa-pelo-gdf.html
F,DF-04077/2026,Opinião Consultoria,Governador,Distrito Federal,1,Cenário 1,Indeciso/Não sabe,,"11,5","3,3",05/08/2026,https://www.correiobraziliense.com.br/cidades-df/2026/08/7473952-pesquisa-correio-opiniao-celina-avanca-e-se-descola-de-arruda-na-disputa-pelo-gdf.html
F,DF-04077/2026,Opinião Consultoria,Governador,Distrito Federal,2,Cenário 1,Celina Leão,PP,"43,60","3,3",05/08/2026,https://www.correiobraziliense.com.br/cidades-df/2026/08/7473952-pesquisa-correio-opiniao-celina-avanca-e-se-descola-de-arruda-na-disputa-pelo-gdf.html
F,DF-04077/2026,Opinião Consultoria,Governador,Distrito Federal,2,Cenário 1,Arruda,PSD,"40,10","3,3",05/08/2026,https://www.correiobraziliense.com.br/cidades-df/2026/08/7473952-pesquisa-correio-opiniao-celina-avanca-e-se-descola-de-arruda-na-disputa-pelo-gdf.html
F,DF-04077/2026,Opinião Consultoria,Governador,Distrito Federal,2,Cenário 2,Celina Leão,PP,"53,80","3,3",05/08/2026,https://www.correiobraziliense.com.br/cidades-df/2026/08/7473952-pesquisa-correio-opiniao-celina-avanca-e-se-descola-de-arruda-na-disputa-pelo-gdf.html
F,DF-04077/2026,Opinião Consultoria,Governador,Distrito Federal,2,Cenário 2,Leandro Grass,PT,"28,60","3,3",05/08/2026,https://www.correiobraziliense.com.br/cidades-df/2026/08/7473952-pesquisa-correio-opiniao-celina-avanca-e-se-descola-de-arruda-na-disputa-pelo-gdf.html
F,DF-04077/2026,Opinião Consultoria,Governador,Distrito Federal,2,Cenário 3,Arruda,PSD,"50,90","3,3",05/08/2026,https://www.correiobraziliense.com.br/cidades-df/2026/08/7473952-pesquisa-correio-opiniao-celina-avanca-e-se-descola-de-arruda-na-disputa-pelo-gdf.html
F,DF-04077/2026,Opinião Consultoria,Governador,Distrito Federal,2,Cenário 3,Leandro Grass,PT,"28,80","3,3",05/08/2026,https://www.correiobraziliense.com.br/cidades-df/2026/08/7473952-pesquisa-correio-opiniao-celina-avanca-e-se-descola-de-arruda-na-disputa-pelo-gdf.html
F,GO-08142/2026,DataRD,Governador,Goiás,1,Cenário 1,Daniel Vilela,MDB,"33,30","2,52",05/08/2026,https://www.podernacional.com.br/wilder-morais-se-aproxima-de-daniel-vilela-indica-pesquisa-datard/
F,GO-08142/2026,DataRD,Governador,Goiás,1,Cenário 1,Wilder Morais,PL,"24,70","2,52",05/08/2026,https://www.podernacional.com.br/wilder-morais-se-aproxima-de-daniel-vilela-indica-pesquisa-datard/
F,GO-08142/2026,DataRD,Governador,Goiás,1,Cenário 1,Marconi Perillo,PSDB,"17,20","2,52",05/08/2026,https://www.podernacional.com.br/wilder-morais-se-aproxima-de-daniel-vilela-indica-pesquisa-datard/
F,GO-08142/2026,DataRD,Governador,Goiás,1,Cenário 1,Luís César Bueno,PT,"8,60","2,52",05/08/2026,https://www.podernacional.com.br/wilder-morais-se-aproxima-de-daniel-vilela-indica-pesquisa-datard/
F,GO-08142/2026,DataRD,Governador,Goiás,1,Cenário 1,Branco/Nulo/Nenhum,,"8,00","2,52",05/08/2026,https://www.podernacional.com.br/wilder-morais-se-aproxima-de-daniel-vilela-indica-pesquisa-datard/
F,GO-08142/2026,DataRD,Governador,Goiás,1,Cenário 1,Indeciso/Não sabe,,"8,20","2,52",05/08/2026,https://www.podernacional.com.br/wilder-morais-se-aproxima-de-daniel-vilela-indica-pesquisa-datard/
F,BR-07847/2026,DataRD,Presidente,Goiás,1,Cenário 1,Flávio Bolsonaro,PL,"34,70","2,52",05/08/2026,https://www.podernacional.com.br/flavio-bolsonaro-lidera-disputa-presidencial-em-goias/
F,BR-07847/2026,DataRD,Presidente,Goiás,1,Cenário 1,Ronaldo Caiado,PSD,"29,70","2,52",05/08/2026,https://www.podernacional.com.br/flavio-bolsonaro-lidera-disputa-presidencial-em-goias/
F,BR-07847/2026,DataRD,Presidente,Goiás,1,Cenário 1,Lula,PT,"27,50","2,52",05/08/2026,https://www.podernacional.com.br/flavio-bolsonaro-lidera-disputa-presidencial-em-goias/
F,BR-07847/2026,DataRD,Presidente,Goiás,1,Cenário 1,Renan Santos,Missão,"2,40","2,52",05/08/2026,https://www.podernacional.com.br/flavio-bolsonaro-lidera-disputa-presidencial-em-goias/
F,BR-07847/2026,DataRD,Presidente,Goiás,1,Cenário 1,Romeu Zema,Novo,"1,00","2,52",05/08/2026,https://www.podernacional.com.br/flavio-bolsonaro-lidera-disputa-presidencial-em-goias/
F,BR-07847/2026,DataRD,Presidente,Goiás,1,Cenário 1,Branco/Nulo/Nenhum,,"2,20","2,52",05/08/2026,https://www.podernacional.com.br/flavio-bolsonaro-lidera-disputa-presidencial-em-goias/
F,BR-07847/2026,DataRD,Presidente,Goiás,1,Cenário 1,Indeciso/Não sabe,,"2,50","2,52",05/08/2026,https://www.podernacional.com.br/flavio-bolsonaro-lidera-disputa-presidencial-em-goias/
F,RN-06579/2026,Data Capital,Governador,Rio Grande do Norte,1,Cenário 1,Allyson Bezerra,União Brasil,"40,00","2,2",05/08/2026,https://portaldatropical.com.br/news/pesquisa-data-capital-allyson-bezerra-lidera-disputa-pelo-governo-do-rn
F,RN-06579/2026,Data Capital,Governador,Rio Grande do Norte,1,Cenário 1,Álvaro Dias,PL,"26,00","2,2",05/08/2026,https://portaldatropical.com.br/news/pesquisa-data-capital-allyson-bezerra-lidera-disputa-pelo-governo-do-rn
F,RN-06579/2026,Data Capital,Governador,Rio Grande do Norte,1,Cenário 1,Cadu Xavier,PT,"20,00","2,2",05/08/2026,https://portaldatropical.com.br/news/pesquisa-data-capital-allyson-bezerra-lidera-disputa-pelo-governo-do-rn
F,RN-06579/2026,Data Capital,Governador,Rio Grande do Norte,1,Cenário 1,Robério Paulino,PSOL,"3,00","2,2",05/08/2026,https://portaldatropical.com.br/news/pesquisa-data-capital-allyson-bezerra-lidera-disputa-pelo-governo-do-rn
F,RN-06579/2026,Data Capital,Governador,Rio Grande do Norte,1,Cenário 1,Rodrigo Bolsonaro,Novo,"1,00","2,2",05/08/2026,https://portaldatropical.com.br/news/pesquisa-data-capital-allyson-bezerra-lidera-disputa-pelo-governo-do-rn
F,RN-06579/2026,Data Capital,Governador,Rio Grande do Norte,1,Cenário 1,Branco/Nulo/Nenhum,,"4,00","2,2",05/08/2026,https://portaldatropical.com.br/news/pesquisa-data-capital-allyson-bezerra-lidera-disputa-pelo-governo-do-rn
F,RN-06579/2026,Data Capital,Governador,Rio Grande do Norte,1,Cenário 1,Indeciso/Não sabe,,"6,00","2,2",05/08/2026,https://portaldatropical.com.br/news/pesquisa-data-capital-allyson-bezerra-lidera-disputa-pelo-governo-do-rn
F,RN-06579/2026,Data Capital,Governador,Rio Grande do Norte,2,Cenário 1,Allyson Bezerra,União Brasil,52,"2,2",05/08/2026,https://portaldatropical.com.br/news/pesquisa-data-capital-allyson-bezerra-lidera-disputa-pelo-governo-do-rn
F,RN-06579/2026,Data Capital,Governador,Rio Grande do Norte,2,Cenário 1,Álvaro Dias,PL,34,"2,2",05/08/2026,https://portaldatropical.com.br/news/pesquisa-data-capital-allyson-bezerra-lidera-disputa-pelo-governo-do-rn
F,RN-06579/2026,Data Capital,Governador,Rio Grande do Norte,2,Cenário 1,Branco/Nulo/Nenhum,,"7,00","2,2",05/08/2026,https://portaldatropical.com.br/news/pesquisa-data-capital-allyson-bezerra-lidera-disputa-pelo-governo-do-rn
F,RN-06579/2026,Data Capital,Governador,Rio Grande do Norte,2,Cenário 1,Indeciso/Não sabe,,"7,00","2,2",05/08/2026,https://portaldatropical.com.br/news/pesquisa-data-capital-allyson-bezerra-lidera-disputa-pelo-governo-do-rn
F,RN-06579/2026,Data Capital,Governador,Rio Grande do Norte,2,Cenário 2,Allyson Bezerra,União Brasil,56,"2,2",05/08/2026,https://portaldatropical.com.br/news/pesquisa-data-capital-allyson-bezerra-lidera-disputa-pelo-governo-do-rn
F,RN-06579/2026,Data Capital,Governador,Rio Grande do Norte,2,Cenário 2,Cadu Xavier,PT,31,"2,2",05/08/2026,https://portaldatropical.com.br/news/pesquisa-data-capital-allyson-bezerra-lidera-disputa-pelo-governo-do-rn
F,RN-06579/2026,Data Capital,Governador,Rio Grande do Norte,2,Cenário 2,Branco/Nulo/Nenhum,,"7,00","2,2",05/08/2026,https://portaldatropical.com.br/news/pesquisa-data-capital-allyson-bezerra-lidera-disputa-pelo-governo-do-rn
F,RN-06579/2026,Data Capital,Governador,Rio Grande do Norte,2,Cenário 2,Indeciso/Não sabe,,"6,00","2,2",05/08/2026,https://portaldatropical.com.br/news/pesquisa-data-capital-allyson-bezerra-lidera-disputa-pelo-governo-do-rn
F,RN-06579/2026,Data Capital,Governador,Rio Grande do Norte,2,Cenário 3,Álvaro Dias,PL,47,"2,2",05/08/2026,https://portaldatropical.com.br/news/pesquisa-data-capital-allyson-bezerra-lidera-disputa-pelo-governo-do-rn
F,RN-06579/2026,Data Capital,Governador,Rio Grande do Norte,2,Cenário 3,Cadu Xavier,PT,38,"2,2",05/08/2026,https://portaldatropical.com.br/news/pesquisa-data-capital-allyson-bezerra-lidera-disputa-pelo-governo-do-rn
F,RN-06579/2026,Data Capital,Governador,Rio Grande do Norte,2,Cenário 3,Branco/Nulo/Nenhum,,"8,00","2,2",05/08/2026,https://portaldatropical.com.br/news/pesquisa-data-capital-allyson-bezerra-lidera-disputa-pelo-governo-do-rn
F,RN-06579/2026,Data Capital,Governador,Rio Grande do Norte,2,Cenário 3,Indeciso/Não sabe,,"7,00","2,2",05/08/2026,https://portaldatropical.com.br/news/pesquisa-data-capital-allyson-bezerra-lidera-disputa-pelo-governo-do-rn
F,MS-07706/2026,RealTime BigData,Governador,Mato Grosso do Sul,1,Cenário 1,Eduardo Riedel,PP,"44,00",2,06/08/2026,https://static.poder360.com.br/uploads/2026/08/Mato-Grosso-do-Sul-MS-07706_2026-AGO26-1.pdf
F,MS-07706/2026,RealTime BigData,Governador,Mato Grosso do Sul,1,Cenário 1,Fábio Trad,PT,"25,00",2,06/08/2026,https://static.poder360.com.br/uploads/2026/08/Mato-Grosso-do-Sul-MS-07706_2026-AGO26-1.pdf
F,MS-07706/2026,RealTime BigData,Governador,Mato Grosso do Sul,1,Cenário 1,Joaquim Henrique Catan,Novo,"12,00",2,06/08/2026,https://static.poder360.com.br/uploads/2026/08/Mato-Grosso-do-Sul-MS-07706_2026-AGO26-1.pdf
F,MS-07706/2026,RealTime BigData,Governador,Mato Grosso do Sul,1,Cenário 1,Lucien Rezende,PSOL,"3,00",2,06/08/2026,https://static.poder360.com.br/uploads/2026/08/Mato-Grosso-do-Sul-MS-07706_2026-AGO26-1.pdf
F,MS-07706/2026,RealTime BigData,Governador,Mato Grosso do Sul,1,Cenário 1,Renato Gomes,DC,"3,00",2,06/08/2026,https://static.poder360.com.br/uploads/2026/08/Mato-Grosso-do-Sul-MS-07706_2026-AGO26-1.pdf
F,MS-07706/2026,RealTime BigData,Governador,Mato Grosso do Sul,1,Cenário 1,Jefferson Bezerra,Agir,"1,00",2,06/08/2026,https://static.poder360.com.br/uploads/2026/08/Mato-Grosso-do-Sul-MS-07706_2026-AGO26-1.pdf
F,MS-07706/2026,RealTime BigData,Governador,Mato Grosso do Sul,1,Cenário 1,Branco/Nulo/Nenhum,,"6,00",2,06/08/2026,https://static.poder360.com.br/uploads/2026/08/Mato-Grosso-do-Sul-MS-07706_2026-AGO26-1.pdf
F,MS-07706/2026,RealTime BigData,Governador,Mato Grosso do Sul,1,Cenário 1,Indeciso/Não sabe,,"6,00",2,06/08/2026,https://static.poder360.com.br/uploads/2026/08/Mato-Grosso-do-Sul-MS-07706_2026-AGO26-1.pdf
F,MS-07706/2026,RealTime BigData,Governador,Mato Grosso do Sul,2,Cenário 1,Eduardo Riedel,PP,54,2,06/08/2026,https://static.poder360.com.br/uploads/2026/08/Mato-Grosso-do-Sul-MS-07706_2026-AGO26-1.pdf
F,MS-07706/2026,RealTime BigData,Governador,Mato Grosso do Sul,2,Cenário 1,Fábio Trad,PT,"32,00",2,06/08/2026,https://static.poder360.com.br/uploads/2026/08/Mato-Grosso-do-Sul-MS-07706_2026-AGO26-1.pdf
F,MS-07706/2026,RealTime BigData,Governador,Mato Grosso do Sul,2,Cenário 1,Branco/Nulo/Nenhum,,"7,00",2,06/08/2026,https://static.poder360.com.br/uploads/2026/08/Mato-Grosso-do-Sul-MS-07706_2026-AGO26-1.pdf
F,MS-07706/2026,RealTime BigData,Governador,Mato Grosso do Sul,2,Cenário 1,Indeciso/Não sabe,,"7,00",2,06/08/2026,https://static.poder360.com.br/uploads/2026/08/Mato-Grosso-do-Sul-MS-07706_2026-AGO26-1.pdf
F,MS-07706/2026,RealTime BigData,Senador,Mato Grosso do Sul,1,Cenário 1,Reinaldo Azambuja,PL,"30,00",2,06/08/2026,https://static.poder360.com.br/uploads/2026/08/Mato-Grosso-do-Sul-MS-07706_2026-AGO26-1.pdf
F,MS-07706/2026,RealTime BigData,Senador,Mato Grosso do Sul,1,Cenário 1,Capitão Contar,PL,"19,00",2,06/08/2026,https://static.poder360.com.br/uploads/2026/08/Mato-Grosso-do-Sul-MS-07706_2026-AGO26-1.pdf
F,MS-07706/2026,RealTime BigData,Senador,Mato Grosso do Sul,1,Cenário 1,Nelsinho Trad,PSD,"15,00",2,06/08/2026,https://static.poder360.com.br/uploads/2026/08/Mato-Grosso-do-Sul-MS-07706_2026-AGO26-1.pdf
F,MS-07706/2026,RealTime BigData,Senador,Mato Grosso do Sul,1,Cenário 1,Vander Loubet,PT,"9,00",2,06/08/2026,https://static.poder360.com.br/uploads/2026/08/Mato-Grosso-do-Sul-MS-07706_2026-AGO26-1.pdf
F,MS-07706/2026,RealTime BigData,Senador,Mato Grosso do Sul,1,Cenário 1,Soraya Thronicke,PSB,"8,00",2,06/08/2026,https://static.poder360.com.br/uploads/2026/08/Mato-Grosso-do-Sul-MS-07706_2026-AGO26-1.pdf
F,MS-07706/2026,RealTime BigData,Senador,Mato Grosso do Sul,1,Cenário 1,Beto do Movimento,PSOL,"5,00",2,06/08/2026,https://static.poder360.com.br/uploads/2026/08/Mato-Grosso-do-Sul-MS-07706_2026-AGO26-1.pdf
F,MS-07706/2026,RealTime BigData,Senador,Mato Grosso do Sul,1,Cenário 1,Daniel Júnior,Agir,"2,00",2,06/08/2026,https://static.poder360.com.br/uploads/2026/08/Mato-Grosso-do-Sul-MS-07706_2026-AGO26-1.pdf
F,MS-07706/2026,RealTime BigData,Senador,Mato Grosso do Sul,1,Cenário 1,Fernando Moraes,DC,"2,00",2,06/08/2026,https://static.poder360.com.br/uploads/2026/08/Mato-Grosso-do-Sul-MS-07706_2026-AGO26-1.pdf
F,MS-07706/2026,RealTime BigData,Senador,Mato Grosso do Sul,1,Cenário 1,Branco/Nulo/Nenhum,,4,2,06/08/2026,https://static.poder360.com.br/uploads/2026/08/Mato-Grosso-do-Sul-MS-07706_2026-AGO26-1.pdf
F,MS-07706/2026,RealTime BigData,Senador,Mato Grosso do Sul,1,Cenário 1,Indeciso/não sabe,,6,2,06/08/2026,https://static.poder360.com.br/uploads/2026/08/Mato-Grosso-do-Sul-MS-07706_2026-AGO26-1.pdf
F,PI-02509/2026,Instituto Vetor3,Governador,Piauí,1,Cenário 1,Rafael Fonteles,PT,"56,53","2,45",06/08/2026,https://conectapiaui.com.br/noticia/pesquisas/rafael-e-lula-tem-larga-vantagem-sobre-adversarios-em-nova-pesquisa-vetor3-21101.html
F,PI-02509/2026,Instituto Vetor3,Governador,Piauí,1,Cenário 1,Joel Rodrigues,PP,"26,50","2,45",06/08/2026,https://conectapiaui.com.br/noticia/pesquisas/rafael-e-lula-tem-larga-vantagem-sobre-adversarios-em-nova-pesquisa-vetor3-21101.html
F,PI-02509/2026,Instituto Vetor3,Governador,Piauí,1,Cenário 1,Lúcia Santos,PSDB,"0,69","2,45",06/08/2026,https://conectapiaui.com.br/noticia/pesquisas/rafael-e-lula-tem-larga-vantagem-sobre-adversarios-em-nova-pesquisa-vetor3-21101.html
F,PI-02509/2026,Instituto Vetor3,Governador,Piauí,1,Cenário 1,Santiago Belizário,UP,"0,60","2,45",06/08/2026,https://conectapiaui.com.br/noticia/pesquisas/rafael-e-lula-tem-larga-vantagem-sobre-adversarios-em-nova-pesquisa-vetor3-21101.html
F,PI-02509/2026,Instituto Vetor3,Governador,Piauí,1,Cenário 1,Elizeu Aguiar,Novo,"0,56","2,45",06/08/2026,https://conectapiaui.com.br/noticia/pesquisas/rafael-e-lula-tem-larga-vantagem-sobre-adversarios-em-nova-pesquisa-vetor3-21101.html
F,PI-02509/2026,Instituto Vetor3,Governador,Piauí,1,Cenário 1,Lourdes Melo,PCO,"0,50","2,45",06/08/2026,https://conectapiaui.com.br/noticia/pesquisas/rafael-e-lula-tem-larga-vantagem-sobre-adversarios-em-nova-pesquisa-vetor3-21101.html
F,PI-02509/2026,Instituto Vetor3,Governador,Piauí,1,Cenário 1,Geraldo Carvalho,PSTU,"0,50","2,45",06/08/2026,https://conectapiaui.com.br/noticia/pesquisas/rafael-e-lula-tem-larga-vantagem-sobre-adversarios-em-nova-pesquisa-vetor3-21101.html
F,PI-02509/2026,Instituto Vetor3,Governador,Piauí,1,Cenário 1,Gustavo Henrique,Avante,"0,19","2,45",06/08/2026,https://conectapiaui.com.br/noticia/pesquisas/rafael-e-lula-tem-larga-vantagem-sobre-adversarios-em-nova-pesquisa-vetor3-21101.html
F,PI-02509/2026,Instituto Vetor3,Governador,Piauí,1,Cenário 1,Francisco Jurity,DC,"0,06","2,45",06/08/2026,https://conectapiaui.com.br/noticia/pesquisas/rafael-e-lula-tem-larga-vantagem-sobre-adversarios-em-nova-pesquisa-vetor3-21101.html
F,PI-02509/2026,Instituto Vetor3,Governador,Piauí,1,Cenário 1,Gisvaldo Oliveira,PSOL,"0,06","2,45",06/08/2026,https://conectapiaui.com.br/noticia/pesquisas/rafael-e-lula-tem-larga-vantagem-sobre-adversarios-em-nova-pesquisa-vetor3-21101.html
F,PI-02509/2026,Instituto Vetor3,Governador,Piauí,1,Cenário 1,Branco/Nulo/Nenhum,,"4,54","2,45",06/08/2026,https://conectapiaui.com.br/noticia/pesquisas/rafael-e-lula-tem-larga-vantagem-sobre-adversarios-em-nova-pesquisa-vetor3-21101.html
F,PI-02509/2026,Instituto Vetor3,Governador,Piauí,1,Cenário 1,Indeciso/não sabe,,"9,27","2,45",06/08/2026,https://conectapiaui.com.br/noticia/pesquisas/rafael-e-lula-tem-larga-vantagem-sobre-adversarios-em-nova-pesquisa-vetor3-21101.html
F,PI-02509/2026,Instituto Vetor3,Senador,Piauí,1,Cenário 1,Marcelo Castro,MDB,"36,13","2,45",06/08/2026,https://conectapiaui.com.br/noticia/pesquisas/marcelo-lidera-e-ciro-e-julio-empatam-na-corrida-ao-senado-no-piaui-diz-vetor3-21108.html
F,PI-02509/2026,Instituto Vetor3,Senador,Piauí,1,Cenário 1,Ciro Nogueira,PP,"32,47","2,45",06/08/2026,https://conectapiaui.com.br/noticia/pesquisas/marcelo-lidera-e-ciro-e-julio-empatam-na-corrida-ao-senado-no-piaui-diz-vetor3-21108.html
F,PI-02509/2026,Instituto Vetor3,Senador,Piauí,1,Cenário 1,Júlio César,PSD,"32,03","2,45",06/08/2026,https://conectapiaui.com.br/noticia/pesquisas/marcelo-lidera-e-ciro-e-julio-empatam-na-corrida-ao-senado-no-piaui-diz-vetor3-21108.html
F,PI-02509/2026,Instituto Vetor3,Senador,Piauí,1,Cenário 1,Tiago Junqueira,PL,"4,60","2,45",06/08/2026,https://conectapiaui.com.br/noticia/pesquisas/marcelo-lidera-e-ciro-e-julio-empatam-na-corrida-ao-senado-no-piaui-diz-vetor3-21108.html
F,PI-02509/2026,Instituto Vetor3,Senador,Piauí,1,Cenário 1,Major Paulo Roberto,Mobiliza,"1,58","2,45",06/08/2026,https://conectapiaui.com.br/noticia/pesquisas/marcelo-lidera-e-ciro-e-julio-empatam-na-corrida-ao-senado-no-piaui-diz-vetor3-21108.html
F,PI-02509/2026,Instituto Vetor3,Senador,Piauí,1,Cenário 1,Pedro Laurentino,UP,"1,58","2,45",06/08/2026,https://conectapiaui.com.br/noticia/pesquisas/marcelo-lidera-e-ciro-e-julio-empatam-na-corrida-ao-senado-no-piaui-diz-vetor3-21108.html
F,PI-02509/2026,Instituto Vetor3,Senador,Piauí,1,Cenário 1,Jorge Lopes,PSDB,"1,14","2,45",06/08/2026,https://conectapiaui.com.br/noticia/pesquisas/marcelo-lidera-e-ciro-e-julio-empatam-na-corrida-ao-senado-no-piaui-diz-vetor3-21108.html
F,PI-02509/2026,Instituto Vetor3,Senador,Piauí,1,Cenário 1,Zé Freire,Avante,"1,08","2,45",06/08/2026,https://conectapiaui.com.br/noticia/pesquisas/marcelo-lidera-e-ciro-e-julio-empatam-na-corrida-ao-senado-no-piaui-diz-vetor3-21108.html
F,PI-02509/2026,Instituto Vetor3,Senador,Piauí,1,Cenário 1,Antônio Barros,Novo,"1,01","2,45",06/08/2026,https://conectapiaui.com.br/noticia/pesquisas/marcelo-lidera-e-ciro-e-julio-empatam-na-corrida-ao-senado-no-piaui-diz-vetor3-21108.html
F,PI-02509/2026,Instituto Vetor3,Senador,Piauí,1,Cenário 1,Branco/Nulo/Nenhum,,"13,75","2,45",06/08/2026,https://conectapiaui.com.br/noticia/pesquisas/marcelo-lidera-e-ciro-e-julio-empatam-na-corrida-ao-senado-no-piaui-diz-vetor3-21108.html
F,PI-02509/2026,Instituto Vetor3,Senador,Piauí,1,Cenário 1,Indeciso/não sabe,,"70,62","2,45",06/08/2026,https://conectapiaui.com.br/noticia/pesquisas/marcelo-lidera-e-ciro-e-julio-empatam-na-corrida-ao-senado-no-piaui-diz-vetor3-21108.html
F,BR-01894/2026,Instituto Vetor3,Presidente,Piauí,1,Cenário 1,Lula,PT,"67,79","2,45",06/08/2026,https://conectapiaui.com.br/noticia/pesquisas/rafael-e-lula-tem-larga-vantagem-sobre-adversarios-em-nova-pesquisa-vetor3-21101.html
F,BR-01894/2026,Instituto Vetor3,Presidente,Piauí,1,Cenário 1,Flávio Bolsonaro,PL,"18,35","2,45",06/08/2026,https://conectapiaui.com.br/noticia/pesquisas/rafael-e-lula-tem-larga-vantagem-sobre-adversarios-em-nova-pesquisa-vetor3-21101.html
F,BR-01894/2026,Instituto Vetor3,Presidente,Piauí,1,Cenário 1,Renan Santos,Missão,"1,81","2,45",06/08/2026,https://conectapiaui.com.br/noticia/pesquisas/rafael-e-lula-tem-larga-vantagem-sobre-adversarios-em-nova-pesquisa-vetor3-21101.html
F,BR-01894/2026,Instituto Vetor3,Presidente,Piauí,1,Cenário 1,Ronaldo Caiado,PSD,"1,00","2,45",06/08/2026,https://conectapiaui.com.br/noticia/pesquisas/rafael-e-lula-tem-larga-vantagem-sobre-adversarios-em-nova-pesquisa-vetor3-21101.html
F,BR-01894/2026,Instituto Vetor3,Presidente,Piauí,1,Cenário 1,Augusto Cury,Avante,"0,95","2,45",06/08/2026,https://conectapiaui.com.br/noticia/pesquisas/rafael-e-lula-tem-larga-vantagem-sobre-adversarios-em-nova-pesquisa-vetor3-21101.html
F,BR-01894/2026,Instituto Vetor3,Presidente,Piauí,1,Cenário 1,Samara Martins,UP,"0,50","2,45",06/08/2026,https://conectapiaui.com.br/noticia/pesquisas/rafael-e-lula-tem-larga-vantagem-sobre-adversarios-em-nova-pesquisa-vetor3-21101.html
F,BR-01894/2026,Instituto Vetor3,Presidente,Piauí,1,Cenário 1,Romeu Zema,Novo,"0,31","2,45",06/08/2026,https://conectapiaui.com.br/noticia/pesquisas/rafael-e-lula-tem-larga-vantagem-sobre-adversarios-em-nova-pesquisa-vetor3-21101.html
F,BR-01894/2026,Instituto Vetor3,Presidente,Piauí,1,Cenário 1,Edmilson Costa,PCB,"0,19","2,45",06/08/2026,https://conectapiaui.com.br/noticia/pesquisas/rafael-e-lula-tem-larga-vantagem-sobre-adversarios-em-nova-pesquisa-vetor3-21101.html
F,BR-01894/2026,Instituto Vetor3,Presidente,Piauí,1,Cenário 1,Aldo Rebelo,DC,"0,12","2,45",06/08/2026,https://conectapiaui.com.br/noticia/pesquisas/rafael-e-lula-tem-larga-vantagem-sobre-adversarios-em-nova-pesquisa-vetor3-21101.html
F,BR-01894/2026,Instituto Vetor3,Presidente,Piauí,1,Cenário 1,Rui Costa Pimenta,PCO,"0,12","2,45",06/08/2026,https://conectapiaui.com.br/noticia/pesquisas/rafael-e-lula-tem-larga-vantagem-sobre-adversarios-em-nova-pesquisa-vetor3-21101.html
F,BR-01894/2026,Instituto Vetor3,Presidente,Piauí,1,Cenário 1,Hertz Dias,PSTU,"0,12","2,45",06/08/2026,https://conectapiaui.com.br/noticia/pesquisas/rafael-e-lula-tem-larga-vantagem-sobre-adversarios-em-nova-pesquisa-vetor3-21101.html
F,BR-01894/2026,Instituto Vetor3,Presidente,Piauí,1,Cenário 1,Cabo Daciolo,Mobiliza,"0,06","2,45",06/08/2026,https://conectapiaui.com.br/noticia/pesquisas/rafael-e-lula-tem-larga-vantagem-sobre-adversarios-em-nova-pesquisa-vetor3-21101.html
F,BR-01894/2026,Instituto Vetor3,Presidente,Piauí,1,Cenário 1,Branco/Nulo/Nenhum,,"2,75","2,45",06/08/2026,https://conectapiaui.com.br/noticia/pesquisas/rafael-e-lula-tem-larga-vantagem-sobre-adversarios-em-nova-pesquisa-vetor3-21101.html
F,BR-01894/2026,Instituto Vetor3,Presidente,Piauí,1,Cenário 1,Indeciso/não sabe,,"5,93","2,45",06/08/2026,https://conectapiaui.com.br/noticia/pesquisas/rafael-e-lula-tem-larga-vantagem-sobre-adversarios-em-nova-pesquisa-vetor3-21101.html
F,BR-01784/2026,RealTime BigData,Presidente,Mato Grosso do Sul,1,Cenário 1,Flávio Bolsonaro,PL,"42,00",2,06/08/2026,https://static.poder360.com.br/uploads/2026/08/presidente-mato-grosso-do-sul-real-time-big-data-6ago.pdf
F,BR-01784/2026,RealTime BigData,Presidente,Mato Grosso do Sul,1,Cenário 1,Lula,PT,"34,00",2,06/08/2026,https://static.poder360.com.br/uploads/2026/08/presidente-mato-grosso-do-sul-real-time-big-data-6ago.pdf
F,BR-01784/2026,RealTime BigData,Presidente,Mato Grosso do Sul,1,Cenário 1,Renan Santos,Missão,"7,00",2,06/08/2026,https://static.poder360.com.br/uploads/2026/08/presidente-mato-grosso-do-sul-real-time-big-data-6ago.pdf
F,BR-01784/2026,RealTime BigData,Presidente,Mato Grosso do Sul,1,Cenário 1,Ronaldo Caiado,PSD,"6,00",2,06/08/2026,https://static.poder360.com.br/uploads/2026/08/presidente-mato-grosso-do-sul-real-time-big-data-6ago.pdf
F,BR-01784/2026,RealTime BigData,Presidente,Mato Grosso do Sul,1,Cenário 1,Romeu Zema,Novo,"1,00",2,06/08/2026,https://static.poder360.com.br/uploads/2026/08/presidente-mato-grosso-do-sul-real-time-big-data-6ago.pdf
F,BR-01784/2026,RealTime BigData,Presidente,Mato Grosso do Sul,1,Cenário 1,Augusto Cury,Avante,"1,00",2,06/08/2026,https://static.poder360.com.br/uploads/2026/08/presidente-mato-grosso-do-sul-real-time-big-data-6ago.pdf
F,BR-01784/2026,RealTime BigData,Presidente,Mato Grosso do Sul,1,Cenário 1,Outros,,"1,00",2,06/08/2026,https://static.poder360.com.br/uploads/2026/08/presidente-mato-grosso-do-sul-real-time-big-data-6ago.pdf
F,BR-01784/2026,RealTime BigData,Presidente,Mato Grosso do Sul,1,Cenário 1,Branco/Nulo/Nenhum,,"5,00",2,06/08/2026,https://static.poder360.com.br/uploads/2026/08/presidente-mato-grosso-do-sul-real-time-big-data-6ago.pdf
F,BR-01784/2026,RealTime BigData,Presidente,Mato Grosso do Sul,1,Cenário 1,Indeciso/não sabe,,"3,00",2,06/08/2026,https://static.poder360.com.br/uploads/2026/08/presidente-mato-grosso-do-sul-real-time-big-data-6ago.pdf
F,BR-01784/2026,RealTime BigData,Presidente,Mato Grosso do Sul,2,Cenário 1,Flávio Bolsonaro,PL,50,2,06/08/2026,https://static.poder360.com.br/uploads/2026/08/presidente-mato-grosso-do-sul-real-time-big-data-6ago.pdf
F,BR-01784/2026,RealTime BigData,Presidente,Mato Grosso do Sul,2,Cenário 1,Lula,PT,"38,00",2,06/08/2026,https://static.poder360.com.br/uploads/2026/08/presidente-mato-grosso-do-sul-real-time-big-data-6ago.pdf
F,BR-01784/2026,RealTime BigData,Presidente,Mato Grosso do Sul,2,Cenário 1,Branco/Nulo/Nenhum,,"7,00",2,06/08/2026,https://static.poder360.com.br/uploads/2026/08/presidente-mato-grosso-do-sul-real-time-big-data-6ago.pdf
F,BR-01784/2026,RealTime BigData,Presidente,Mato Grosso do Sul,2,Cenário 1,Indeciso/não sabe,,"5,00",2,06/08/2026,https://static.poder360.com.br/uploads/2026/08/presidente-mato-grosso-do-sul-real-time-big-data-6ago.pdf
F,AC-08354/2026,Instituto Delta,Governador,Acre,1,Cenário 1,Alan Rick,Republicanos,"40,36","3,1",22/03/2026,https://acreagora.com/2026/03/23/pesquisa-delta-tv-gazeta-alan-tem-4036-mailza-2078-e-acre-registra-1630-de-indecisos-para-2026/
F,AC-08354/2026,Instituto Delta,Governador,Acre,1,Cenário 1,Mailza Assis,PP,"20,78","3,1",22/03/2026,https://acreagora.com/2026/03/23/pesquisa-delta-tv-gazeta-alan-tem-4036-mailza-2078-e-acre-registra-1630-de-indecisos-para-2026/
F,AC-08354/2026,Instituto Delta,Governador,Acre,1,Cenário 1,Tião Bocalom,PSDB,"15,60","3,1",22/03/2026,https://acreagora.com/2026/03/23/pesquisa-delta-tv-gazeta-alan-tem-4036-mailza-2078-e-acre-registra-1630-de-indecisos-para-2026/
F,AC-08354/2026,Instituto Delta,Governador,Acre,1,Cenário 1,Thor Dantas,PSB,"2,68","3,1",22/03/2026,https://acreagora.com/2026/03/23/pesquisa-delta-tv-gazeta-alan-tem-4036-mailza-2078-e-acre-registra-1630-de-indecisos-para-2026/
F,AC-08354/2026,Instituto Delta,Governador,Acre,1,Cenário 1,Dr. Luizinho,Agir,"0,60","3,1",22/03/2026,https://acreagora.com/2026/03/23/pesquisa-delta-tv-gazeta-alan-tem-4036-mailza-2078-e-acre-registra-1630-de-indecisos-para-2026/
F,AC-08354/2026,Instituto Delta,Governador,Acre,1,Cenário 1,Branco/Nulo/Nenhum,,"3,68","3,1",22/03/2026,https://acreagora.com/2026/03/23/pesquisa-delta-tv-gazeta-alan-tem-4036-mailza-2078-e-acre-registra-1630-de-indecisos-para-2026/
F,AC-08354/2026,Instituto Delta,Governador,Acre,1,Cenário 1,Indeciso/não sabe,,"16,30","3,1",22/03/2026,https://acreagora.com/2026/03/23/pesquisa-delta-tv-gazeta-alan-tem-4036-mailza-2078-e-acre-registra-1630-de-indecisos-para-2026/
F,AC-08882/2026,Veritá,Governador,Acre,1,Cenário 1,Alan Rick,Republicanos,"41,30","3,5",02/04/2026,https://contilnetnoticias.com.br/politica/instituto-verita-alan-rick-amplia-vantagem-na-disputa-ao-governo-do-acre/
F,AC-08882/2026,Veritá,Governador,Acre,1,Cenário 1,Tião Bocalom,PSDB,"26,00","3,5",02/04/2026,https://contilnetnoticias.com.br/politica/instituto-verita-alan-rick-amplia-vantagem-na-disputa-ao-governo-do-acre/
F,AC-08882/2026,Veritá,Governador,Acre,1,Cenário 1,Mailza Assis,PP,"25,00","3,5",02/04/2026,https://contilnetnoticias.com.br/politica/instituto-verita-alan-rick-amplia-vantagem-na-disputa-ao-governo-do-acre/
F,AC-08882/2026,Veritá,Governador,Acre,1,Cenário 1,Thor Dantas,PSB,"7,70","3,5",02/04/2026,https://contilnetnoticias.com.br/politica/instituto-verita-alan-rick-amplia-vantagem-na-disputa-ao-governo-do-acre/
F,AC-08882/2026,Veritá,Governador,Acre,1,Cenário 1,Branco/Nulo/Nenhum,,"11,80","3,5",02/04/2026,https://contilnetnoticias.com.br/politica/instituto-verita-alan-rick-amplia-vantagem-na-disputa-ao-governo-do-acre/
F,AC-08882/2026,Veritá,Governador,Acre,1,Cenário 1,Indeciso/não sabe,,"21,90","3,5",02/04/2026,https://contilnetnoticias.com.br/politica/instituto-verita-alan-rick-amplia-vantagem-na-disputa-ao-governo-do-acre/
F,AC-02978/2026,Instituto Delta,Governador,Acre,1,Cenário 1,Alan Rick,Republicanos,"39,60","3,1",04/05/2026,https://www.acreaovivo.com/noticia/199430/alan-rick-lidera-corrida-pelo-governo-com-39-6-aponta-pesquisa-delta
F,AC-02978/2026,Instituto Delta,Governador,Acre,1,Cenário 1,Tião Bocalom,PSDB,"18,19","3,1",04/05/2026,https://www.acreaovivo.com/noticia/199430/alan-rick-lidera-corrida-pelo-governo-com-39-6-aponta-pesquisa-delta
F,AC-02978/2026,Instituto Delta,Governador,Acre,1,Cenário 1,Mailza Assis,PP,"16,50","3,1",04/05/2026,https://www.acreaovivo.com/noticia/199430/alan-rick-lidera-corrida-pelo-governo-com-39-6-aponta-pesquisa-delta
F,AC-02978/2026,Instituto Delta,Governador,Acre,1,Cenário 1,Thor Dantas,PSB,"1,79","3,1",04/05/2026,https://www.acreaovivo.com/noticia/199430/alan-rick-lidera-corrida-pelo-governo-com-39-6-aponta-pesquisa-delta
F,AC-02978/2026,Instituto Delta,Governador,Acre,1,Cenário 1,Dr. Luizinho,Agir,"0,60","3,1",04/05/2026,https://www.acreaovivo.com/noticia/199430/alan-rick-lidera-corrida-pelo-governo-com-39-6-aponta-pesquisa-delta
F,AC-02978/2026,Instituto Delta,Governador,Acre,1,Cenário 1,Branco/Nulo/Nenhum,,"4,57","3,1",04/05/2026,https://www.acreaovivo.com/noticia/199430/alan-rick-lidera-corrida-pelo-governo-com-39-6-aponta-pesquisa-delta
F,AC-02978/2026,Instituto Delta,Governador,Acre,1,Cenário 1,Indeciso/não sabe,,"19,28","3,1",04/05/2026,https://www.acreaovivo.com/noticia/199430/alan-rick-lidera-corrida-pelo-governo-com-39-6-aponta-pesquisa-delta
F,AC-02978/2026,Instituto Delta,Governador,Acre,2,Cenário 1,Alan Rick,Republicanos,"51,19","3,1",04/05/2026,https://www.acreaovivo.com/noticia/199430/alan-rick-lidera-corrida-pelo-governo-com-39-6-aponta-pesquisa-delta
F,AC-02978/2026,Instituto Delta,Governador,Acre,2,Cenário 1,Mailza Assis,PP,"25,05","3,1",04/05/2026,https://www.acreaovivo.com/noticia/199430/alan-rick-lidera-corrida-pelo-governo-com-39-6-aponta-pesquisa-delta
F,AC-02978/2026,Instituto Delta,Governador,Acre,2,Cenário 1,Branco/Nulo/Nenhum,,"5,57","3,1",04/05/2026,https://www.acreaovivo.com/noticia/199430/alan-rick-lidera-corrida-pelo-governo-com-39-6-aponta-pesquisa-delta
F,AC-02978/2026,Instituto Delta,Governador,Acre,2,Cenário 1,Indeciso/não sabe,,"18,19","3,1",04/05/2026,https://www.acreaovivo.com/noticia/199430/alan-rick-lidera-corrida-pelo-governo-com-39-6-aponta-pesquisa-delta
F,AC-02978/2026,Instituto Delta,Governador,Acre,2,Cenário 2,Alan Rick,Republicanos,"55,47","3,1",04/05/2026,https://www.acreaovivo.com/noticia/199430/alan-rick-lidera-corrida-pelo-governo-com-39-6-aponta-pesquisa-delta
F,AC-02978/2026,Instituto Delta,Governador,Acre,2,Cenário 2,Tião Bocalom,PSDB,"21,67","3,1",04/05/2026,https://www.acreaovivo.com/noticia/199430/alan-rick-lidera-corrida-pelo-governo-com-39-6-aponta-pesquisa-delta
F,AC-02978/2026,Instituto Delta,Governador,Acre,2,Cenário 2,Branco/Nulo/Nenhum,,"5,46","3,1",04/05/2026,https://www.acreaovivo.com/noticia/199430/alan-rick-lidera-corrida-pelo-governo-com-39-6-aponta-pesquisa-delta
F,AC-02978/2026,Instituto Delta,Governador,Acre,2,Cenário 2,Indeciso/não sabe,,"17,40","3,1",04/05/2026,https://www.acreaovivo.com/noticia/199430/alan-rick-lidera-corrida-pelo-governo-com-39-6-aponta-pesquisa-delta
F,AC-02978/2026,Instituto Delta,Governador,Acre,2,Cenário 3,Mailza Assis,PP,"38,47","3,1",04/05/2026,https://www.acreaovivo.com/noticia/199430/alan-rick-lidera-corrida-pelo-governo-com-39-6-aponta-pesquisa-delta
F,AC-02978/2026,Instituto Delta,Governador,Acre,2,Cenário 3,Tião Bocalom,PSDB,"30,62","3,1",04/05/2026,https://www.acreaovivo.com/noticia/199430/alan-rick-lidera-corrida-pelo-governo-com-39-6-aponta-pesquisa-delta
F,AC-02978/2026,Instituto Delta,Governador,Acre,2,Cenário 3,Branco/Nulo/Nenhum,,"8,65","3,1",04/05/2026,https://www.acreaovivo.com/noticia/199430/alan-rick-lidera-corrida-pelo-governo-com-39-6-aponta-pesquisa-delta
F,AC-02978/2026,Instituto Delta,Governador,Acre,2,Cenário 3,Indeciso/não sabe,,"22,26","3,1",04/05/2026,https://www.acreaovivo.com/noticia/199430/alan-rick-lidera-corrida-pelo-governo-com-39-6-aponta-pesquisa-delta
F,AC-09967/2026,Instituto Delta,Governador,Acre,1,Cenário 1,Alan Rick,Republicanos,"42,00","3,5",24/05/2026,https://folhadoacre.com.br/2026/05/pesquisa-delta-alan-rick-lidera-com-42-das-intencoes-de-votos-e-venceria-bocalom-ou-mailza-em-um-eventual-2o-turno/
F,AC-09967/2026,Instituto Delta,Governador,Acre,1,Cenário 1,Mailza Assis,PP,"16,12","3,5",24/05/2026,https://folhadoacre.com.br/2026/05/pesquisa-delta-alan-rick-lidera-com-42-das-intencoes-de-votos-e-venceria-bocalom-ou-mailza-em-um-eventual-2o-turno/
F,AC-09967/2026,Instituto Delta,Governador,Acre,1,Cenário 1,Tião Bocalom,PSDB,"15,88","3,5",24/05/2026,https://folhadoacre.com.br/2026/05/pesquisa-delta-alan-rick-lidera-com-42-das-intencoes-de-votos-e-venceria-bocalom-ou-mailza-em-um-eventual-2o-turno/
F,AC-09967/2026,Instituto Delta,Governador,Acre,1,Cenário 1,Thor Dantas,PSB,"1,50","3,5",24/05/2026,https://folhadoacre.com.br/2026/05/pesquisa-delta-alan-rick-lidera-com-42-das-intencoes-de-votos-e-venceria-bocalom-ou-mailza-em-um-eventual-2o-turno/
F,AC-09967/2026,Instituto Delta,Governador,Acre,1,Cenário 1,Branco/Nulo/Nenhum,,"3,12","3,5",24/05/2026,https://folhadoacre.com.br/2026/05/pesquisa-delta-alan-rick-lidera-com-42-das-intencoes-de-votos-e-venceria-bocalom-ou-mailza-em-um-eventual-2o-turno/
F,AC-09967/2026,Instituto Delta,Governador,Acre,1,Cenário 1,Indeciso/não sabe,,"21,37","3,5",24/05/2026,https://folhadoacre.com.br/2026/05/pesquisa-delta-alan-rick-lidera-com-42-das-intencoes-de-votos-e-venceria-bocalom-ou-mailza-em-um-eventual-2o-turno/
F,AC-09967/2026,Instituto Delta,Governador,Acre,2,Cenário 1,Alan Rick,Republicanos,"58,38","3,5",24/05/2026,https://folhadoacre.com.br/2026/05/pesquisa-delta-alan-rick-lidera-com-42-das-intencoes-de-votos-e-venceria-bocalom-ou-mailza-em-um-eventual-2o-turno/
F,AC-09967/2026,Instituto Delta,Governador,Acre,2,Cenário 1,Tião Bocalom,PSDB,"21,00","3,5",24/05/2026,https://folhadoacre.com.br/2026/05/pesquisa-delta-alan-rick-lidera-com-42-das-intencoes-de-votos-e-venceria-bocalom-ou-mailza-em-um-eventual-2o-turno/
F,AC-09967/2026,Instituto Delta,Governador,Acre,2,Cenário 1,Branco/Nulo/Nenhum,,"6,50","3,5",24/05/2026,https://folhadoacre.com.br/2026/05/pesquisa-delta-alan-rick-lidera-com-42-das-intencoes-de-votos-e-venceria-bocalom-ou-mailza-em-um-eventual-2o-turno/
F,AC-09967/2026,Instituto Delta,Governador,Acre,2,Cenário 1,Indeciso/não sabe,,"14,12","3,5",24/05/2026,https://folhadoacre.com.br/2026/05/pesquisa-delta-alan-rick-lidera-com-42-das-intencoes-de-votos-e-venceria-bocalom-ou-mailza-em-um-eventual-2o-turno/
F,AC-09967/2026,Instituto Delta,Governador,Acre,2,Cenário 2,Alan Rick,Republicanos,58,"3,5",24/05/2026,https://folhadoacre.com.br/2026/05/pesquisa-delta-alan-rick-lidera-com-42-das-intencoes-de-votos-e-venceria-bocalom-ou-mailza-em-um-eventual-2o-turno/
F,AC-09967/2026,Instituto Delta,Governador,Acre,2,Cenário 2,Mailza Assis,PP,"21,62","3,5",24/05/2026,https://folhadoacre.com.br/2026/05/pesquisa-delta-alan-rick-lidera-com-42-das-intencoes-de-votos-e-venceria-bocalom-ou-mailza-em-um-eventual-2o-turno/
F,AC-09967/2026,Instituto Delta,Governador,Acre,2,Cenário 2,Indeciso/não sabe,,"14,50","3,5",24/05/2026,https://folhadoacre.com.br/2026/05/pesquisa-delta-alan-rick-lidera-com-42-das-intencoes-de-votos-e-venceria-bocalom-ou-mailza-em-um-eventual-2o-turno/
F,AC-09967/2026,Instituto Delta,Governador,Acre,2,Cenário 3,Alan Rick,Republicanos,"42,00","3,5",24/05/2026,https://folhadoacre.com.br/2026/05/pesquisa-delta-alan-rick-lidera-com-42-das-intencoes-de-votos-e-venceria-bocalom-ou-mailza-em-um-eventual-2o-turno/
F,AC-09967/2026,Instituto Delta,Governador,Acre,2,Cenário 3,Mailza Assis,PP,"30,12","3,5",24/05/2026,https://folhadoacre.com.br/2026/05/pesquisa-delta-alan-rick-lidera-com-42-das-intencoes-de-votos-e-venceria-bocalom-ou-mailza-em-um-eventual-2o-turno/
F,AC-09967/2026,Instituto Delta,Governador,Acre,2,Cenário 3,Branco/Nulo/Nenhum,,"9,12","3,5",24/05/2026,https://folhadoacre.com.br/2026/05/pesquisa-delta-alan-rick-lidera-com-42-das-intencoes-de-votos-e-venceria-bocalom-ou-mailza-em-um-eventual-2o-turno/
F,DF-09796/2026,Instituto Gazeta,Governador,Distrito Federal,1,Cenário 1,Celina Leão,PP,"33,10","2,2",21/07/2026,https://static.poder360.com.br/uploads/2026/07/RELATORIO-IGAPE-BRASILIA-JULHO-2026-DF-09796-2026_compressed.pdf
F,DF-09796/2026,Instituto Gazeta,Governador,Distrito Federal,1,Cenário 1,Arruda,PSD,"25,80","2,2",21/07/2026,https://static.poder360.com.br/uploads/2026/07/RELATORIO-IGAPE-BRASILIA-JULHO-2026-DF-09796-2026_compressed.pdf
F,DF-09796/2026,Instituto Gazeta,Governador,Distrito Federal,1,Cenário 1,Leandro Grass,PT,"9,60","2,2",21/07/2026,https://static.poder360.com.br/uploads/2026/07/RELATORIO-IGAPE-BRASILIA-JULHO-2026-DF-09796-2026_compressed.pdf
F,DF-09796/2026,Instituto Gazeta,Governador,Distrito Federal,1,Cenário 1,Izalci Lucas,PL,"4,70","2,2",21/07/2026,https://static.poder360.com.br/uploads/2026/07/RELATORIO-IGAPE-BRASILIA-JULHO-2026-DF-09796-2026_compressed.pdf
F,DF-09796/2026,Instituto Gazeta,Governador,Distrito Federal,1,Cenário 1,Ricardo Cappelli,PSB,"4,00","2,2",21/07/2026,https://static.poder360.com.br/uploads/2026/07/RELATORIO-IGAPE-BRASILIA-JULHO-2026-DF-09796-2026_compressed.pdf
F,DF-09796/2026,Instituto Gazeta,Governador,Distrito Federal,1,Cenário 1,Paula Belmonte,PSDB,"3,90","2,2",21/07/2026,https://static.poder360.com.br/uploads/2026/07/RELATORIO-IGAPE-BRASILIA-JULHO-2026-DF-09796-2026_compressed.pdf
F,DF-09796/2026,Instituto Gazeta,Governador,Distrito Federal,1,Cenário 1,Kiko Caputo,Novo,"2,40","2,2",21/07/2026,https://static.poder360.com.br/uploads/2026/07/RELATORIO-IGAPE-BRASILIA-JULHO-2026-DF-09796-2026_compressed.pdf
F,DF-09796/2026,Instituto Gazeta,Governador,Distrito Federal,1,Cenário 1,Indeciso/não sabe,,"16,60","2,2",21/07/2026,https://static.poder360.com.br/uploads/2026/07/RELATORIO-IGAPE-BRASILIA-JULHO-2026-DF-09796-2026_compressed.pdf
F,DF-04765/2026,Instituto França,Governador,Distrito Federal,1,Cenário 1,Celina Leão,PP,"26,42",3,26/06/2026,https://static.poder360.com.br/uploads/2026/07/pesquisa-franca-bsb.pdf
F,DF-04765/2026,Instituto França,Governador,Distrito Federal,1,Cenário 1,Arruda,PSD,"20,15",3,26/06/2026,https://static.poder360.com.br/uploads/2026/07/pesquisa-franca-bsb.pdf
F,DF-04765/2026,Instituto França,Governador,Distrito Federal,1,Cenário 1,Leandro Grass,PT,"13,73",3,26/06/2026,https://static.poder360.com.br/uploads/2026/07/pesquisa-franca-bsb.pdf
F,DF-04765/2026,Instituto França,Governador,Distrito Federal,1,Cenário 1,Izalci Lucas,PL,"3,58",3,26/06/2026,https://static.poder360.com.br/uploads/2026/07/pesquisa-franca-bsb.pdf
F,DF-04765/2026,Instituto França,Governador,Distrito Federal,1,Cenário 1,Rafael Prudente,MDB,"3,58",3,26/06/2026,https://static.poder360.com.br/uploads/2026/07/pesquisa-franca-bsb.pdf
F,DF-04765/2026,Instituto França,Governador,Distrito Federal,1,Cenário 1,Ricardo Cappelli,PSB,"3,58",3,26/06/2026,https://static.poder360.com.br/uploads/2026/07/pesquisa-franca-bsb.pdf
F,DF-04765/2026,Instituto França,Governador,Distrito Federal,1,Cenário 1,Kiko Caputo,Novo,"2,09",3,26/06/2026,https://static.poder360.com.br/uploads/2026/07/pesquisa-franca-bsb.pdf
F,DF-04765/2026,Instituto França,Governador,Distrito Federal,1,Cenário 1,Paula Belmonte,PSDB,"2,09",3,26/06/2026,https://static.poder360.com.br/uploads/2026/07/pesquisa-franca-bsb.pdf
F,DF-04765/2026,Instituto França,Governador,Distrito Federal,1,Cenário 1,Branco/Nulo/Nenhum,,"9,70",3,26/06/2026,https://static.poder360.com.br/uploads/2026/07/pesquisa-franca-bsb.pdf
F,DF-04765/2026,Instituto França,Governador,Distrito Federal,1,Cenário 1,Indeciso/não sabe,,"15,08",3,26/06/2026,https://static.poder360.com.br/uploads/2026/07/pesquisa-franca-bsb.pdf
F,DF-04765/2026,Instituto França,Governador,Distrito Federal,1,Cenário 2,Celina Leão,PP,"28,81",3,26/06/2026,https://static.poder360.com.br/uploads/2026/07/pesquisa-franca-bsb.pdf
F,DF-04765/2026,Instituto França,Governador,Distrito Federal,1,Cenário 2,Arruda,PSD,"20,60",3,26/06/2026,https://static.poder360.com.br/uploads/2026/07/pesquisa-franca-bsb.pdf
F,DF-04765/2026,Instituto França,Governador,Distrito Federal,1,Cenário 2,Leandro Grass,PT,"16,12",3,26/06/2026,https://static.poder360.com.br/uploads/2026/07/pesquisa-franca-bsb.pdf
F,DF-04765/2026,Instituto França,Governador,Distrito Federal,1,Cenário 2,Izalci Lucas,PL,"4,78",3,26/06/2026,https://static.poder360.com.br/uploads/2026/07/pesquisa-franca-bsb.pdf
F,DF-04765/2026,Instituto França,Governador,Distrito Federal,1,Cenário 2,Rafael Prudente,MDB,"4,03",3,26/06/2026,https://static.poder360.com.br/uploads/2026/07/pesquisa-franca-bsb.pdf
F,DF-04765/2026,Instituto França,Governador,Distrito Federal,1,Cenário 2,Branco/Nulo/Nenhum,,"11,04",3,26/06/2026,https://static.poder360.com.br/uploads/2026/07/pesquisa-franca-bsb.pdf
F,DF-04765/2026,Instituto França,Governador,Distrito Federal,1,Cenário 2,Indeciso/não sabe,,"14,62",3,26/06/2026,https://static.poder360.com.br/uploads/2026/07/pesquisa-franca-bsb.pdf
F,BR-06776/2026,Instituto França,Presidente,Distrito Federal,1,Cenário 1,Lula,PT,"33,73",3,26/06/2026,https://static.poder360.com.br/uploads/2026/07/pesquisa-franca-bsb.pdf
F,BR-06776/2026,Instituto França,Presidente,Distrito Federal,1,Cenário 1,Flávio Bolsonaro,PL,"32,84",3,26/06/2026,https://static.poder360.com.br/uploads/2026/07/pesquisa-franca-bsb.pdf
F,BR-06776/2026,Instituto França,Presidente,Distrito Federal,1,Cenário 1,Ronaldo Caiado,PSD,"8,96",3,26/06/2026,https://static.poder360.com.br/uploads/2026/07/pesquisa-franca-bsb.pdf
F,BR-06776/2026,Instituto França,Presidente,Distrito Federal,1,Cenário 1,Renan Santos,Missão,"3,13",3,26/06/2026,https://static.poder360.com.br/uploads/2026/07/pesquisa-franca-bsb.pdf
F,BR-06776/2026,Instituto França,Presidente,Distrito Federal,1,Cenário 1,Romeu Zema,Novo,"1,34",3,26/06/2026,https://static.poder360.com.br/uploads/2026/07/pesquisa-franca-bsb.pdf
F,BR-06776/2026,Instituto França,Presidente,Distrito Federal,1,Cenário 1,Joaquim Barbosa,DC,"1,19",3,26/06/2026,https://static.poder360.com.br/uploads/2026/07/pesquisa-franca-bsb.pdf
F,BR-06776/2026,Instituto França,Presidente,Distrito Federal,1,Cenário 1,Augusto Cury,Avante,"0,90",3,26/06/2026,https://static.poder360.com.br/uploads/2026/07/pesquisa-franca-bsb.pdf
F,BR-06776/2026,Instituto França,Presidente,Distrito Federal,1,Cenário 1,Cabo Daciolo,Mobiliza,"0,30",3,26/06/2026,https://static.poder360.com.br/uploads/2026/07/pesquisa-franca-bsb.pdf
F,BR-06776/2026,Instituto França,Presidente,Distrito Federal,1,Cenário 1,Samara Martins,UP,"0,30",3,26/06/2026,https://static.poder360.com.br/uploads/2026/07/pesquisa-franca-bsb.pdf
F,BR-06776/2026,Instituto França,Presidente,Distrito Federal,1,Cenário 1,Aécio Neves,PSDB,"0,15",3,26/06/2026,https://static.poder360.com.br/uploads/2026/07/pesquisa-franca-bsb.pdf
F,BR-06776/2026,Instituto França,Presidente,Distrito Federal,1,Cenário 1,Branco/Nulo/Nenhum,,"5,37",3,26/06/2026,https://static.poder360.com.br/uploads/2026/07/pesquisa-franca-bsb.pdf
F,BR-06776/2026,Instituto França,Presidente,Distrito Federal,1,Cenário 1,Indeciso/não sabe,,"11,79",3,26/06/2026,https://static.poder360.com.br/uploads/2026/07/pesquisa-franca-bsb.pdf
F,BR-06776/2026,Instituto França,Presidente,Distrito Federal,2,Cenário 1,Flávio Bolsonaro,PL,"41,49",3,26/06/2026,https://static.poder360.com.br/uploads/2026/07/pesquisa-franca-bsb.pdf
F,BR-06776/2026,Instituto França,Presidente,Distrito Federal,2,Cenário 1,Lula,PT,"39,70",3,26/06/2026,https://static.poder360.com.br/uploads/2026/07/pesquisa-franca-bsb.pdf
F,BR-06776/2026,Instituto França,Presidente,Distrito Federal,2,Cenário 1,Branco/Nulo/Nenhum,,"12,84",3,26/06/2026,https://static.poder360.com.br/uploads/2026/07/pesquisa-franca-bsb.pdf
F,BR-06776/2026,Instituto França,Presidente,Distrito Federal,2,Cenário 1,Indeciso/não sabe,,"5,97",3,26/06/2026,https://static.poder360.com.br/uploads/2026/07/pesquisa-franca-bsb.pdf
F,RN-06579/2026,Data Capital,Governador,Rio Grande do Norte,1,Cenário 1,Allyson Bezerra,União Brasil,"40,00","2,2",05/08/2026,https://portaldatropical.com.br/news/pesquisa-data-capital-allyson-bezerra-lidera-disputa-pelo-governo-do-rn
F,RN-06579/2026,Data Capital,Governador,Rio Grande do Norte,1,Cenário 1,Álvaro Dias,PL,"26,00","2,2",05/08/2026,https://portaldatropical.com.br/news/pesquisa-data-capital-allyson-bezerra-lidera-disputa-pelo-governo-do-rn
F,RN-06579/2026,Data Capital,Governador,Rio Grande do Norte,1,Cenário 1,Cadu de Lula,PT,"20,00","2,2",05/08/2026,https://portaldatropical.com.br/news/pesquisa-data-capital-allyson-bezerra-lidera-disputa-pelo-governo-do-rn
F,RN-06579/2026,Data Capital,Governador,Rio Grande do Norte,1,Cenário 1,Robério Paulino,PSOL,"3,00","2,2",05/08/2026,https://portaldatropical.com.br/news/pesquisa-data-capital-allyson-bezerra-lidera-disputa-pelo-governo-do-rn
F,RN-06579/2026,Data Capital,Governador,Rio Grande do Norte,1,Cenário 1,Rodrigo Bolsonaro,AGIR,"1,00","2,2",05/08/2026,https://portaldatropical.com.br/news/pesquisa-data-capital-allyson-bezerra-lidera-disputa-pelo-governo-do-rn
F,RN-06579/2026,Data Capital,Governador,Rio Grande do Norte,1,Cenário 1,Indeciso/não sabe,,"6,00","2,2",05/08/2026,https://portaldatropical.com.br/news/pesquisa-data-capital-allyson-bezerra-lidera-disputa-pelo-governo-do-rn
F,RN-06579/2026,Data Capital,Governador,Rio Grande do Norte,1,Cenário 1,Branco/Nulo/Nenhum,,"4,00","2,2",05/08/2026,https://portaldatropical.com.br/news/pesquisa-data-capital-allyson-bezerra-lidera-disputa-pelo-governo-do-rn
F,RN-06579/2026,Data Capital,Governador,Rio Grande do Norte,2,Cenário 1,Allyson Bezerra,União Brasil,"52,00","2,2",05/08/2026,https://portaldatropical.com.br/news/pesquisa-data-capital-allyson-bezerra-lidera-disputa-pelo-governo-do-rn
F,RN-06579/2026,Data Capital,Governador,Rio Grande do Norte,2,Cenário 1,Álvaro Dias,PL,"34,00","2,2",05/08/2026,https://portaldatropical.com.br/news/pesquisa-data-capital-allyson-bezerra-lidera-disputa-pelo-governo-do-rn
F,RN-06579/2026,Data Capital,Governador,Rio Grande do Norte,2,Cenário 1,Indeciso/não sabe,,"7,00","2,2",05/08/2026,https://portaldatropical.com.br/news/pesquisa-data-capital-allyson-bezerra-lidera-disputa-pelo-governo-do-rn
F,RN-06579/2026,Data Capital,Governador,Rio Grande do Norte,2,Cenário 1,Branco/Nulo/Nenhum,,"7,00",1.1,05/08/2026,https://portaldatropical.com.br/news/pesquisa-data-capital-allyson-bezerra-lidera-disputa-pelo-governo-do-rn
F,RN-06579/2026,Data Capital,Governador,Rio Grande do Norte,2,Cenário 2,Allyson Bezerra,União Brasil,"56,00",1.1,05/08/2026,https://portaldatropical.com.br/news/pesquisa-data-capital-allyson-bezerra-lidera-disputa-pelo-governo-do-rn
F,RN-06579/2026,Data Capital,Governador,Rio Grande do Norte,2,Cenário 2,Cadu de Lula,PT,"31,00",1.1,05/08/2026,https://portaldatropical.com.br/news/pesquisa-data-capital-allyson-bezerra-lidera-disputa-pelo-governo-do-rn
F,RN-06579/2026,Data Capital,Governador,Rio Grande do Norte,2,Cenário 2,Indeciso/não sabe,,"6,00",1.1,05/08/2026,https://portaldatropical.com.br/news/pesquisa-data-capital-allyson-bezerra-lidera-disputa-pelo-governo-do-rn
F,RN-06579/2026,Data Capital,Governador,Rio Grande do Norte,2,Cenário 2,Branco/Nulo/Nenhum,,"7,00",1.1,05/08/2026,https://portaldatropical.com.br/news/pesquisa-data-capital-allyson-bezerra-lidera-disputa-pelo-governo-do-rn
F,RN-06579/2026,Data Capital,Governador,Rio Grande do Norte,2,Cenário 3,Álvaro Dias,PL,"47,00",1.1,05/08/2026,https://portaldatropical.com.br/news/pesquisa-data-capital-allyson-bezerra-lidera-disputa-pelo-governo-do-rn
F,RN-06579/2026,Data Capital,Governador,Rio Grande do Norte,2,Cenário 3,Cadu de Lula,PT,"38,00",1.1,05/08/2026,https://portaldatropical.com.br/news/pesquisa-data-capital-allyson-bezerra-lidera-disputa-pelo-governo-do-rn
F,RN-06579/2026,Data Capital,Governador,Rio Grande do Norte,2,Cenário 3,Indeciso/não sabe,,"7,00",1.1,05/08/2026,https://portaldatropical.com.br/news/pesquisa-data-capital-allyson-bezerra-lidera-disputa-pelo-governo-do-rn
F,RN-06579/2026,Data Capital,Governador,Rio Grande do Norte,2,Cenário 3,Branco/Nulo/Nenhum,,"8,00",1.1,05/08/2026,https://portaldatropical.com.br/news/pesquisa-data-capital-allyson-bezerra-lidera-disputa-pelo-governo-do-rn
